[2025-07-03 02:44:54] local.ERROR: Call to undefined method App\Http\Controllers\AbsensiController::simpan() {"exception":"[object] (Error(code: 0): Call to undefined method App\\Http\\Controllers\\AbsensiController::simpan() at D:\\laragon\\www\\rekap\\vendor\\laravel\\framework\\src\\Illuminate\\Routing\\ControllerDispatcher.php:46)
[stacktrace]
#0 D:\\laragon\\www\\rekap\\vendor\\laravel\\framework\\src\\Illuminate\\Routing\\Route.php(265): Illuminate\\Routing\\ControllerDispatcher->dispatch(Object(Illuminate\\Routing\\Route), Object(App\\Http\\Controllers\\AbsensiController), 'simpan')
#1 D:\\laragon\\www\\rekap\\vendor\\laravel\\framework\\src\\Illuminate\\Routing\\Route.php(211): Illuminate\\Routing\\Route->runController()
#2 D:\\laragon\\www\\rekap\\vendor\\laravel\\framework\\src\\Illuminate\\Routing\\Router.php(808): Illuminate\\Routing\\Route->run()
#3 D:\\laragon\\www\\rekap\\vendor\\laravel\\framework\\src\\Illuminate\\Pipeline\\Pipeline.php(169): Illuminate\\Routing\\Router->Illuminate\\Routing\\{closure}(Object(Illuminate\\Http\\Request))
#4 D:\\laragon\\www\\rekap\\vendor\\laravel\\framework\\src\\Illuminate\\Routing\\Middleware\\SubstituteBindings.php(50): Illuminate\\Pipeline\\Pipeline->Illuminate\\Pipeline\\{closure}(Object(Illuminate\\Http\\Request))
#5 D:\\laragon\\www\\rekap\\vendor\\laravel\\framework\\src\\Illuminate\\Pipeline\\Pipeline.php(208): Illuminate\\Routing\\Middleware\\SubstituteBindings->handle(Object(Illuminate\\Http\\Request), Object(Closure))
#6 D:\\laragon\\www\\rekap\\vendor\\laravel\\framework\\src\\Illuminate\\Foundation\\Http\\Middleware\\VerifyCsrfToken.php(87): Illuminate\\Pipeline\\Pipeline->Illuminate\\Pipeline\\{closure}(Object(Illuminate\\Http\\Request))
#7 D:\\laragon\\www\\rekap\\vendor\\laravel\\framework\\src\\Illuminate\\Pipeline\\Pipeline.php(208): Illuminate\\Foundation\\Http\\Middleware\\VerifyCsrfToken->handle(Object(Illuminate\\Http\\Request), Object(Closure))
#8 D:\\laragon\\www\\rekap\\vendor\\laravel\\framework\\src\\Illuminate\\View\\Middleware\\ShareErrorsFromSession.php(48): Illuminate\\Pipeline\\Pipeline->Illuminate\\Pipeline\\{closure}(Object(Illuminate\\Http\\Request))
#9 D:\\laragon\\www\\rekap\\vendor\\laravel\\framework\\src\\Illuminate\\Pipeline\\Pipeline.php(208): Illuminate\\View\\Middleware\\ShareErrorsFromSession->handle(Object(Illuminate\\Http\\Request), Object(Closure))
#10 D:\\laragon\\www\\rekap\\vendor\\laravel\\framework\\src\\Illuminate\\Session\\Middleware\\StartSession.php(120): Illuminate\\Pipeline\\Pipeline->Illuminate\\Pipeline\\{closure}(Object(Illuminate\\Http\\Request))
#11 D:\\laragon\\www\\rekap\\vendor\\laravel\\framework\\src\\Illuminate\\Session\\Middleware\\StartSession.php(63): Illuminate\\Session\\Middleware\\StartSession->handleStatefulRequest(Object(Illuminate\\Http\\Request), Object(Illuminate\\Session\\Store), Object(Closure))
#12 D:\\laragon\\www\\rekap\\vendor\\laravel\\framework\\src\\Illuminate\\Pipeline\\Pipeline.php(208): Illuminate\\Session\\Middleware\\StartSession->handle(Object(Illuminate\\Http\\Request), Object(Closure))
#13 D:\\laragon\\www\\rekap\\vendor\\laravel\\framework\\src\\Illuminate\\Cookie\\Middleware\\AddQueuedCookiesToResponse.php(36): Illuminate\\Pipeline\\Pipeline->Illuminate\\Pipeline\\{closure}(Object(Illuminate\\Http\\Request))
#14 D:\\laragon\\www\\rekap\\vendor\\laravel\\framework\\src\\Illuminate\\Pipeline\\Pipeline.php(208): Illuminate\\Cookie\\Middleware\\AddQueuedCookiesToResponse->handle(Object(Illuminate\\Http\\Request), Object(Closure))
#15 D:\\laragon\\www\\rekap\\vendor\\laravel\\framework\\src\\Illuminate\\Cookie\\Middleware\\EncryptCookies.php(74): Illuminate\\Pipeline\\Pipeline->Illuminate\\Pipeline\\{closure}(Object(Illuminate\\Http\\Request))
#16 D:\\laragon\\www\\rekap\\vendor\\laravel\\framework\\src\\Illuminate\\Pipeline\\Pipeline.php(208): Illuminate\\Cookie\\Middleware\\EncryptCookies->handle(Object(Illuminate\\Http\\Request), Object(Closure))
#17 D:\\laragon\\www\\rekap\\vendor\\laravel\\framework\\src\\Illuminate\\Pipeline\\Pipeline.php(126): Illuminate\\Pipeline\\Pipeline->Illuminate\\Pipeline\\{closure}(Object(Illuminate\\Http\\Request))
#18 D:\\laragon\\www\\rekap\\vendor\\laravel\\framework\\src\\Illuminate\\Routing\\Router.php(807): Illuminate\\Pipeline\\Pipeline->then(Object(Closure))
#19 D:\\laragon\\www\\rekap\\vendor\\laravel\\framework\\src\\Illuminate\\Routing\\Router.php(786): Illuminate\\Routing\\Router->runRouteWithinStack(Object(Illuminate\\Routing\\Route), Object(Illuminate\\Http\\Request))
#20 D:\\laragon\\www\\rekap\\vendor\\laravel\\framework\\src\\Illuminate\\Routing\\Router.php(750): Illuminate\\Routing\\Router->runRoute(Object(Illuminate\\Http\\Request), Object(Illuminate\\Routing\\Route))
#21 D:\\laragon\\www\\rekap\\vendor\\laravel\\framework\\src\\Illuminate\\Routing\\Router.php(739): Illuminate\\Routing\\Router->dispatchToRoute(Object(Illuminate\\Http\\Request))
#22 D:\\laragon\\www\\rekap\\vendor\\laravel\\framework\\src\\Illuminate\\Foundation\\Http\\Kernel.php(200): Illuminate\\Routing\\Router->dispatch(Object(Illuminate\\Http\\Request))
#23 D:\\laragon\\www\\rekap\\vendor\\laravel\\framework\\src\\Illuminate\\Pipeline\\Pipeline.php(169): Illuminate\\Foundation\\Http\\Kernel->Illuminate\\Foundation\\Http\\{closure}(Object(Illuminate\\Http\\Request))
#24 D:\\laragon\\www\\rekap\\vendor\\laravel\\framework\\src\\Illuminate\\Foundation\\Http\\Middleware\\TransformsRequest.php(21): Illuminate\\Pipeline\\Pipeline->Illuminate\\Pipeline\\{closure}(Object(Illuminate\\Http\\Request))
#25 D:\\laragon\\www\\rekap\\vendor\\laravel\\framework\\src\\Illuminate\\Foundation\\Http\\Middleware\\ConvertEmptyStringsToNull.php(31): Illuminate\\Foundation\\Http\\Middleware\\TransformsRequest->handle(Object(Illuminate\\Http\\Request), Object(Closure))
#26 D:\\laragon\\www\\rekap\\vendor\\laravel\\framework\\src\\Illuminate\\Pipeline\\Pipeline.php(208): Illuminate\\Foundation\\Http\\Middleware\\ConvertEmptyStringsToNull->handle(Object(Illuminate\\Http\\Request), Object(Closure))
#27 D:\\laragon\\www\\rekap\\vendor\\laravel\\framework\\src\\Illuminate\\Foundation\\Http\\Middleware\\TransformsRequest.php(21): Illuminate\\Pipeline\\Pipeline->Illuminate\\Pipeline\\{closure}(Object(Illuminate\\Http\\Request))
#28 D:\\laragon\\www\\rekap\\vendor\\laravel\\framework\\src\\Illuminate\\Foundation\\Http\\Middleware\\TrimStrings.php(51): Illuminate\\Foundation\\Http\\Middleware\\TransformsRequest->handle(Object(Illuminate\\Http\\Request), Object(Closure))
#29 D:\\laragon\\www\\rekap\\vendor\\laravel\\framework\\src\\Illuminate\\Pipeline\\Pipeline.php(208): Illuminate\\Foundation\\Http\\Middleware\\TrimStrings->handle(Object(Illuminate\\Http\\Request), Object(Closure))
#30 D:\\laragon\\www\\rekap\\vendor\\laravel\\framework\\src\\Illuminate\\Http\\Middleware\\ValidatePostSize.php(27): Illuminate\\Pipeline\\Pipeline->Illuminate\\Pipeline\\{closure}(Object(Illuminate\\Http\\Request))
#31 D:\\laragon\\www\\rekap\\vendor\\laravel\\framework\\src\\Illuminate\\Pipeline\\Pipeline.php(208): Illuminate\\Http\\Middleware\\ValidatePostSize->handle(Object(Illuminate\\Http\\Request), Object(Closure))
#32 D:\\laragon\\www\\rekap\\vendor\\laravel\\framework\\src\\Illuminate\\Foundation\\Http\\Middleware\\PreventRequestsDuringMaintenance.php(109): Illuminate\\Pipeline\\Pipeline->Illuminate\\Pipeline\\{closure}(Object(Illuminate\\Http\\Request))
#33 D:\\laragon\\www\\rekap\\vendor\\laravel\\framework\\src\\Illuminate\\Pipeline\\Pipeline.php(208): Illuminate\\Foundation\\Http\\Middleware\\PreventRequestsDuringMaintenance->handle(Object(Illuminate\\Http\\Request), Object(Closure))
#34 D:\\laragon\\www\\rekap\\vendor\\laravel\\framework\\src\\Illuminate\\Http\\Middleware\\HandleCors.php(48): Illuminate\\Pipeline\\Pipeline->Illuminate\\Pipeline\\{closure}(Object(Illuminate\\Http\\Request))
#35 D:\\laragon\\www\\rekap\\vendor\\laravel\\framework\\src\\Illuminate\\Pipeline\\Pipeline.php(208): Illuminate\\Http\\Middleware\\HandleCors->handle(Object(Illuminate\\Http\\Request), Object(Closure))
#36 D:\\laragon\\www\\rekap\\vendor\\laravel\\framework\\src\\Illuminate\\Http\\Middleware\\TrustProxies.php(58): Illuminate\\Pipeline\\Pipeline->Illuminate\\Pipeline\\{closure}(Object(Illuminate\\Http\\Request))
#37 D:\\laragon\\www\\rekap\\vendor\\laravel\\framework\\src\\Illuminate\\Pipeline\\Pipeline.php(208): Illuminate\\Http\\Middleware\\TrustProxies->handle(Object(Illuminate\\Http\\Request), Object(Closure))
#38 D:\\laragon\\www\\rekap\\vendor\\laravel\\framework\\src\\Illuminate\\Foundation\\Http\\Middleware\\InvokeDeferredCallbacks.php(22): Illuminate\\Pipeline\\Pipeline->Illuminate\\Pipeline\\{closure}(Object(Illuminate\\Http\\Request))
#39 D:\\laragon\\www\\rekap\\vendor\\laravel\\framework\\src\\Illuminate\\Pipeline\\Pipeline.php(208): Illuminate\\Foundation\\Http\\Middleware\\InvokeDeferredCallbacks->handle(Object(Illuminate\\Http\\Request), Object(Closure))
#40 D:\\laragon\\www\\rekap\\vendor\\laravel\\framework\\src\\Illuminate\\Http\\Middleware\\ValidatePathEncoding.php(26): Illuminate\\Pipeline\\Pipeline->Illuminate\\Pipeline\\{closure}(Object(Illuminate\\Http\\Request))
#41 D:\\laragon\\www\\rekap\\vendor\\laravel\\framework\\src\\Illuminate\\Pipeline\\Pipeline.php(208): Illuminate\\Http\\Middleware\\ValidatePathEncoding->handle(Object(Illuminate\\Http\\Request), Object(Closure))
#42 D:\\laragon\\www\\rekap\\vendor\\laravel\\framework\\src\\Illuminate\\Pipeline\\Pipeline.php(126): Illuminate\\Pipeline\\Pipeline->Illuminate\\Pipeline\\{closure}(Object(Illuminate\\Http\\Request))
#43 D:\\laragon\\www\\rekap\\vendor\\laravel\\framework\\src\\Illuminate\\Foundation\\Http\\Kernel.php(175): Illuminate\\Pipeline\\Pipeline->then(Object(Closure))
#44 D:\\laragon\\www\\rekap\\vendor\\laravel\\framework\\src\\Illuminate\\Foundation\\Http\\Kernel.php(144): Illuminate\\Foundation\\Http\\Kernel->sendRequestThroughRouter(Object(Illuminate\\Http\\Request))
#45 D:\\laragon\\www\\rekap\\vendor\\laravel\\framework\\src\\Illuminate\\Foundation\\Application.php(1219): Illuminate\\Foundation\\Http\\Kernel->handle(Object(Illuminate\\Http\\Request))
#46 D:\\laragon\\www\\rekap\\public\\index.php(20): Illuminate\\Foundation\\Application->handleRequest(Object(Illuminate\\Http\\Request))
#47 D:\\laragon\\www\\rekap\\vendor\\laravel\\framework\\src\\Illuminate\\Foundation\\resources\\server.php(23): require_once('D:\\\\laragon\\\\www\\\\...')
#48 {main}
"} 
[2025-07-03 06:03:33] local.ERROR: syntax error, unexpected token "if", expecting "function" {"exception":"[object] (ParseError(code: 0): syntax error, unexpected token \"if\", expecting \"function\" at D:\\laragon\\www\\rekap\\app\\Http\\Controllers\\AbsensiController.php:86)
[stacktrace]
#0 D:\\laragon\\www\\rekap\\vendor\\composer\\ClassLoader.php(427): Composer\\Autoload\\{closure}('D:\\\\laragon\\\\www\\\\...')
#1 [internal function]: Composer\\Autoload\\ClassLoader->loadClass('App\\\\Http\\\\Contro...')
#2 D:\\laragon\\www\\rekap\\vendor\\laravel\\framework\\src\\Illuminate\\Routing\\Route.php(1119): is_a('App\\\\Http\\\\Contro...', 'Illuminate\\\\Rout...', true)
#3 D:\\laragon\\www\\rekap\\vendor\\laravel\\framework\\src\\Illuminate\\Routing\\Route.php(1056): Illuminate\\Routing\\Route->controllerMiddleware()
#4 D:\\laragon\\www\\rekap\\vendor\\laravel\\framework\\src\\Illuminate\\Routing\\Router.php(820): Illuminate\\Routing\\Route->gatherMiddleware()
#5 D:\\laragon\\www\\rekap\\vendor\\laravel\\framework\\src\\Illuminate\\Routing\\Router.php(802): Illuminate\\Routing\\Router->gatherRouteMiddleware(Object(Illuminate\\Routing\\Route))
#6 D:\\laragon\\www\\rekap\\vendor\\laravel\\framework\\src\\Illuminate\\Routing\\Router.php(786): Illuminate\\Routing\\Router->runRouteWithinStack(Object(Illuminate\\Routing\\Route), Object(Illuminate\\Http\\Request))
#7 D:\\laragon\\www\\rekap\\vendor\\laravel\\framework\\src\\Illuminate\\Routing\\Router.php(750): Illuminate\\Routing\\Router->runRoute(Object(Illuminate\\Http\\Request), Object(Illuminate\\Routing\\Route))
#8 D:\\laragon\\www\\rekap\\vendor\\laravel\\framework\\src\\Illuminate\\Routing\\Router.php(739): Illuminate\\Routing\\Router->dispatchToRoute(Object(Illuminate\\Http\\Request))
#9 D:\\laragon\\www\\rekap\\vendor\\laravel\\framework\\src\\Illuminate\\Foundation\\Http\\Kernel.php(200): Illuminate\\Routing\\Router->dispatch(Object(Illuminate\\Http\\Request))
#10 D:\\laragon\\www\\rekap\\vendor\\laravel\\framework\\src\\Illuminate\\Pipeline\\Pipeline.php(169): Illuminate\\Foundation\\Http\\Kernel->Illuminate\\Foundation\\Http\\{closure}(Object(Illuminate\\Http\\Request))
#11 D:\\laragon\\www\\rekap\\vendor\\laravel\\framework\\src\\Illuminate\\Foundation\\Http\\Middleware\\TransformsRequest.php(21): Illuminate\\Pipeline\\Pipeline->Illuminate\\Pipeline\\{closure}(Object(Illuminate\\Http\\Request))
#12 D:\\laragon\\www\\rekap\\vendor\\laravel\\framework\\src\\Illuminate\\Foundation\\Http\\Middleware\\ConvertEmptyStringsToNull.php(31): Illuminate\\Foundation\\Http\\Middleware\\TransformsRequest->handle(Object(Illuminate\\Http\\Request), Object(Closure))
#13 D:\\laragon\\www\\rekap\\vendor\\laravel\\framework\\src\\Illuminate\\Pipeline\\Pipeline.php(208): Illuminate\\Foundation\\Http\\Middleware\\ConvertEmptyStringsToNull->handle(Object(Illuminate\\Http\\Request), Object(Closure))
#14 D:\\laragon\\www\\rekap\\vendor\\laravel\\framework\\src\\Illuminate\\Foundation\\Http\\Middleware\\TransformsRequest.php(21): Illuminate\\Pipeline\\Pipeline->Illuminate\\Pipeline\\{closure}(Object(Illuminate\\Http\\Request))
#15 D:\\laragon\\www\\rekap\\vendor\\laravel\\framework\\src\\Illuminate\\Foundation\\Http\\Middleware\\TrimStrings.php(51): Illuminate\\Foundation\\Http\\Middleware\\TransformsRequest->handle(Object(Illuminate\\Http\\Request), Object(Closure))
#16 D:\\laragon\\www\\rekap\\vendor\\laravel\\framework\\src\\Illuminate\\Pipeline\\Pipeline.php(208): Illuminate\\Foundation\\Http\\Middleware\\TrimStrings->handle(Object(Illuminate\\Http\\Request), Object(Closure))
#17 D:\\laragon\\www\\rekap\\vendor\\laravel\\framework\\src\\Illuminate\\Http\\Middleware\\ValidatePostSize.php(27): Illuminate\\Pipeline\\Pipeline->Illuminate\\Pipeline\\{closure}(Object(Illuminate\\Http\\Request))
#18 D:\\laragon\\www\\rekap\\vendor\\laravel\\framework\\src\\Illuminate\\Pipeline\\Pipeline.php(208): Illuminate\\Http\\Middleware\\ValidatePostSize->handle(Object(Illuminate\\Http\\Request), Object(Closure))
#19 D:\\laragon\\www\\rekap\\vendor\\laravel\\framework\\src\\Illuminate\\Foundation\\Http\\Middleware\\PreventRequestsDuringMaintenance.php(109): Illuminate\\Pipeline\\Pipeline->Illuminate\\Pipeline\\{closure}(Object(Illuminate\\Http\\Request))
#20 D:\\laragon\\www\\rekap\\vendor\\laravel\\framework\\src\\Illuminate\\Pipeline\\Pipeline.php(208): Illuminate\\Foundation\\Http\\Middleware\\PreventRequestsDuringMaintenance->handle(Object(Illuminate\\Http\\Request), Object(Closure))
#21 D:\\laragon\\www\\rekap\\vendor\\laravel\\framework\\src\\Illuminate\\Http\\Middleware\\HandleCors.php(48): Illuminate\\Pipeline\\Pipeline->Illuminate\\Pipeline\\{closure}(Object(Illuminate\\Http\\Request))
#22 D:\\laragon\\www\\rekap\\vendor\\laravel\\framework\\src\\Illuminate\\Pipeline\\Pipeline.php(208): Illuminate\\Http\\Middleware\\HandleCors->handle(Object(Illuminate\\Http\\Request), Object(Closure))
#23 D:\\laragon\\www\\rekap\\vendor\\laravel\\framework\\src\\Illuminate\\Http\\Middleware\\TrustProxies.php(58): Illuminate\\Pipeline\\Pipeline->Illuminate\\Pipeline\\{closure}(Object(Illuminate\\Http\\Request))
#24 D:\\laragon\\www\\rekap\\vendor\\laravel\\framework\\src\\Illuminate\\Pipeline\\Pipeline.php(208): Illuminate\\Http\\Middleware\\TrustProxies->handle(Object(Illuminate\\Http\\Request), Object(Closure))
#25 D:\\laragon\\www\\rekap\\vendor\\laravel\\framework\\src\\Illuminate\\Foundation\\Http\\Middleware\\InvokeDeferredCallbacks.php(22): Illuminate\\Pipeline\\Pipeline->Illuminate\\Pipeline\\{closure}(Object(Illuminate\\Http\\Request))
#26 D:\\laragon\\www\\rekap\\vendor\\laravel\\framework\\src\\Illuminate\\Pipeline\\Pipeline.php(208): Illuminate\\Foundation\\Http\\Middleware\\InvokeDeferredCallbacks->handle(Object(Illuminate\\Http\\Request), Object(Closure))
#27 D:\\laragon\\www\\rekap\\vendor\\laravel\\framework\\src\\Illuminate\\Http\\Middleware\\ValidatePathEncoding.php(26): Illuminate\\Pipeline\\Pipeline->Illuminate\\Pipeline\\{closure}(Object(Illuminate\\Http\\Request))
#28 D:\\laragon\\www\\rekap\\vendor\\laravel\\framework\\src\\Illuminate\\Pipeline\\Pipeline.php(208): Illuminate\\Http\\Middleware\\ValidatePathEncoding->handle(Object(Illuminate\\Http\\Request), Object(Closure))
#29 D:\\laragon\\www\\rekap\\vendor\\laravel\\framework\\src\\Illuminate\\Pipeline\\Pipeline.php(126): Illuminate\\Pipeline\\Pipeline->Illuminate\\Pipeline\\{closure}(Object(Illuminate\\Http\\Request))
#30 D:\\laragon\\www\\rekap\\vendor\\laravel\\framework\\src\\Illuminate\\Foundation\\Http\\Kernel.php(175): Illuminate\\Pipeline\\Pipeline->then(Object(Closure))
#31 D:\\laragon\\www\\rekap\\vendor\\laravel\\framework\\src\\Illuminate\\Foundation\\Http\\Kernel.php(144): Illuminate\\Foundation\\Http\\Kernel->sendRequestThroughRouter(Object(Illuminate\\Http\\Request))
#32 D:\\laragon\\www\\rekap\\vendor\\laravel\\framework\\src\\Illuminate\\Foundation\\Application.php(1219): Illuminate\\Foundation\\Http\\Kernel->handle(Object(Illuminate\\Http\\Request))
#33 D:\\laragon\\www\\rekap\\public\\index.php(20): Illuminate\\Foundation\\Application->handleRequest(Object(Illuminate\\Http\\Request))
#34 D:\\laragon\\www\\rekap\\vendor\\laravel\\framework\\src\\Illuminate\\Foundation\\resources\\server.php(23): require_once('D:\\\\laragon\\\\www\\\\...')
#35 {main}
"} 
[2025-07-04 01:27:58] local.ERROR: Call to undefined method App\Http\Controllers\AbsensiController::simpan() {"exception":"[object] (Error(code: 0): Call to undefined method App\\Http\\Controllers\\AbsensiController::simpan() at D:\\laragon\\www\\rekap\\vendor\\laravel\\framework\\src\\Illuminate\\Routing\\ControllerDispatcher.php:46)
[stacktrace]
#0 D:\\laragon\\www\\rekap\\vendor\\laravel\\framework\\src\\Illuminate\\Routing\\Route.php(265): Illuminate\\Routing\\ControllerDispatcher->dispatch(Object(Illuminate\\Routing\\Route), Object(App\\Http\\Controllers\\AbsensiController), 'simpan')
#1 D:\\laragon\\www\\rekap\\vendor\\laravel\\framework\\src\\Illuminate\\Routing\\Route.php(211): Illuminate\\Routing\\Route->runController()
#2 D:\\laragon\\www\\rekap\\vendor\\laravel\\framework\\src\\Illuminate\\Routing\\Router.php(808): Illuminate\\Routing\\Route->run()
#3 D:\\laragon\\www\\rekap\\vendor\\laravel\\framework\\src\\Illuminate\\Pipeline\\Pipeline.php(169): Illuminate\\Routing\\Router->Illuminate\\Routing\\{closure}(Object(Illuminate\\Http\\Request))
#4 D:\\laragon\\www\\rekap\\vendor\\laravel\\framework\\src\\Illuminate\\Routing\\Middleware\\SubstituteBindings.php(50): Illuminate\\Pipeline\\Pipeline->Illuminate\\Pipeline\\{closure}(Object(Illuminate\\Http\\Request))
#5 D:\\laragon\\www\\rekap\\vendor\\laravel\\framework\\src\\Illuminate\\Pipeline\\Pipeline.php(208): Illuminate\\Routing\\Middleware\\SubstituteBindings->handle(Object(Illuminate\\Http\\Request), Object(Closure))
#6 D:\\laragon\\www\\rekap\\vendor\\laravel\\framework\\src\\Illuminate\\Foundation\\Http\\Middleware\\VerifyCsrfToken.php(87): Illuminate\\Pipeline\\Pipeline->Illuminate\\Pipeline\\{closure}(Object(Illuminate\\Http\\Request))
#7 D:\\laragon\\www\\rekap\\vendor\\laravel\\framework\\src\\Illuminate\\Pipeline\\Pipeline.php(208): Illuminate\\Foundation\\Http\\Middleware\\VerifyCsrfToken->handle(Object(Illuminate\\Http\\Request), Object(Closure))
#8 D:\\laragon\\www\\rekap\\vendor\\laravel\\framework\\src\\Illuminate\\View\\Middleware\\ShareErrorsFromSession.php(48): Illuminate\\Pipeline\\Pipeline->Illuminate\\Pipeline\\{closure}(Object(Illuminate\\Http\\Request))
#9 D:\\laragon\\www\\rekap\\vendor\\laravel\\framework\\src\\Illuminate\\Pipeline\\Pipeline.php(208): Illuminate\\View\\Middleware\\ShareErrorsFromSession->handle(Object(Illuminate\\Http\\Request), Object(Closure))
#10 D:\\laragon\\www\\rekap\\vendor\\laravel\\framework\\src\\Illuminate\\Session\\Middleware\\StartSession.php(120): Illuminate\\Pipeline\\Pipeline->Illuminate\\Pipeline\\{closure}(Object(Illuminate\\Http\\Request))
#11 D:\\laragon\\www\\rekap\\vendor\\laravel\\framework\\src\\Illuminate\\Session\\Middleware\\StartSession.php(63): Illuminate\\Session\\Middleware\\StartSession->handleStatefulRequest(Object(Illuminate\\Http\\Request), Object(Illuminate\\Session\\Store), Object(Closure))
#12 D:\\laragon\\www\\rekap\\vendor\\laravel\\framework\\src\\Illuminate\\Pipeline\\Pipeline.php(208): Illuminate\\Session\\Middleware\\StartSession->handle(Object(Illuminate\\Http\\Request), Object(Closure))
#13 D:\\laragon\\www\\rekap\\vendor\\laravel\\framework\\src\\Illuminate\\Cookie\\Middleware\\AddQueuedCookiesToResponse.php(36): Illuminate\\Pipeline\\Pipeline->Illuminate\\Pipeline\\{closure}(Object(Illuminate\\Http\\Request))
#14 D:\\laragon\\www\\rekap\\vendor\\laravel\\framework\\src\\Illuminate\\Pipeline\\Pipeline.php(208): Illuminate\\Cookie\\Middleware\\AddQueuedCookiesToResponse->handle(Object(Illuminate\\Http\\Request), Object(Closure))
#15 D:\\laragon\\www\\rekap\\vendor\\laravel\\framework\\src\\Illuminate\\Cookie\\Middleware\\EncryptCookies.php(74): Illuminate\\Pipeline\\Pipeline->Illuminate\\Pipeline\\{closure}(Object(Illuminate\\Http\\Request))
#16 D:\\laragon\\www\\rekap\\vendor\\laravel\\framework\\src\\Illuminate\\Pipeline\\Pipeline.php(208): Illuminate\\Cookie\\Middleware\\EncryptCookies->handle(Object(Illuminate\\Http\\Request), Object(Closure))
#17 D:\\laragon\\www\\rekap\\vendor\\laravel\\framework\\src\\Illuminate\\Pipeline\\Pipeline.php(126): Illuminate\\Pipeline\\Pipeline->Illuminate\\Pipeline\\{closure}(Object(Illuminate\\Http\\Request))
#18 D:\\laragon\\www\\rekap\\vendor\\laravel\\framework\\src\\Illuminate\\Routing\\Router.php(807): Illuminate\\Pipeline\\Pipeline->then(Object(Closure))
#19 D:\\laragon\\www\\rekap\\vendor\\laravel\\framework\\src\\Illuminate\\Routing\\Router.php(786): Illuminate\\Routing\\Router->runRouteWithinStack(Object(Illuminate\\Routing\\Route), Object(Illuminate\\Http\\Request))
#20 D:\\laragon\\www\\rekap\\vendor\\laravel\\framework\\src\\Illuminate\\Routing\\Router.php(750): Illuminate\\Routing\\Router->runRoute(Object(Illuminate\\Http\\Request), Object(Illuminate\\Routing\\Route))
#21 D:\\laragon\\www\\rekap\\vendor\\laravel\\framework\\src\\Illuminate\\Routing\\Router.php(739): Illuminate\\Routing\\Router->dispatchToRoute(Object(Illuminate\\Http\\Request))
#22 D:\\laragon\\www\\rekap\\vendor\\laravel\\framework\\src\\Illuminate\\Foundation\\Http\\Kernel.php(200): Illuminate\\Routing\\Router->dispatch(Object(Illuminate\\Http\\Request))
#23 D:\\laragon\\www\\rekap\\vendor\\laravel\\framework\\src\\Illuminate\\Pipeline\\Pipeline.php(169): Illuminate\\Foundation\\Http\\Kernel->Illuminate\\Foundation\\Http\\{closure}(Object(Illuminate\\Http\\Request))
#24 D:\\laragon\\www\\rekap\\vendor\\laravel\\framework\\src\\Illuminate\\Foundation\\Http\\Middleware\\TransformsRequest.php(21): Illuminate\\Pipeline\\Pipeline->Illuminate\\Pipeline\\{closure}(Object(Illuminate\\Http\\Request))
#25 D:\\laragon\\www\\rekap\\vendor\\laravel\\framework\\src\\Illuminate\\Foundation\\Http\\Middleware\\ConvertEmptyStringsToNull.php(31): Illuminate\\Foundation\\Http\\Middleware\\TransformsRequest->handle(Object(Illuminate\\Http\\Request), Object(Closure))
#26 D:\\laragon\\www\\rekap\\vendor\\laravel\\framework\\src\\Illuminate\\Pipeline\\Pipeline.php(208): Illuminate\\Foundation\\Http\\Middleware\\ConvertEmptyStringsToNull->handle(Object(Illuminate\\Http\\Request), Object(Closure))
#27 D:\\laragon\\www\\rekap\\vendor\\laravel\\framework\\src\\Illuminate\\Foundation\\Http\\Middleware\\TransformsRequest.php(21): Illuminate\\Pipeline\\Pipeline->Illuminate\\Pipeline\\{closure}(Object(Illuminate\\Http\\Request))
#28 D:\\laragon\\www\\rekap\\vendor\\laravel\\framework\\src\\Illuminate\\Foundation\\Http\\Middleware\\TrimStrings.php(51): Illuminate\\Foundation\\Http\\Middleware\\TransformsRequest->handle(Object(Illuminate\\Http\\Request), Object(Closure))
#29 D:\\laragon\\www\\rekap\\vendor\\laravel\\framework\\src\\Illuminate\\Pipeline\\Pipeline.php(208): Illuminate\\Foundation\\Http\\Middleware\\TrimStrings->handle(Object(Illuminate\\Http\\Request), Object(Closure))
#30 D:\\laragon\\www\\rekap\\vendor\\laravel\\framework\\src\\Illuminate\\Http\\Middleware\\ValidatePostSize.php(27): Illuminate\\Pipeline\\Pipeline->Illuminate\\Pipeline\\{closure}(Object(Illuminate\\Http\\Request))
#31 D:\\laragon\\www\\rekap\\vendor\\laravel\\framework\\src\\Illuminate\\Pipeline\\Pipeline.php(208): Illuminate\\Http\\Middleware\\ValidatePostSize->handle(Object(Illuminate\\Http\\Request), Object(Closure))
#32 D:\\laragon\\www\\rekap\\vendor\\laravel\\framework\\src\\Illuminate\\Foundation\\Http\\Middleware\\PreventRequestsDuringMaintenance.php(109): Illuminate\\Pipeline\\Pipeline->Illuminate\\Pipeline\\{closure}(Object(Illuminate\\Http\\Request))
#33 D:\\laragon\\www\\rekap\\vendor\\laravel\\framework\\src\\Illuminate\\Pipeline\\Pipeline.php(208): Illuminate\\Foundation\\Http\\Middleware\\PreventRequestsDuringMaintenance->handle(Object(Illuminate\\Http\\Request), Object(Closure))
#34 D:\\laragon\\www\\rekap\\vendor\\laravel\\framework\\src\\Illuminate\\Http\\Middleware\\HandleCors.php(48): Illuminate\\Pipeline\\Pipeline->Illuminate\\Pipeline\\{closure}(Object(Illuminate\\Http\\Request))
#35 D:\\laragon\\www\\rekap\\vendor\\laravel\\framework\\src\\Illuminate\\Pipeline\\Pipeline.php(208): Illuminate\\Http\\Middleware\\HandleCors->handle(Object(Illuminate\\Http\\Request), Object(Closure))
#36 D:\\laragon\\www\\rekap\\vendor\\laravel\\framework\\src\\Illuminate\\Http\\Middleware\\TrustProxies.php(58): Illuminate\\Pipeline\\Pipeline->Illuminate\\Pipeline\\{closure}(Object(Illuminate\\Http\\Request))
#37 D:\\laragon\\www\\rekap\\vendor\\laravel\\framework\\src\\Illuminate\\Pipeline\\Pipeline.php(208): Illuminate\\Http\\Middleware\\TrustProxies->handle(Object(Illuminate\\Http\\Request), Object(Closure))
#38 D:\\laragon\\www\\rekap\\vendor\\laravel\\framework\\src\\Illuminate\\Foundation\\Http\\Middleware\\InvokeDeferredCallbacks.php(22): Illuminate\\Pipeline\\Pipeline->Illuminate\\Pipeline\\{closure}(Object(Illuminate\\Http\\Request))
#39 D:\\laragon\\www\\rekap\\vendor\\laravel\\framework\\src\\Illuminate\\Pipeline\\Pipeline.php(208): Illuminate\\Foundation\\Http\\Middleware\\InvokeDeferredCallbacks->handle(Object(Illuminate\\Http\\Request), Object(Closure))
#40 D:\\laragon\\www\\rekap\\vendor\\laravel\\framework\\src\\Illuminate\\Http\\Middleware\\ValidatePathEncoding.php(26): Illuminate\\Pipeline\\Pipeline->Illuminate\\Pipeline\\{closure}(Object(Illuminate\\Http\\Request))
#41 D:\\laragon\\www\\rekap\\vendor\\laravel\\framework\\src\\Illuminate\\Pipeline\\Pipeline.php(208): Illuminate\\Http\\Middleware\\ValidatePathEncoding->handle(Object(Illuminate\\Http\\Request), Object(Closure))
#42 D:\\laragon\\www\\rekap\\vendor\\laravel\\framework\\src\\Illuminate\\Pipeline\\Pipeline.php(126): Illuminate\\Pipeline\\Pipeline->Illuminate\\Pipeline\\{closure}(Object(Illuminate\\Http\\Request))
#43 D:\\laragon\\www\\rekap\\vendor\\laravel\\framework\\src\\Illuminate\\Foundation\\Http\\Kernel.php(175): Illuminate\\Pipeline\\Pipeline->then(Object(Closure))
#44 D:\\laragon\\www\\rekap\\vendor\\laravel\\framework\\src\\Illuminate\\Foundation\\Http\\Kernel.php(144): Illuminate\\Foundation\\Http\\Kernel->sendRequestThroughRouter(Object(Illuminate\\Http\\Request))
#45 D:\\laragon\\www\\rekap\\vendor\\laravel\\framework\\src\\Illuminate\\Foundation\\Application.php(1219): Illuminate\\Foundation\\Http\\Kernel->handle(Object(Illuminate\\Http\\Request))
#46 D:\\laragon\\www\\rekap\\public\\index.php(20): Illuminate\\Foundation\\Application->handleRequest(Object(Illuminate\\Http\\Request))
#47 D:\\laragon\\www\\rekap\\vendor\\laravel\\framework\\src\\Illuminate\\Foundation\\resources\\server.php(23): require_once('D:\\\\laragon\\\\www\\\\...')
#48 {main}
"} 
[2025-07-04 01:29:55] local.ERROR: Call to undefined method App\Http\Controllers\AbsensiController::simpan() {"exception":"[object] (Error(code: 0): Call to undefined method App\\Http\\Controllers\\AbsensiController::simpan() at D:\\laragon\\www\\rekap\\vendor\\laravel\\framework\\src\\Illuminate\\Routing\\ControllerDispatcher.php:46)
[stacktrace]
#0 D:\\laragon\\www\\rekap\\vendor\\laravel\\framework\\src\\Illuminate\\Routing\\Route.php(265): Illuminate\\Routing\\ControllerDispatcher->dispatch(Object(Illuminate\\Routing\\Route), Object(App\\Http\\Controllers\\AbsensiController), 'simpan')
#1 D:\\laragon\\www\\rekap\\vendor\\laravel\\framework\\src\\Illuminate\\Routing\\Route.php(211): Illuminate\\Routing\\Route->runController()
#2 D:\\laragon\\www\\rekap\\vendor\\laravel\\framework\\src\\Illuminate\\Routing\\Router.php(808): Illuminate\\Routing\\Route->run()
#3 D:\\laragon\\www\\rekap\\vendor\\laravel\\framework\\src\\Illuminate\\Pipeline\\Pipeline.php(169): Illuminate\\Routing\\Router->Illuminate\\Routing\\{closure}(Object(Illuminate\\Http\\Request))
#4 D:\\laragon\\www\\rekap\\vendor\\laravel\\framework\\src\\Illuminate\\Routing\\Middleware\\SubstituteBindings.php(50): Illuminate\\Pipeline\\Pipeline->Illuminate\\Pipeline\\{closure}(Object(Illuminate\\Http\\Request))
#5 D:\\laragon\\www\\rekap\\vendor\\laravel\\framework\\src\\Illuminate\\Pipeline\\Pipeline.php(208): Illuminate\\Routing\\Middleware\\SubstituteBindings->handle(Object(Illuminate\\Http\\Request), Object(Closure))
#6 D:\\laragon\\www\\rekap\\vendor\\laravel\\framework\\src\\Illuminate\\Foundation\\Http\\Middleware\\VerifyCsrfToken.php(87): Illuminate\\Pipeline\\Pipeline->Illuminate\\Pipeline\\{closure}(Object(Illuminate\\Http\\Request))
#7 D:\\laragon\\www\\rekap\\vendor\\laravel\\framework\\src\\Illuminate\\Pipeline\\Pipeline.php(208): Illuminate\\Foundation\\Http\\Middleware\\VerifyCsrfToken->handle(Object(Illuminate\\Http\\Request), Object(Closure))
#8 D:\\laragon\\www\\rekap\\vendor\\laravel\\framework\\src\\Illuminate\\View\\Middleware\\ShareErrorsFromSession.php(48): Illuminate\\Pipeline\\Pipeline->Illuminate\\Pipeline\\{closure}(Object(Illuminate\\Http\\Request))
#9 D:\\laragon\\www\\rekap\\vendor\\laravel\\framework\\src\\Illuminate\\Pipeline\\Pipeline.php(208): Illuminate\\View\\Middleware\\ShareErrorsFromSession->handle(Object(Illuminate\\Http\\Request), Object(Closure))
#10 D:\\laragon\\www\\rekap\\vendor\\laravel\\framework\\src\\Illuminate\\Session\\Middleware\\StartSession.php(120): Illuminate\\Pipeline\\Pipeline->Illuminate\\Pipeline\\{closure}(Object(Illuminate\\Http\\Request))
#11 D:\\laragon\\www\\rekap\\vendor\\laravel\\framework\\src\\Illuminate\\Session\\Middleware\\StartSession.php(63): Illuminate\\Session\\Middleware\\StartSession->handleStatefulRequest(Object(Illuminate\\Http\\Request), Object(Illuminate\\Session\\Store), Object(Closure))
#12 D:\\laragon\\www\\rekap\\vendor\\laravel\\framework\\src\\Illuminate\\Pipeline\\Pipeline.php(208): Illuminate\\Session\\Middleware\\StartSession->handle(Object(Illuminate\\Http\\Request), Object(Closure))
#13 D:\\laragon\\www\\rekap\\vendor\\laravel\\framework\\src\\Illuminate\\Cookie\\Middleware\\AddQueuedCookiesToResponse.php(36): Illuminate\\Pipeline\\Pipeline->Illuminate\\Pipeline\\{closure}(Object(Illuminate\\Http\\Request))
#14 D:\\laragon\\www\\rekap\\vendor\\laravel\\framework\\src\\Illuminate\\Pipeline\\Pipeline.php(208): Illuminate\\Cookie\\Middleware\\AddQueuedCookiesToResponse->handle(Object(Illuminate\\Http\\Request), Object(Closure))
#15 D:\\laragon\\www\\rekap\\vendor\\laravel\\framework\\src\\Illuminate\\Cookie\\Middleware\\EncryptCookies.php(74): Illuminate\\Pipeline\\Pipeline->Illuminate\\Pipeline\\{closure}(Object(Illuminate\\Http\\Request))
#16 D:\\laragon\\www\\rekap\\vendor\\laravel\\framework\\src\\Illuminate\\Pipeline\\Pipeline.php(208): Illuminate\\Cookie\\Middleware\\EncryptCookies->handle(Object(Illuminate\\Http\\Request), Object(Closure))
#17 D:\\laragon\\www\\rekap\\vendor\\laravel\\framework\\src\\Illuminate\\Pipeline\\Pipeline.php(126): Illuminate\\Pipeline\\Pipeline->Illuminate\\Pipeline\\{closure}(Object(Illuminate\\Http\\Request))
#18 D:\\laragon\\www\\rekap\\vendor\\laravel\\framework\\src\\Illuminate\\Routing\\Router.php(807): Illuminate\\Pipeline\\Pipeline->then(Object(Closure))
#19 D:\\laragon\\www\\rekap\\vendor\\laravel\\framework\\src\\Illuminate\\Routing\\Router.php(786): Illuminate\\Routing\\Router->runRouteWithinStack(Object(Illuminate\\Routing\\Route), Object(Illuminate\\Http\\Request))
#20 D:\\laragon\\www\\rekap\\vendor\\laravel\\framework\\src\\Illuminate\\Routing\\Router.php(750): Illuminate\\Routing\\Router->runRoute(Object(Illuminate\\Http\\Request), Object(Illuminate\\Routing\\Route))
#21 D:\\laragon\\www\\rekap\\vendor\\laravel\\framework\\src\\Illuminate\\Routing\\Router.php(739): Illuminate\\Routing\\Router->dispatchToRoute(Object(Illuminate\\Http\\Request))
#22 D:\\laragon\\www\\rekap\\vendor\\laravel\\framework\\src\\Illuminate\\Foundation\\Http\\Kernel.php(200): Illuminate\\Routing\\Router->dispatch(Object(Illuminate\\Http\\Request))
#23 D:\\laragon\\www\\rekap\\vendor\\laravel\\framework\\src\\Illuminate\\Pipeline\\Pipeline.php(169): Illuminate\\Foundation\\Http\\Kernel->Illuminate\\Foundation\\Http\\{closure}(Object(Illuminate\\Http\\Request))
#24 D:\\laragon\\www\\rekap\\vendor\\laravel\\framework\\src\\Illuminate\\Foundation\\Http\\Middleware\\TransformsRequest.php(21): Illuminate\\Pipeline\\Pipeline->Illuminate\\Pipeline\\{closure}(Object(Illuminate\\Http\\Request))
#25 D:\\laragon\\www\\rekap\\vendor\\laravel\\framework\\src\\Illuminate\\Foundation\\Http\\Middleware\\ConvertEmptyStringsToNull.php(31): Illuminate\\Foundation\\Http\\Middleware\\TransformsRequest->handle(Object(Illuminate\\Http\\Request), Object(Closure))
#26 D:\\laragon\\www\\rekap\\vendor\\laravel\\framework\\src\\Illuminate\\Pipeline\\Pipeline.php(208): Illuminate\\Foundation\\Http\\Middleware\\ConvertEmptyStringsToNull->handle(Object(Illuminate\\Http\\Request), Object(Closure))
#27 D:\\laragon\\www\\rekap\\vendor\\laravel\\framework\\src\\Illuminate\\Foundation\\Http\\Middleware\\TransformsRequest.php(21): Illuminate\\Pipeline\\Pipeline->Illuminate\\Pipeline\\{closure}(Object(Illuminate\\Http\\Request))
#28 D:\\laragon\\www\\rekap\\vendor\\laravel\\framework\\src\\Illuminate\\Foundation\\Http\\Middleware\\TrimStrings.php(51): Illuminate\\Foundation\\Http\\Middleware\\TransformsRequest->handle(Object(Illuminate\\Http\\Request), Object(Closure))
#29 D:\\laragon\\www\\rekap\\vendor\\laravel\\framework\\src\\Illuminate\\Pipeline\\Pipeline.php(208): Illuminate\\Foundation\\Http\\Middleware\\TrimStrings->handle(Object(Illuminate\\Http\\Request), Object(Closure))
#30 D:\\laragon\\www\\rekap\\vendor\\laravel\\framework\\src\\Illuminate\\Http\\Middleware\\ValidatePostSize.php(27): Illuminate\\Pipeline\\Pipeline->Illuminate\\Pipeline\\{closure}(Object(Illuminate\\Http\\Request))
#31 D:\\laragon\\www\\rekap\\vendor\\laravel\\framework\\src\\Illuminate\\Pipeline\\Pipeline.php(208): Illuminate\\Http\\Middleware\\ValidatePostSize->handle(Object(Illuminate\\Http\\Request), Object(Closure))
#32 D:\\laragon\\www\\rekap\\vendor\\laravel\\framework\\src\\Illuminate\\Foundation\\Http\\Middleware\\PreventRequestsDuringMaintenance.php(109): Illuminate\\Pipeline\\Pipeline->Illuminate\\Pipeline\\{closure}(Object(Illuminate\\Http\\Request))
#33 D:\\laragon\\www\\rekap\\vendor\\laravel\\framework\\src\\Illuminate\\Pipeline\\Pipeline.php(208): Illuminate\\Foundation\\Http\\Middleware\\PreventRequestsDuringMaintenance->handle(Object(Illuminate\\Http\\Request), Object(Closure))
#34 D:\\laragon\\www\\rekap\\vendor\\laravel\\framework\\src\\Illuminate\\Http\\Middleware\\HandleCors.php(48): Illuminate\\Pipeline\\Pipeline->Illuminate\\Pipeline\\{closure}(Object(Illuminate\\Http\\Request))
#35 D:\\laragon\\www\\rekap\\vendor\\laravel\\framework\\src\\Illuminate\\Pipeline\\Pipeline.php(208): Illuminate\\Http\\Middleware\\HandleCors->handle(Object(Illuminate\\Http\\Request), Object(Closure))
#36 D:\\laragon\\www\\rekap\\vendor\\laravel\\framework\\src\\Illuminate\\Http\\Middleware\\TrustProxies.php(58): Illuminate\\Pipeline\\Pipeline->Illuminate\\Pipeline\\{closure}(Object(Illuminate\\Http\\Request))
#37 D:\\laragon\\www\\rekap\\vendor\\laravel\\framework\\src\\Illuminate\\Pipeline\\Pipeline.php(208): Illuminate\\Http\\Middleware\\TrustProxies->handle(Object(Illuminate\\Http\\Request), Object(Closure))
#38 D:\\laragon\\www\\rekap\\vendor\\laravel\\framework\\src\\Illuminate\\Foundation\\Http\\Middleware\\InvokeDeferredCallbacks.php(22): Illuminate\\Pipeline\\Pipeline->Illuminate\\Pipeline\\{closure}(Object(Illuminate\\Http\\Request))
#39 D:\\laragon\\www\\rekap\\vendor\\laravel\\framework\\src\\Illuminate\\Pipeline\\Pipeline.php(208): Illuminate\\Foundation\\Http\\Middleware\\InvokeDeferredCallbacks->handle(Object(Illuminate\\Http\\Request), Object(Closure))
#40 D:\\laragon\\www\\rekap\\vendor\\laravel\\framework\\src\\Illuminate\\Http\\Middleware\\ValidatePathEncoding.php(26): Illuminate\\Pipeline\\Pipeline->Illuminate\\Pipeline\\{closure}(Object(Illuminate\\Http\\Request))
#41 D:\\laragon\\www\\rekap\\vendor\\laravel\\framework\\src\\Illuminate\\Pipeline\\Pipeline.php(208): Illuminate\\Http\\Middleware\\ValidatePathEncoding->handle(Object(Illuminate\\Http\\Request), Object(Closure))
#42 D:\\laragon\\www\\rekap\\vendor\\laravel\\framework\\src\\Illuminate\\Pipeline\\Pipeline.php(126): Illuminate\\Pipeline\\Pipeline->Illuminate\\Pipeline\\{closure}(Object(Illuminate\\Http\\Request))
#43 D:\\laragon\\www\\rekap\\vendor\\laravel\\framework\\src\\Illuminate\\Foundation\\Http\\Kernel.php(175): Illuminate\\Pipeline\\Pipeline->then(Object(Closure))
#44 D:\\laragon\\www\\rekap\\vendor\\laravel\\framework\\src\\Illuminate\\Foundation\\Http\\Kernel.php(144): Illuminate\\Foundation\\Http\\Kernel->sendRequestThroughRouter(Object(Illuminate\\Http\\Request))
#45 D:\\laragon\\www\\rekap\\vendor\\laravel\\framework\\src\\Illuminate\\Foundation\\Application.php(1219): Illuminate\\Foundation\\Http\\Kernel->handle(Object(Illuminate\\Http\\Request))
#46 D:\\laragon\\www\\rekap\\public\\index.php(20): Illuminate\\Foundation\\Application->handleRequest(Object(Illuminate\\Http\\Request))
#47 D:\\laragon\\www\\rekap\\vendor\\laravel\\framework\\src\\Illuminate\\Foundation\\resources\\server.php(23): require_once('D:\\\\laragon\\\\www\\\\...')
#48 {main}
"} 
[2025-07-04 01:30:24] local.ERROR: Call to undefined method App\Http\Controllers\AbsensiController::simpan() {"exception":"[object] (Error(code: 0): Call to undefined method App\\Http\\Controllers\\AbsensiController::simpan() at D:\\laragon\\www\\rekap\\vendor\\laravel\\framework\\src\\Illuminate\\Routing\\ControllerDispatcher.php:46)
[stacktrace]
#0 D:\\laragon\\www\\rekap\\vendor\\laravel\\framework\\src\\Illuminate\\Routing\\Route.php(265): Illuminate\\Routing\\ControllerDispatcher->dispatch(Object(Illuminate\\Routing\\Route), Object(App\\Http\\Controllers\\AbsensiController), 'simpan')
#1 D:\\laragon\\www\\rekap\\vendor\\laravel\\framework\\src\\Illuminate\\Routing\\Route.php(211): Illuminate\\Routing\\Route->runController()
#2 D:\\laragon\\www\\rekap\\vendor\\laravel\\framework\\src\\Illuminate\\Routing\\Router.php(808): Illuminate\\Routing\\Route->run()
#3 D:\\laragon\\www\\rekap\\vendor\\laravel\\framework\\src\\Illuminate\\Pipeline\\Pipeline.php(169): Illuminate\\Routing\\Router->Illuminate\\Routing\\{closure}(Object(Illuminate\\Http\\Request))
#4 D:\\laragon\\www\\rekap\\vendor\\laravel\\framework\\src\\Illuminate\\Routing\\Middleware\\SubstituteBindings.php(50): Illuminate\\Pipeline\\Pipeline->Illuminate\\Pipeline\\{closure}(Object(Illuminate\\Http\\Request))
#5 D:\\laragon\\www\\rekap\\vendor\\laravel\\framework\\src\\Illuminate\\Pipeline\\Pipeline.php(208): Illuminate\\Routing\\Middleware\\SubstituteBindings->handle(Object(Illuminate\\Http\\Request), Object(Closure))
#6 D:\\laragon\\www\\rekap\\vendor\\laravel\\framework\\src\\Illuminate\\Foundation\\Http\\Middleware\\VerifyCsrfToken.php(87): Illuminate\\Pipeline\\Pipeline->Illuminate\\Pipeline\\{closure}(Object(Illuminate\\Http\\Request))
#7 D:\\laragon\\www\\rekap\\vendor\\laravel\\framework\\src\\Illuminate\\Pipeline\\Pipeline.php(208): Illuminate\\Foundation\\Http\\Middleware\\VerifyCsrfToken->handle(Object(Illuminate\\Http\\Request), Object(Closure))
#8 D:\\laragon\\www\\rekap\\vendor\\laravel\\framework\\src\\Illuminate\\View\\Middleware\\ShareErrorsFromSession.php(48): Illuminate\\Pipeline\\Pipeline->Illuminate\\Pipeline\\{closure}(Object(Illuminate\\Http\\Request))
#9 D:\\laragon\\www\\rekap\\vendor\\laravel\\framework\\src\\Illuminate\\Pipeline\\Pipeline.php(208): Illuminate\\View\\Middleware\\ShareErrorsFromSession->handle(Object(Illuminate\\Http\\Request), Object(Closure))
#10 D:\\laragon\\www\\rekap\\vendor\\laravel\\framework\\src\\Illuminate\\Session\\Middleware\\StartSession.php(120): Illuminate\\Pipeline\\Pipeline->Illuminate\\Pipeline\\{closure}(Object(Illuminate\\Http\\Request))
#11 D:\\laragon\\www\\rekap\\vendor\\laravel\\framework\\src\\Illuminate\\Session\\Middleware\\StartSession.php(63): Illuminate\\Session\\Middleware\\StartSession->handleStatefulRequest(Object(Illuminate\\Http\\Request), Object(Illuminate\\Session\\Store), Object(Closure))
#12 D:\\laragon\\www\\rekap\\vendor\\laravel\\framework\\src\\Illuminate\\Pipeline\\Pipeline.php(208): Illuminate\\Session\\Middleware\\StartSession->handle(Object(Illuminate\\Http\\Request), Object(Closure))
#13 D:\\laragon\\www\\rekap\\vendor\\laravel\\framework\\src\\Illuminate\\Cookie\\Middleware\\AddQueuedCookiesToResponse.php(36): Illuminate\\Pipeline\\Pipeline->Illuminate\\Pipeline\\{closure}(Object(Illuminate\\Http\\Request))
#14 D:\\laragon\\www\\rekap\\vendor\\laravel\\framework\\src\\Illuminate\\Pipeline\\Pipeline.php(208): Illuminate\\Cookie\\Middleware\\AddQueuedCookiesToResponse->handle(Object(Illuminate\\Http\\Request), Object(Closure))
#15 D:\\laragon\\www\\rekap\\vendor\\laravel\\framework\\src\\Illuminate\\Cookie\\Middleware\\EncryptCookies.php(74): Illuminate\\Pipeline\\Pipeline->Illuminate\\Pipeline\\{closure}(Object(Illuminate\\Http\\Request))
#16 D:\\laragon\\www\\rekap\\vendor\\laravel\\framework\\src\\Illuminate\\Pipeline\\Pipeline.php(208): Illuminate\\Cookie\\Middleware\\EncryptCookies->handle(Object(Illuminate\\Http\\Request), Object(Closure))
#17 D:\\laragon\\www\\rekap\\vendor\\laravel\\framework\\src\\Illuminate\\Pipeline\\Pipeline.php(126): Illuminate\\Pipeline\\Pipeline->Illuminate\\Pipeline\\{closure}(Object(Illuminate\\Http\\Request))
#18 D:\\laragon\\www\\rekap\\vendor\\laravel\\framework\\src\\Illuminate\\Routing\\Router.php(807): Illuminate\\Pipeline\\Pipeline->then(Object(Closure))
#19 D:\\laragon\\www\\rekap\\vendor\\laravel\\framework\\src\\Illuminate\\Routing\\Router.php(786): Illuminate\\Routing\\Router->runRouteWithinStack(Object(Illuminate\\Routing\\Route), Object(Illuminate\\Http\\Request))
#20 D:\\laragon\\www\\rekap\\vendor\\laravel\\framework\\src\\Illuminate\\Routing\\Router.php(750): Illuminate\\Routing\\Router->runRoute(Object(Illuminate\\Http\\Request), Object(Illuminate\\Routing\\Route))
#21 D:\\laragon\\www\\rekap\\vendor\\laravel\\framework\\src\\Illuminate\\Routing\\Router.php(739): Illuminate\\Routing\\Router->dispatchToRoute(Object(Illuminate\\Http\\Request))
#22 D:\\laragon\\www\\rekap\\vendor\\laravel\\framework\\src\\Illuminate\\Foundation\\Http\\Kernel.php(200): Illuminate\\Routing\\Router->dispatch(Object(Illuminate\\Http\\Request))
#23 D:\\laragon\\www\\rekap\\vendor\\laravel\\framework\\src\\Illuminate\\Pipeline\\Pipeline.php(169): Illuminate\\Foundation\\Http\\Kernel->Illuminate\\Foundation\\Http\\{closure}(Object(Illuminate\\Http\\Request))
#24 D:\\laragon\\www\\rekap\\vendor\\laravel\\framework\\src\\Illuminate\\Foundation\\Http\\Middleware\\TransformsRequest.php(21): Illuminate\\Pipeline\\Pipeline->Illuminate\\Pipeline\\{closure}(Object(Illuminate\\Http\\Request))
#25 D:\\laragon\\www\\rekap\\vendor\\laravel\\framework\\src\\Illuminate\\Foundation\\Http\\Middleware\\ConvertEmptyStringsToNull.php(31): Illuminate\\Foundation\\Http\\Middleware\\TransformsRequest->handle(Object(Illuminate\\Http\\Request), Object(Closure))
#26 D:\\laragon\\www\\rekap\\vendor\\laravel\\framework\\src\\Illuminate\\Pipeline\\Pipeline.php(208): Illuminate\\Foundation\\Http\\Middleware\\ConvertEmptyStringsToNull->handle(Object(Illuminate\\Http\\Request), Object(Closure))
#27 D:\\laragon\\www\\rekap\\vendor\\laravel\\framework\\src\\Illuminate\\Foundation\\Http\\Middleware\\TransformsRequest.php(21): Illuminate\\Pipeline\\Pipeline->Illuminate\\Pipeline\\{closure}(Object(Illuminate\\Http\\Request))
#28 D:\\laragon\\www\\rekap\\vendor\\laravel\\framework\\src\\Illuminate\\Foundation\\Http\\Middleware\\TrimStrings.php(51): Illuminate\\Foundation\\Http\\Middleware\\TransformsRequest->handle(Object(Illuminate\\Http\\Request), Object(Closure))
#29 D:\\laragon\\www\\rekap\\vendor\\laravel\\framework\\src\\Illuminate\\Pipeline\\Pipeline.php(208): Illuminate\\Foundation\\Http\\Middleware\\TrimStrings->handle(Object(Illuminate\\Http\\Request), Object(Closure))
#30 D:\\laragon\\www\\rekap\\vendor\\laravel\\framework\\src\\Illuminate\\Http\\Middleware\\ValidatePostSize.php(27): Illuminate\\Pipeline\\Pipeline->Illuminate\\Pipeline\\{closure}(Object(Illuminate\\Http\\Request))
#31 D:\\laragon\\www\\rekap\\vendor\\laravel\\framework\\src\\Illuminate\\Pipeline\\Pipeline.php(208): Illuminate\\Http\\Middleware\\ValidatePostSize->handle(Object(Illuminate\\Http\\Request), Object(Closure))
#32 D:\\laragon\\www\\rekap\\vendor\\laravel\\framework\\src\\Illuminate\\Foundation\\Http\\Middleware\\PreventRequestsDuringMaintenance.php(109): Illuminate\\Pipeline\\Pipeline->Illuminate\\Pipeline\\{closure}(Object(Illuminate\\Http\\Request))
#33 D:\\laragon\\www\\rekap\\vendor\\laravel\\framework\\src\\Illuminate\\Pipeline\\Pipeline.php(208): Illuminate\\Foundation\\Http\\Middleware\\PreventRequestsDuringMaintenance->handle(Object(Illuminate\\Http\\Request), Object(Closure))
#34 D:\\laragon\\www\\rekap\\vendor\\laravel\\framework\\src\\Illuminate\\Http\\Middleware\\HandleCors.php(48): Illuminate\\Pipeline\\Pipeline->Illuminate\\Pipeline\\{closure}(Object(Illuminate\\Http\\Request))
#35 D:\\laragon\\www\\rekap\\vendor\\laravel\\framework\\src\\Illuminate\\Pipeline\\Pipeline.php(208): Illuminate\\Http\\Middleware\\HandleCors->handle(Object(Illuminate\\Http\\Request), Object(Closure))
#36 D:\\laragon\\www\\rekap\\vendor\\laravel\\framework\\src\\Illuminate\\Http\\Middleware\\TrustProxies.php(58): Illuminate\\Pipeline\\Pipeline->Illuminate\\Pipeline\\{closure}(Object(Illuminate\\Http\\Request))
#37 D:\\laragon\\www\\rekap\\vendor\\laravel\\framework\\src\\Illuminate\\Pipeline\\Pipeline.php(208): Illuminate\\Http\\Middleware\\TrustProxies->handle(Object(Illuminate\\Http\\Request), Object(Closure))
#38 D:\\laragon\\www\\rekap\\vendor\\laravel\\framework\\src\\Illuminate\\Foundation\\Http\\Middleware\\InvokeDeferredCallbacks.php(22): Illuminate\\Pipeline\\Pipeline->Illuminate\\Pipeline\\{closure}(Object(Illuminate\\Http\\Request))
#39 D:\\laragon\\www\\rekap\\vendor\\laravel\\framework\\src\\Illuminate\\Pipeline\\Pipeline.php(208): Illuminate\\Foundation\\Http\\Middleware\\InvokeDeferredCallbacks->handle(Object(Illuminate\\Http\\Request), Object(Closure))
#40 D:\\laragon\\www\\rekap\\vendor\\laravel\\framework\\src\\Illuminate\\Http\\Middleware\\ValidatePathEncoding.php(26): Illuminate\\Pipeline\\Pipeline->Illuminate\\Pipeline\\{closure}(Object(Illuminate\\Http\\Request))
#41 D:\\laragon\\www\\rekap\\vendor\\laravel\\framework\\src\\Illuminate\\Pipeline\\Pipeline.php(208): Illuminate\\Http\\Middleware\\ValidatePathEncoding->handle(Object(Illuminate\\Http\\Request), Object(Closure))
#42 D:\\laragon\\www\\rekap\\vendor\\laravel\\framework\\src\\Illuminate\\Pipeline\\Pipeline.php(126): Illuminate\\Pipeline\\Pipeline->Illuminate\\Pipeline\\{closure}(Object(Illuminate\\Http\\Request))
#43 D:\\laragon\\www\\rekap\\vendor\\laravel\\framework\\src\\Illuminate\\Foundation\\Http\\Kernel.php(175): Illuminate\\Pipeline\\Pipeline->then(Object(Closure))
#44 D:\\laragon\\www\\rekap\\vendor\\laravel\\framework\\src\\Illuminate\\Foundation\\Http\\Kernel.php(144): Illuminate\\Foundation\\Http\\Kernel->sendRequestThroughRouter(Object(Illuminate\\Http\\Request))
#45 D:\\laragon\\www\\rekap\\vendor\\laravel\\framework\\src\\Illuminate\\Foundation\\Application.php(1219): Illuminate\\Foundation\\Http\\Kernel->handle(Object(Illuminate\\Http\\Request))
#46 D:\\laragon\\www\\rekap\\public\\index.php(20): Illuminate\\Foundation\\Application->handleRequest(Object(Illuminate\\Http\\Request))
#47 D:\\laragon\\www\\rekap\\vendor\\laravel\\framework\\src\\Illuminate\\Foundation\\resources\\server.php(23): require_once('D:\\\\laragon\\\\www\\\\...')
#48 {main}
"} 
[2025-07-04 01:31:31] local.ERROR: Call to undefined method App\Http\Controllers\AbsensiController::simpan() {"exception":"[object] (Error(code: 0): Call to undefined method App\\Http\\Controllers\\AbsensiController::simpan() at D:\\laragon\\www\\rekap\\vendor\\laravel\\framework\\src\\Illuminate\\Routing\\ControllerDispatcher.php:46)
[stacktrace]
#0 D:\\laragon\\www\\rekap\\vendor\\laravel\\framework\\src\\Illuminate\\Routing\\Route.php(265): Illuminate\\Routing\\ControllerDispatcher->dispatch(Object(Illuminate\\Routing\\Route), Object(App\\Http\\Controllers\\AbsensiController), 'simpan')
#1 D:\\laragon\\www\\rekap\\vendor\\laravel\\framework\\src\\Illuminate\\Routing\\Route.php(211): Illuminate\\Routing\\Route->runController()
#2 D:\\laragon\\www\\rekap\\vendor\\laravel\\framework\\src\\Illuminate\\Routing\\Router.php(808): Illuminate\\Routing\\Route->run()
#3 D:\\laragon\\www\\rekap\\vendor\\laravel\\framework\\src\\Illuminate\\Pipeline\\Pipeline.php(169): Illuminate\\Routing\\Router->Illuminate\\Routing\\{closure}(Object(Illuminate\\Http\\Request))
#4 D:\\laragon\\www\\rekap\\vendor\\laravel\\framework\\src\\Illuminate\\Routing\\Middleware\\SubstituteBindings.php(50): Illuminate\\Pipeline\\Pipeline->Illuminate\\Pipeline\\{closure}(Object(Illuminate\\Http\\Request))
#5 D:\\laragon\\www\\rekap\\vendor\\laravel\\framework\\src\\Illuminate\\Pipeline\\Pipeline.php(208): Illuminate\\Routing\\Middleware\\SubstituteBindings->handle(Object(Illuminate\\Http\\Request), Object(Closure))
#6 D:\\laragon\\www\\rekap\\vendor\\laravel\\framework\\src\\Illuminate\\Foundation\\Http\\Middleware\\VerifyCsrfToken.php(87): Illuminate\\Pipeline\\Pipeline->Illuminate\\Pipeline\\{closure}(Object(Illuminate\\Http\\Request))
#7 D:\\laragon\\www\\rekap\\vendor\\laravel\\framework\\src\\Illuminate\\Pipeline\\Pipeline.php(208): Illuminate\\Foundation\\Http\\Middleware\\VerifyCsrfToken->handle(Object(Illuminate\\Http\\Request), Object(Closure))
#8 D:\\laragon\\www\\rekap\\vendor\\laravel\\framework\\src\\Illuminate\\View\\Middleware\\ShareErrorsFromSession.php(48): Illuminate\\Pipeline\\Pipeline->Illuminate\\Pipeline\\{closure}(Object(Illuminate\\Http\\Request))
#9 D:\\laragon\\www\\rekap\\vendor\\laravel\\framework\\src\\Illuminate\\Pipeline\\Pipeline.php(208): Illuminate\\View\\Middleware\\ShareErrorsFromSession->handle(Object(Illuminate\\Http\\Request), Object(Closure))
#10 D:\\laragon\\www\\rekap\\vendor\\laravel\\framework\\src\\Illuminate\\Session\\Middleware\\StartSession.php(120): Illuminate\\Pipeline\\Pipeline->Illuminate\\Pipeline\\{closure}(Object(Illuminate\\Http\\Request))
#11 D:\\laragon\\www\\rekap\\vendor\\laravel\\framework\\src\\Illuminate\\Session\\Middleware\\StartSession.php(63): Illuminate\\Session\\Middleware\\StartSession->handleStatefulRequest(Object(Illuminate\\Http\\Request), Object(Illuminate\\Session\\Store), Object(Closure))
#12 D:\\laragon\\www\\rekap\\vendor\\laravel\\framework\\src\\Illuminate\\Pipeline\\Pipeline.php(208): Illuminate\\Session\\Middleware\\StartSession->handle(Object(Illuminate\\Http\\Request), Object(Closure))
#13 D:\\laragon\\www\\rekap\\vendor\\laravel\\framework\\src\\Illuminate\\Cookie\\Middleware\\AddQueuedCookiesToResponse.php(36): Illuminate\\Pipeline\\Pipeline->Illuminate\\Pipeline\\{closure}(Object(Illuminate\\Http\\Request))
#14 D:\\laragon\\www\\rekap\\vendor\\laravel\\framework\\src\\Illuminate\\Pipeline\\Pipeline.php(208): Illuminate\\Cookie\\Middleware\\AddQueuedCookiesToResponse->handle(Object(Illuminate\\Http\\Request), Object(Closure))
#15 D:\\laragon\\www\\rekap\\vendor\\laravel\\framework\\src\\Illuminate\\Cookie\\Middleware\\EncryptCookies.php(74): Illuminate\\Pipeline\\Pipeline->Illuminate\\Pipeline\\{closure}(Object(Illuminate\\Http\\Request))
#16 D:\\laragon\\www\\rekap\\vendor\\laravel\\framework\\src\\Illuminate\\Pipeline\\Pipeline.php(208): Illuminate\\Cookie\\Middleware\\EncryptCookies->handle(Object(Illuminate\\Http\\Request), Object(Closure))
#17 D:\\laragon\\www\\rekap\\vendor\\laravel\\framework\\src\\Illuminate\\Pipeline\\Pipeline.php(126): Illuminate\\Pipeline\\Pipeline->Illuminate\\Pipeline\\{closure}(Object(Illuminate\\Http\\Request))
#18 D:\\laragon\\www\\rekap\\vendor\\laravel\\framework\\src\\Illuminate\\Routing\\Router.php(807): Illuminate\\Pipeline\\Pipeline->then(Object(Closure))
#19 D:\\laragon\\www\\rekap\\vendor\\laravel\\framework\\src\\Illuminate\\Routing\\Router.php(786): Illuminate\\Routing\\Router->runRouteWithinStack(Object(Illuminate\\Routing\\Route), Object(Illuminate\\Http\\Request))
#20 D:\\laragon\\www\\rekap\\vendor\\laravel\\framework\\src\\Illuminate\\Routing\\Router.php(750): Illuminate\\Routing\\Router->runRoute(Object(Illuminate\\Http\\Request), Object(Illuminate\\Routing\\Route))
#21 D:\\laragon\\www\\rekap\\vendor\\laravel\\framework\\src\\Illuminate\\Routing\\Router.php(739): Illuminate\\Routing\\Router->dispatchToRoute(Object(Illuminate\\Http\\Request))
#22 D:\\laragon\\www\\rekap\\vendor\\laravel\\framework\\src\\Illuminate\\Foundation\\Http\\Kernel.php(200): Illuminate\\Routing\\Router->dispatch(Object(Illuminate\\Http\\Request))
#23 D:\\laragon\\www\\rekap\\vendor\\laravel\\framework\\src\\Illuminate\\Pipeline\\Pipeline.php(169): Illuminate\\Foundation\\Http\\Kernel->Illuminate\\Foundation\\Http\\{closure}(Object(Illuminate\\Http\\Request))
#24 D:\\laragon\\www\\rekap\\vendor\\laravel\\framework\\src\\Illuminate\\Foundation\\Http\\Middleware\\TransformsRequest.php(21): Illuminate\\Pipeline\\Pipeline->Illuminate\\Pipeline\\{closure}(Object(Illuminate\\Http\\Request))
#25 D:\\laragon\\www\\rekap\\vendor\\laravel\\framework\\src\\Illuminate\\Foundation\\Http\\Middleware\\ConvertEmptyStringsToNull.php(31): Illuminate\\Foundation\\Http\\Middleware\\TransformsRequest->handle(Object(Illuminate\\Http\\Request), Object(Closure))
#26 D:\\laragon\\www\\rekap\\vendor\\laravel\\framework\\src\\Illuminate\\Pipeline\\Pipeline.php(208): Illuminate\\Foundation\\Http\\Middleware\\ConvertEmptyStringsToNull->handle(Object(Illuminate\\Http\\Request), Object(Closure))
#27 D:\\laragon\\www\\rekap\\vendor\\laravel\\framework\\src\\Illuminate\\Foundation\\Http\\Middleware\\TransformsRequest.php(21): Illuminate\\Pipeline\\Pipeline->Illuminate\\Pipeline\\{closure}(Object(Illuminate\\Http\\Request))
#28 D:\\laragon\\www\\rekap\\vendor\\laravel\\framework\\src\\Illuminate\\Foundation\\Http\\Middleware\\TrimStrings.php(51): Illuminate\\Foundation\\Http\\Middleware\\TransformsRequest->handle(Object(Illuminate\\Http\\Request), Object(Closure))
#29 D:\\laragon\\www\\rekap\\vendor\\laravel\\framework\\src\\Illuminate\\Pipeline\\Pipeline.php(208): Illuminate\\Foundation\\Http\\Middleware\\TrimStrings->handle(Object(Illuminate\\Http\\Request), Object(Closure))
#30 D:\\laragon\\www\\rekap\\vendor\\laravel\\framework\\src\\Illuminate\\Http\\Middleware\\ValidatePostSize.php(27): Illuminate\\Pipeline\\Pipeline->Illuminate\\Pipeline\\{closure}(Object(Illuminate\\Http\\Request))
#31 D:\\laragon\\www\\rekap\\vendor\\laravel\\framework\\src\\Illuminate\\Pipeline\\Pipeline.php(208): Illuminate\\Http\\Middleware\\ValidatePostSize->handle(Object(Illuminate\\Http\\Request), Object(Closure))
#32 D:\\laragon\\www\\rekap\\vendor\\laravel\\framework\\src\\Illuminate\\Foundation\\Http\\Middleware\\PreventRequestsDuringMaintenance.php(109): Illuminate\\Pipeline\\Pipeline->Illuminate\\Pipeline\\{closure}(Object(Illuminate\\Http\\Request))
#33 D:\\laragon\\www\\rekap\\vendor\\laravel\\framework\\src\\Illuminate\\Pipeline\\Pipeline.php(208): Illuminate\\Foundation\\Http\\Middleware\\PreventRequestsDuringMaintenance->handle(Object(Illuminate\\Http\\Request), Object(Closure))
#34 D:\\laragon\\www\\rekap\\vendor\\laravel\\framework\\src\\Illuminate\\Http\\Middleware\\HandleCors.php(48): Illuminate\\Pipeline\\Pipeline->Illuminate\\Pipeline\\{closure}(Object(Illuminate\\Http\\Request))
#35 D:\\laragon\\www\\rekap\\vendor\\laravel\\framework\\src\\Illuminate\\Pipeline\\Pipeline.php(208): Illuminate\\Http\\Middleware\\HandleCors->handle(Object(Illuminate\\Http\\Request), Object(Closure))
#36 D:\\laragon\\www\\rekap\\vendor\\laravel\\framework\\src\\Illuminate\\Http\\Middleware\\TrustProxies.php(58): Illuminate\\Pipeline\\Pipeline->Illuminate\\Pipeline\\{closure}(Object(Illuminate\\Http\\Request))
#37 D:\\laragon\\www\\rekap\\vendor\\laravel\\framework\\src\\Illuminate\\Pipeline\\Pipeline.php(208): Illuminate\\Http\\Middleware\\TrustProxies->handle(Object(Illuminate\\Http\\Request), Object(Closure))
#38 D:\\laragon\\www\\rekap\\vendor\\laravel\\framework\\src\\Illuminate\\Foundation\\Http\\Middleware\\InvokeDeferredCallbacks.php(22): Illuminate\\Pipeline\\Pipeline->Illuminate\\Pipeline\\{closure}(Object(Illuminate\\Http\\Request))
#39 D:\\laragon\\www\\rekap\\vendor\\laravel\\framework\\src\\Illuminate\\Pipeline\\Pipeline.php(208): Illuminate\\Foundation\\Http\\Middleware\\InvokeDeferredCallbacks->handle(Object(Illuminate\\Http\\Request), Object(Closure))
#40 D:\\laragon\\www\\rekap\\vendor\\laravel\\framework\\src\\Illuminate\\Http\\Middleware\\ValidatePathEncoding.php(26): Illuminate\\Pipeline\\Pipeline->Illuminate\\Pipeline\\{closure}(Object(Illuminate\\Http\\Request))
#41 D:\\laragon\\www\\rekap\\vendor\\laravel\\framework\\src\\Illuminate\\Pipeline\\Pipeline.php(208): Illuminate\\Http\\Middleware\\ValidatePathEncoding->handle(Object(Illuminate\\Http\\Request), Object(Closure))
#42 D:\\laragon\\www\\rekap\\vendor\\laravel\\framework\\src\\Illuminate\\Pipeline\\Pipeline.php(126): Illuminate\\Pipeline\\Pipeline->Illuminate\\Pipeline\\{closure}(Object(Illuminate\\Http\\Request))
#43 D:\\laragon\\www\\rekap\\vendor\\laravel\\framework\\src\\Illuminate\\Foundation\\Http\\Kernel.php(175): Illuminate\\Pipeline\\Pipeline->then(Object(Closure))
#44 D:\\laragon\\www\\rekap\\vendor\\laravel\\framework\\src\\Illuminate\\Foundation\\Http\\Kernel.php(144): Illuminate\\Foundation\\Http\\Kernel->sendRequestThroughRouter(Object(Illuminate\\Http\\Request))
#45 D:\\laragon\\www\\rekap\\vendor\\laravel\\framework\\src\\Illuminate\\Foundation\\Application.php(1219): Illuminate\\Foundation\\Http\\Kernel->handle(Object(Illuminate\\Http\\Request))
#46 D:\\laragon\\www\\rekap\\public\\index.php(20): Illuminate\\Foundation\\Application->handleRequest(Object(Illuminate\\Http\\Request))
#47 D:\\laragon\\www\\rekap\\vendor\\laravel\\framework\\src\\Illuminate\\Foundation\\resources\\server.php(23): require_once('D:\\\\laragon\\\\www\\\\...')
#48 {main}
"} 
[2025-07-04 01:31:51] local.ERROR: Call to undefined method App\Http\Controllers\AbsensiController::simpan() {"exception":"[object] (Error(code: 0): Call to undefined method App\\Http\\Controllers\\AbsensiController::simpan() at D:\\laragon\\www\\rekap\\vendor\\laravel\\framework\\src\\Illuminate\\Routing\\ControllerDispatcher.php:46)
[stacktrace]
#0 D:\\laragon\\www\\rekap\\vendor\\laravel\\framework\\src\\Illuminate\\Routing\\Route.php(265): Illuminate\\Routing\\ControllerDispatcher->dispatch(Object(Illuminate\\Routing\\Route), Object(App\\Http\\Controllers\\AbsensiController), 'simpan')
#1 D:\\laragon\\www\\rekap\\vendor\\laravel\\framework\\src\\Illuminate\\Routing\\Route.php(211): Illuminate\\Routing\\Route->runController()
#2 D:\\laragon\\www\\rekap\\vendor\\laravel\\framework\\src\\Illuminate\\Routing\\Router.php(808): Illuminate\\Routing\\Route->run()
#3 D:\\laragon\\www\\rekap\\vendor\\laravel\\framework\\src\\Illuminate\\Pipeline\\Pipeline.php(169): Illuminate\\Routing\\Router->Illuminate\\Routing\\{closure}(Object(Illuminate\\Http\\Request))
#4 D:\\laragon\\www\\rekap\\vendor\\laravel\\framework\\src\\Illuminate\\Routing\\Middleware\\SubstituteBindings.php(50): Illuminate\\Pipeline\\Pipeline->Illuminate\\Pipeline\\{closure}(Object(Illuminate\\Http\\Request))
#5 D:\\laragon\\www\\rekap\\vendor\\laravel\\framework\\src\\Illuminate\\Pipeline\\Pipeline.php(208): Illuminate\\Routing\\Middleware\\SubstituteBindings->handle(Object(Illuminate\\Http\\Request), Object(Closure))
#6 D:\\laragon\\www\\rekap\\vendor\\laravel\\framework\\src\\Illuminate\\Foundation\\Http\\Middleware\\VerifyCsrfToken.php(87): Illuminate\\Pipeline\\Pipeline->Illuminate\\Pipeline\\{closure}(Object(Illuminate\\Http\\Request))
#7 D:\\laragon\\www\\rekap\\vendor\\laravel\\framework\\src\\Illuminate\\Pipeline\\Pipeline.php(208): Illuminate\\Foundation\\Http\\Middleware\\VerifyCsrfToken->handle(Object(Illuminate\\Http\\Request), Object(Closure))
#8 D:\\laragon\\www\\rekap\\vendor\\laravel\\framework\\src\\Illuminate\\View\\Middleware\\ShareErrorsFromSession.php(48): Illuminate\\Pipeline\\Pipeline->Illuminate\\Pipeline\\{closure}(Object(Illuminate\\Http\\Request))
#9 D:\\laragon\\www\\rekap\\vendor\\laravel\\framework\\src\\Illuminate\\Pipeline\\Pipeline.php(208): Illuminate\\View\\Middleware\\ShareErrorsFromSession->handle(Object(Illuminate\\Http\\Request), Object(Closure))
#10 D:\\laragon\\www\\rekap\\vendor\\laravel\\framework\\src\\Illuminate\\Session\\Middleware\\StartSession.php(120): Illuminate\\Pipeline\\Pipeline->Illuminate\\Pipeline\\{closure}(Object(Illuminate\\Http\\Request))
#11 D:\\laragon\\www\\rekap\\vendor\\laravel\\framework\\src\\Illuminate\\Session\\Middleware\\StartSession.php(63): Illuminate\\Session\\Middleware\\StartSession->handleStatefulRequest(Object(Illuminate\\Http\\Request), Object(Illuminate\\Session\\Store), Object(Closure))
#12 D:\\laragon\\www\\rekap\\vendor\\laravel\\framework\\src\\Illuminate\\Pipeline\\Pipeline.php(208): Illuminate\\Session\\Middleware\\StartSession->handle(Object(Illuminate\\Http\\Request), Object(Closure))
#13 D:\\laragon\\www\\rekap\\vendor\\laravel\\framework\\src\\Illuminate\\Cookie\\Middleware\\AddQueuedCookiesToResponse.php(36): Illuminate\\Pipeline\\Pipeline->Illuminate\\Pipeline\\{closure}(Object(Illuminate\\Http\\Request))
#14 D:\\laragon\\www\\rekap\\vendor\\laravel\\framework\\src\\Illuminate\\Pipeline\\Pipeline.php(208): Illuminate\\Cookie\\Middleware\\AddQueuedCookiesToResponse->handle(Object(Illuminate\\Http\\Request), Object(Closure))
#15 D:\\laragon\\www\\rekap\\vendor\\laravel\\framework\\src\\Illuminate\\Cookie\\Middleware\\EncryptCookies.php(74): Illuminate\\Pipeline\\Pipeline->Illuminate\\Pipeline\\{closure}(Object(Illuminate\\Http\\Request))
#16 D:\\laragon\\www\\rekap\\vendor\\laravel\\framework\\src\\Illuminate\\Pipeline\\Pipeline.php(208): Illuminate\\Cookie\\Middleware\\EncryptCookies->handle(Object(Illuminate\\Http\\Request), Object(Closure))
#17 D:\\laragon\\www\\rekap\\vendor\\laravel\\framework\\src\\Illuminate\\Pipeline\\Pipeline.php(126): Illuminate\\Pipeline\\Pipeline->Illuminate\\Pipeline\\{closure}(Object(Illuminate\\Http\\Request))
#18 D:\\laragon\\www\\rekap\\vendor\\laravel\\framework\\src\\Illuminate\\Routing\\Router.php(807): Illuminate\\Pipeline\\Pipeline->then(Object(Closure))
#19 D:\\laragon\\www\\rekap\\vendor\\laravel\\framework\\src\\Illuminate\\Routing\\Router.php(786): Illuminate\\Routing\\Router->runRouteWithinStack(Object(Illuminate\\Routing\\Route), Object(Illuminate\\Http\\Request))
#20 D:\\laragon\\www\\rekap\\vendor\\laravel\\framework\\src\\Illuminate\\Routing\\Router.php(750): Illuminate\\Routing\\Router->runRoute(Object(Illuminate\\Http\\Request), Object(Illuminate\\Routing\\Route))
#21 D:\\laragon\\www\\rekap\\vendor\\laravel\\framework\\src\\Illuminate\\Routing\\Router.php(739): Illuminate\\Routing\\Router->dispatchToRoute(Object(Illuminate\\Http\\Request))
#22 D:\\laragon\\www\\rekap\\vendor\\laravel\\framework\\src\\Illuminate\\Foundation\\Http\\Kernel.php(200): Illuminate\\Routing\\Router->dispatch(Object(Illuminate\\Http\\Request))
#23 D:\\laragon\\www\\rekap\\vendor\\laravel\\framework\\src\\Illuminate\\Pipeline\\Pipeline.php(169): Illuminate\\Foundation\\Http\\Kernel->Illuminate\\Foundation\\Http\\{closure}(Object(Illuminate\\Http\\Request))
#24 D:\\laragon\\www\\rekap\\vendor\\laravel\\framework\\src\\Illuminate\\Foundation\\Http\\Middleware\\TransformsRequest.php(21): Illuminate\\Pipeline\\Pipeline->Illuminate\\Pipeline\\{closure}(Object(Illuminate\\Http\\Request))
#25 D:\\laragon\\www\\rekap\\vendor\\laravel\\framework\\src\\Illuminate\\Foundation\\Http\\Middleware\\ConvertEmptyStringsToNull.php(31): Illuminate\\Foundation\\Http\\Middleware\\TransformsRequest->handle(Object(Illuminate\\Http\\Request), Object(Closure))
#26 D:\\laragon\\www\\rekap\\vendor\\laravel\\framework\\src\\Illuminate\\Pipeline\\Pipeline.php(208): Illuminate\\Foundation\\Http\\Middleware\\ConvertEmptyStringsToNull->handle(Object(Illuminate\\Http\\Request), Object(Closure))
#27 D:\\laragon\\www\\rekap\\vendor\\laravel\\framework\\src\\Illuminate\\Foundation\\Http\\Middleware\\TransformsRequest.php(21): Illuminate\\Pipeline\\Pipeline->Illuminate\\Pipeline\\{closure}(Object(Illuminate\\Http\\Request))
#28 D:\\laragon\\www\\rekap\\vendor\\laravel\\framework\\src\\Illuminate\\Foundation\\Http\\Middleware\\TrimStrings.php(51): Illuminate\\Foundation\\Http\\Middleware\\TransformsRequest->handle(Object(Illuminate\\Http\\Request), Object(Closure))
#29 D:\\laragon\\www\\rekap\\vendor\\laravel\\framework\\src\\Illuminate\\Pipeline\\Pipeline.php(208): Illuminate\\Foundation\\Http\\Middleware\\TrimStrings->handle(Object(Illuminate\\Http\\Request), Object(Closure))
#30 D:\\laragon\\www\\rekap\\vendor\\laravel\\framework\\src\\Illuminate\\Http\\Middleware\\ValidatePostSize.php(27): Illuminate\\Pipeline\\Pipeline->Illuminate\\Pipeline\\{closure}(Object(Illuminate\\Http\\Request))
#31 D:\\laragon\\www\\rekap\\vendor\\laravel\\framework\\src\\Illuminate\\Pipeline\\Pipeline.php(208): Illuminate\\Http\\Middleware\\ValidatePostSize->handle(Object(Illuminate\\Http\\Request), Object(Closure))
#32 D:\\laragon\\www\\rekap\\vendor\\laravel\\framework\\src\\Illuminate\\Foundation\\Http\\Middleware\\PreventRequestsDuringMaintenance.php(109): Illuminate\\Pipeline\\Pipeline->Illuminate\\Pipeline\\{closure}(Object(Illuminate\\Http\\Request))
#33 D:\\laragon\\www\\rekap\\vendor\\laravel\\framework\\src\\Illuminate\\Pipeline\\Pipeline.php(208): Illuminate\\Foundation\\Http\\Middleware\\PreventRequestsDuringMaintenance->handle(Object(Illuminate\\Http\\Request), Object(Closure))
#34 D:\\laragon\\www\\rekap\\vendor\\laravel\\framework\\src\\Illuminate\\Http\\Middleware\\HandleCors.php(48): Illuminate\\Pipeline\\Pipeline->Illuminate\\Pipeline\\{closure}(Object(Illuminate\\Http\\Request))
#35 D:\\laragon\\www\\rekap\\vendor\\laravel\\framework\\src\\Illuminate\\Pipeline\\Pipeline.php(208): Illuminate\\Http\\Middleware\\HandleCors->handle(Object(Illuminate\\Http\\Request), Object(Closure))
#36 D:\\laragon\\www\\rekap\\vendor\\laravel\\framework\\src\\Illuminate\\Http\\Middleware\\TrustProxies.php(58): Illuminate\\Pipeline\\Pipeline->Illuminate\\Pipeline\\{closure}(Object(Illuminate\\Http\\Request))
#37 D:\\laragon\\www\\rekap\\vendor\\laravel\\framework\\src\\Illuminate\\Pipeline\\Pipeline.php(208): Illuminate\\Http\\Middleware\\TrustProxies->handle(Object(Illuminate\\Http\\Request), Object(Closure))
#38 D:\\laragon\\www\\rekap\\vendor\\laravel\\framework\\src\\Illuminate\\Foundation\\Http\\Middleware\\InvokeDeferredCallbacks.php(22): Illuminate\\Pipeline\\Pipeline->Illuminate\\Pipeline\\{closure}(Object(Illuminate\\Http\\Request))
#39 D:\\laragon\\www\\rekap\\vendor\\laravel\\framework\\src\\Illuminate\\Pipeline\\Pipeline.php(208): Illuminate\\Foundation\\Http\\Middleware\\InvokeDeferredCallbacks->handle(Object(Illuminate\\Http\\Request), Object(Closure))
#40 D:\\laragon\\www\\rekap\\vendor\\laravel\\framework\\src\\Illuminate\\Http\\Middleware\\ValidatePathEncoding.php(26): Illuminate\\Pipeline\\Pipeline->Illuminate\\Pipeline\\{closure}(Object(Illuminate\\Http\\Request))
#41 D:\\laragon\\www\\rekap\\vendor\\laravel\\framework\\src\\Illuminate\\Pipeline\\Pipeline.php(208): Illuminate\\Http\\Middleware\\ValidatePathEncoding->handle(Object(Illuminate\\Http\\Request), Object(Closure))
#42 D:\\laragon\\www\\rekap\\vendor\\laravel\\framework\\src\\Illuminate\\Pipeline\\Pipeline.php(126): Illuminate\\Pipeline\\Pipeline->Illuminate\\Pipeline\\{closure}(Object(Illuminate\\Http\\Request))
#43 D:\\laragon\\www\\rekap\\vendor\\laravel\\framework\\src\\Illuminate\\Foundation\\Http\\Kernel.php(175): Illuminate\\Pipeline\\Pipeline->then(Object(Closure))
#44 D:\\laragon\\www\\rekap\\vendor\\laravel\\framework\\src\\Illuminate\\Foundation\\Http\\Kernel.php(144): Illuminate\\Foundation\\Http\\Kernel->sendRequestThroughRouter(Object(Illuminate\\Http\\Request))
#45 D:\\laragon\\www\\rekap\\vendor\\laravel\\framework\\src\\Illuminate\\Foundation\\Application.php(1219): Illuminate\\Foundation\\Http\\Kernel->handle(Object(Illuminate\\Http\\Request))
#46 D:\\laragon\\www\\rekap\\public\\index.php(20): Illuminate\\Foundation\\Application->handleRequest(Object(Illuminate\\Http\\Request))
#47 D:\\laragon\\www\\rekap\\vendor\\laravel\\framework\\src\\Illuminate\\Foundation\\resources\\server.php(23): require_once('D:\\\\laragon\\\\www\\\\...')
#48 {main}
"} 
[2025-07-04 01:31:58] local.ERROR: Route [absensi.store] not defined. (View: D:\laragon\www\rekap\resources\views\absensi\index.blade.php) {"exception":"[object] (Illuminate\\View\\ViewException(code: 0): Route [absensi.store] not defined. (View: D:\\laragon\\www\\rekap\\resources\\views\\absensi\\index.blade.php) at D:\\laragon\\www\\rekap\\vendor\\laravel\\framework\\src\\Illuminate\\Routing\\UrlGenerator.php:526)
[stacktrace]
#0 D:\\laragon\\www\\rekap\\vendor\\laravel\\framework\\src\\Illuminate\\View\\Engines\\PhpEngine.php(59): Illuminate\\View\\Engines\\CompilerEngine->handleViewException(Object(Symfony\\Component\\Routing\\Exception\\RouteNotFoundException), 1)
#1 D:\\laragon\\www\\rekap\\vendor\\laravel\\framework\\src\\Illuminate\\View\\Engines\\CompilerEngine.php(74): Illuminate\\View\\Engines\\PhpEngine->evaluatePath('D:\\\\laragon\\\\www\\\\...', Array)
#2 D:\\laragon\\www\\rekap\\vendor\\laravel\\framework\\src\\Illuminate\\View\\View.php(208): Illuminate\\View\\Engines\\CompilerEngine->get('D:\\\\laragon\\\\www\\\\...', Array)
#3 D:\\laragon\\www\\rekap\\vendor\\laravel\\framework\\src\\Illuminate\\View\\View.php(191): Illuminate\\View\\View->getContents()
#4 D:\\laragon\\www\\rekap\\vendor\\laravel\\framework\\src\\Illuminate\\View\\View.php(160): Illuminate\\View\\View->renderContents()
#5 D:\\laragon\\www\\rekap\\vendor\\laravel\\framework\\src\\Illuminate\\Http\\Response.php(78): Illuminate\\View\\View->render()
#6 D:\\laragon\\www\\rekap\\vendor\\laravel\\framework\\src\\Illuminate\\Http\\Response.php(34): Illuminate\\Http\\Response->setContent(Object(Illuminate\\View\\View))
#7 D:\\laragon\\www\\rekap\\vendor\\laravel\\framework\\src\\Illuminate\\Routing\\Router.php(924): Illuminate\\Http\\Response->__construct(Object(Illuminate\\View\\View), 200, Array)
#8 D:\\laragon\\www\\rekap\\vendor\\laravel\\framework\\src\\Illuminate\\Routing\\Router.php(891): Illuminate\\Routing\\Router::toResponse(Object(Illuminate\\Http\\Request), Object(Illuminate\\View\\View))
#9 D:\\laragon\\www\\rekap\\vendor\\laravel\\framework\\src\\Illuminate\\Routing\\Router.php(807): Illuminate\\Routing\\Router->prepareResponse(Object(Illuminate\\Http\\Request), Object(Illuminate\\View\\View))
#10 D:\\laragon\\www\\rekap\\vendor\\laravel\\framework\\src\\Illuminate\\Pipeline\\Pipeline.php(169): Illuminate\\Routing\\Router->Illuminate\\Routing\\{closure}(Object(Illuminate\\Http\\Request))
#11 D:\\laragon\\www\\rekap\\vendor\\laravel\\framework\\src\\Illuminate\\Routing\\Middleware\\SubstituteBindings.php(50): Illuminate\\Pipeline\\Pipeline->Illuminate\\Pipeline\\{closure}(Object(Illuminate\\Http\\Request))
#12 D:\\laragon\\www\\rekap\\vendor\\laravel\\framework\\src\\Illuminate\\Pipeline\\Pipeline.php(208): Illuminate\\Routing\\Middleware\\SubstituteBindings->handle(Object(Illuminate\\Http\\Request), Object(Closure))
#13 D:\\laragon\\www\\rekap\\vendor\\laravel\\framework\\src\\Illuminate\\Foundation\\Http\\Middleware\\VerifyCsrfToken.php(87): Illuminate\\Pipeline\\Pipeline->Illuminate\\Pipeline\\{closure}(Object(Illuminate\\Http\\Request))
#14 D:\\laragon\\www\\rekap\\vendor\\laravel\\framework\\src\\Illuminate\\Pipeline\\Pipeline.php(208): Illuminate\\Foundation\\Http\\Middleware\\VerifyCsrfToken->handle(Object(Illuminate\\Http\\Request), Object(Closure))
#15 D:\\laragon\\www\\rekap\\vendor\\laravel\\framework\\src\\Illuminate\\View\\Middleware\\ShareErrorsFromSession.php(48): Illuminate\\Pipeline\\Pipeline->Illuminate\\Pipeline\\{closure}(Object(Illuminate\\Http\\Request))
#16 D:\\laragon\\www\\rekap\\vendor\\laravel\\framework\\src\\Illuminate\\Pipeline\\Pipeline.php(208): Illuminate\\View\\Middleware\\ShareErrorsFromSession->handle(Object(Illuminate\\Http\\Request), Object(Closure))
#17 D:\\laragon\\www\\rekap\\vendor\\laravel\\framework\\src\\Illuminate\\Session\\Middleware\\StartSession.php(120): Illuminate\\Pipeline\\Pipeline->Illuminate\\Pipeline\\{closure}(Object(Illuminate\\Http\\Request))
#18 D:\\laragon\\www\\rekap\\vendor\\laravel\\framework\\src\\Illuminate\\Session\\Middleware\\StartSession.php(63): Illuminate\\Session\\Middleware\\StartSession->handleStatefulRequest(Object(Illuminate\\Http\\Request), Object(Illuminate\\Session\\Store), Object(Closure))
#19 D:\\laragon\\www\\rekap\\vendor\\laravel\\framework\\src\\Illuminate\\Pipeline\\Pipeline.php(208): Illuminate\\Session\\Middleware\\StartSession->handle(Object(Illuminate\\Http\\Request), Object(Closure))
#20 D:\\laragon\\www\\rekap\\vendor\\laravel\\framework\\src\\Illuminate\\Cookie\\Middleware\\AddQueuedCookiesToResponse.php(36): Illuminate\\Pipeline\\Pipeline->Illuminate\\Pipeline\\{closure}(Object(Illuminate\\Http\\Request))
#21 D:\\laragon\\www\\rekap\\vendor\\laravel\\framework\\src\\Illuminate\\Pipeline\\Pipeline.php(208): Illuminate\\Cookie\\Middleware\\AddQueuedCookiesToResponse->handle(Object(Illuminate\\Http\\Request), Object(Closure))
#22 D:\\laragon\\www\\rekap\\vendor\\laravel\\framework\\src\\Illuminate\\Cookie\\Middleware\\EncryptCookies.php(74): Illuminate\\Pipeline\\Pipeline->Illuminate\\Pipeline\\{closure}(Object(Illuminate\\Http\\Request))
#23 D:\\laragon\\www\\rekap\\vendor\\laravel\\framework\\src\\Illuminate\\Pipeline\\Pipeline.php(208): Illuminate\\Cookie\\Middleware\\EncryptCookies->handle(Object(Illuminate\\Http\\Request), Object(Closure))
#24 D:\\laragon\\www\\rekap\\vendor\\laravel\\framework\\src\\Illuminate\\Pipeline\\Pipeline.php(126): Illuminate\\Pipeline\\Pipeline->Illuminate\\Pipeline\\{closure}(Object(Illuminate\\Http\\Request))
#25 D:\\laragon\\www\\rekap\\vendor\\laravel\\framework\\src\\Illuminate\\Routing\\Router.php(807): Illuminate\\Pipeline\\Pipeline->then(Object(Closure))
#26 D:\\laragon\\www\\rekap\\vendor\\laravel\\framework\\src\\Illuminate\\Routing\\Router.php(786): Illuminate\\Routing\\Router->runRouteWithinStack(Object(Illuminate\\Routing\\Route), Object(Illuminate\\Http\\Request))
#27 D:\\laragon\\www\\rekap\\vendor\\laravel\\framework\\src\\Illuminate\\Routing\\Router.php(750): Illuminate\\Routing\\Router->runRoute(Object(Illuminate\\Http\\Request), Object(Illuminate\\Routing\\Route))
#28 D:\\laragon\\www\\rekap\\vendor\\laravel\\framework\\src\\Illuminate\\Routing\\Router.php(739): Illuminate\\Routing\\Router->dispatchToRoute(Object(Illuminate\\Http\\Request))
#29 D:\\laragon\\www\\rekap\\vendor\\laravel\\framework\\src\\Illuminate\\Foundation\\Http\\Kernel.php(200): Illuminate\\Routing\\Router->dispatch(Object(Illuminate\\Http\\Request))
#30 D:\\laragon\\www\\rekap\\vendor\\laravel\\framework\\src\\Illuminate\\Pipeline\\Pipeline.php(169): Illuminate\\Foundation\\Http\\Kernel->Illuminate\\Foundation\\Http\\{closure}(Object(Illuminate\\Http\\Request))
#31 D:\\laragon\\www\\rekap\\vendor\\laravel\\framework\\src\\Illuminate\\Foundation\\Http\\Middleware\\TransformsRequest.php(21): Illuminate\\Pipeline\\Pipeline->Illuminate\\Pipeline\\{closure}(Object(Illuminate\\Http\\Request))
#32 D:\\laragon\\www\\rekap\\vendor\\laravel\\framework\\src\\Illuminate\\Foundation\\Http\\Middleware\\ConvertEmptyStringsToNull.php(31): Illuminate\\Foundation\\Http\\Middleware\\TransformsRequest->handle(Object(Illuminate\\Http\\Request), Object(Closure))
#33 D:\\laragon\\www\\rekap\\vendor\\laravel\\framework\\src\\Illuminate\\Pipeline\\Pipeline.php(208): Illuminate\\Foundation\\Http\\Middleware\\ConvertEmptyStringsToNull->handle(Object(Illuminate\\Http\\Request), Object(Closure))
#34 D:\\laragon\\www\\rekap\\vendor\\laravel\\framework\\src\\Illuminate\\Foundation\\Http\\Middleware\\TransformsRequest.php(21): Illuminate\\Pipeline\\Pipeline->Illuminate\\Pipeline\\{closure}(Object(Illuminate\\Http\\Request))
#35 D:\\laragon\\www\\rekap\\vendor\\laravel\\framework\\src\\Illuminate\\Foundation\\Http\\Middleware\\TrimStrings.php(51): Illuminate\\Foundation\\Http\\Middleware\\TransformsRequest->handle(Object(Illuminate\\Http\\Request), Object(Closure))
#36 D:\\laragon\\www\\rekap\\vendor\\laravel\\framework\\src\\Illuminate\\Pipeline\\Pipeline.php(208): Illuminate\\Foundation\\Http\\Middleware\\TrimStrings->handle(Object(Illuminate\\Http\\Request), Object(Closure))
#37 D:\\laragon\\www\\rekap\\vendor\\laravel\\framework\\src\\Illuminate\\Http\\Middleware\\ValidatePostSize.php(27): Illuminate\\Pipeline\\Pipeline->Illuminate\\Pipeline\\{closure}(Object(Illuminate\\Http\\Request))
#38 D:\\laragon\\www\\rekap\\vendor\\laravel\\framework\\src\\Illuminate\\Pipeline\\Pipeline.php(208): Illuminate\\Http\\Middleware\\ValidatePostSize->handle(Object(Illuminate\\Http\\Request), Object(Closure))
#39 D:\\laragon\\www\\rekap\\vendor\\laravel\\framework\\src\\Illuminate\\Foundation\\Http\\Middleware\\PreventRequestsDuringMaintenance.php(109): Illuminate\\Pipeline\\Pipeline->Illuminate\\Pipeline\\{closure}(Object(Illuminate\\Http\\Request))
#40 D:\\laragon\\www\\rekap\\vendor\\laravel\\framework\\src\\Illuminate\\Pipeline\\Pipeline.php(208): Illuminate\\Foundation\\Http\\Middleware\\PreventRequestsDuringMaintenance->handle(Object(Illuminate\\Http\\Request), Object(Closure))
#41 D:\\laragon\\www\\rekap\\vendor\\laravel\\framework\\src\\Illuminate\\Http\\Middleware\\HandleCors.php(48): Illuminate\\Pipeline\\Pipeline->Illuminate\\Pipeline\\{closure}(Object(Illuminate\\Http\\Request))
#42 D:\\laragon\\www\\rekap\\vendor\\laravel\\framework\\src\\Illuminate\\Pipeline\\Pipeline.php(208): Illuminate\\Http\\Middleware\\HandleCors->handle(Object(Illuminate\\Http\\Request), Object(Closure))
#43 D:\\laragon\\www\\rekap\\vendor\\laravel\\framework\\src\\Illuminate\\Http\\Middleware\\TrustProxies.php(58): Illuminate\\Pipeline\\Pipeline->Illuminate\\Pipeline\\{closure}(Object(Illuminate\\Http\\Request))
#44 D:\\laragon\\www\\rekap\\vendor\\laravel\\framework\\src\\Illuminate\\Pipeline\\Pipeline.php(208): Illuminate\\Http\\Middleware\\TrustProxies->handle(Object(Illuminate\\Http\\Request), Object(Closure))
#45 D:\\laragon\\www\\rekap\\vendor\\laravel\\framework\\src\\Illuminate\\Foundation\\Http\\Middleware\\InvokeDeferredCallbacks.php(22): Illuminate\\Pipeline\\Pipeline->Illuminate\\Pipeline\\{closure}(Object(Illuminate\\Http\\Request))
#46 D:\\laragon\\www\\rekap\\vendor\\laravel\\framework\\src\\Illuminate\\Pipeline\\Pipeline.php(208): Illuminate\\Foundation\\Http\\Middleware\\InvokeDeferredCallbacks->handle(Object(Illuminate\\Http\\Request), Object(Closure))
#47 D:\\laragon\\www\\rekap\\vendor\\laravel\\framework\\src\\Illuminate\\Http\\Middleware\\ValidatePathEncoding.php(26): Illuminate\\Pipeline\\Pipeline->Illuminate\\Pipeline\\{closure}(Object(Illuminate\\Http\\Request))
#48 D:\\laragon\\www\\rekap\\vendor\\laravel\\framework\\src\\Illuminate\\Pipeline\\Pipeline.php(208): Illuminate\\Http\\Middleware\\ValidatePathEncoding->handle(Object(Illuminate\\Http\\Request), Object(Closure))
#49 D:\\laragon\\www\\rekap\\vendor\\laravel\\framework\\src\\Illuminate\\Pipeline\\Pipeline.php(126): Illuminate\\Pipeline\\Pipeline->Illuminate\\Pipeline\\{closure}(Object(Illuminate\\Http\\Request))
#50 D:\\laragon\\www\\rekap\\vendor\\laravel\\framework\\src\\Illuminate\\Foundation\\Http\\Kernel.php(175): Illuminate\\Pipeline\\Pipeline->then(Object(Closure))
#51 D:\\laragon\\www\\rekap\\vendor\\laravel\\framework\\src\\Illuminate\\Foundation\\Http\\Kernel.php(144): Illuminate\\Foundation\\Http\\Kernel->sendRequestThroughRouter(Object(Illuminate\\Http\\Request))
#52 D:\\laragon\\www\\rekap\\vendor\\laravel\\framework\\src\\Illuminate\\Foundation\\Application.php(1219): Illuminate\\Foundation\\Http\\Kernel->handle(Object(Illuminate\\Http\\Request))
#53 D:\\laragon\\www\\rekap\\public\\index.php(20): Illuminate\\Foundation\\Application->handleRequest(Object(Illuminate\\Http\\Request))
#54 D:\\laragon\\www\\rekap\\vendor\\laravel\\framework\\src\\Illuminate\\Foundation\\resources\\server.php(23): require_once('D:\\\\laragon\\\\www\\\\...')
#55 {main}

[previous exception] [object] (Symfony\\Component\\Routing\\Exception\\RouteNotFoundException(code: 0): Route [absensi.store] not defined. at D:\\laragon\\www\\rekap\\vendor\\laravel\\framework\\src\\Illuminate\\Routing\\UrlGenerator.php:526)
[stacktrace]
#0 D:\\laragon\\www\\rekap\\vendor\\laravel\\framework\\src\\Illuminate\\Foundation\\helpers.php(856): Illuminate\\Routing\\UrlGenerator->route('absensi.store', Array, true)
#1 D:\\laragon\\www\\rekap\\storage\\framework\\views\\820ffe1ee2ca22954ee40e5d3b553981.php(45): route('absensi.store')
#2 D:\\laragon\\www\\rekap\\vendor\\laravel\\framework\\src\\Illuminate\\Filesystem\\Filesystem.php(123): require('D:\\\\laragon\\\\www\\\\...')
#3 D:\\laragon\\www\\rekap\\vendor\\laravel\\framework\\src\\Illuminate\\Filesystem\\Filesystem.php(124): Illuminate\\Filesystem\\Filesystem::Illuminate\\Filesystem\\{closure}()
#4 D:\\laragon\\www\\rekap\\vendor\\laravel\\framework\\src\\Illuminate\\View\\Engines\\PhpEngine.php(57): Illuminate\\Filesystem\\Filesystem->getRequire('D:\\\\laragon\\\\www\\\\...', Array)
#5 D:\\laragon\\www\\rekap\\vendor\\laravel\\framework\\src\\Illuminate\\View\\Engines\\CompilerEngine.php(74): Illuminate\\View\\Engines\\PhpEngine->evaluatePath('D:\\\\laragon\\\\www\\\\...', Array)
#6 D:\\laragon\\www\\rekap\\vendor\\laravel\\framework\\src\\Illuminate\\View\\View.php(208): Illuminate\\View\\Engines\\CompilerEngine->get('D:\\\\laragon\\\\www\\\\...', Array)
#7 D:\\laragon\\www\\rekap\\vendor\\laravel\\framework\\src\\Illuminate\\View\\View.php(191): Illuminate\\View\\View->getContents()
#8 D:\\laragon\\www\\rekap\\vendor\\laravel\\framework\\src\\Illuminate\\View\\View.php(160): Illuminate\\View\\View->renderContents()
#9 D:\\laragon\\www\\rekap\\vendor\\laravel\\framework\\src\\Illuminate\\Http\\Response.php(78): Illuminate\\View\\View->render()
#10 D:\\laragon\\www\\rekap\\vendor\\laravel\\framework\\src\\Illuminate\\Http\\Response.php(34): Illuminate\\Http\\Response->setContent(Object(Illuminate\\View\\View))
#11 D:\\laragon\\www\\rekap\\vendor\\laravel\\framework\\src\\Illuminate\\Routing\\Router.php(924): Illuminate\\Http\\Response->__construct(Object(Illuminate\\View\\View), 200, Array)
#12 D:\\laragon\\www\\rekap\\vendor\\laravel\\framework\\src\\Illuminate\\Routing\\Router.php(891): Illuminate\\Routing\\Router::toResponse(Object(Illuminate\\Http\\Request), Object(Illuminate\\View\\View))
#13 D:\\laragon\\www\\rekap\\vendor\\laravel\\framework\\src\\Illuminate\\Routing\\Router.php(807): Illuminate\\Routing\\Router->prepareResponse(Object(Illuminate\\Http\\Request), Object(Illuminate\\View\\View))
#14 D:\\laragon\\www\\rekap\\vendor\\laravel\\framework\\src\\Illuminate\\Pipeline\\Pipeline.php(169): Illuminate\\Routing\\Router->Illuminate\\Routing\\{closure}(Object(Illuminate\\Http\\Request))
#15 D:\\laragon\\www\\rekap\\vendor\\laravel\\framework\\src\\Illuminate\\Routing\\Middleware\\SubstituteBindings.php(50): Illuminate\\Pipeline\\Pipeline->Illuminate\\Pipeline\\{closure}(Object(Illuminate\\Http\\Request))
#16 D:\\laragon\\www\\rekap\\vendor\\laravel\\framework\\src\\Illuminate\\Pipeline\\Pipeline.php(208): Illuminate\\Routing\\Middleware\\SubstituteBindings->handle(Object(Illuminate\\Http\\Request), Object(Closure))
#17 D:\\laragon\\www\\rekap\\vendor\\laravel\\framework\\src\\Illuminate\\Foundation\\Http\\Middleware\\VerifyCsrfToken.php(87): Illuminate\\Pipeline\\Pipeline->Illuminate\\Pipeline\\{closure}(Object(Illuminate\\Http\\Request))
#18 D:\\laragon\\www\\rekap\\vendor\\laravel\\framework\\src\\Illuminate\\Pipeline\\Pipeline.php(208): Illuminate\\Foundation\\Http\\Middleware\\VerifyCsrfToken->handle(Object(Illuminate\\Http\\Request), Object(Closure))
#19 D:\\laragon\\www\\rekap\\vendor\\laravel\\framework\\src\\Illuminate\\View\\Middleware\\ShareErrorsFromSession.php(48): Illuminate\\Pipeline\\Pipeline->Illuminate\\Pipeline\\{closure}(Object(Illuminate\\Http\\Request))
#20 D:\\laragon\\www\\rekap\\vendor\\laravel\\framework\\src\\Illuminate\\Pipeline\\Pipeline.php(208): Illuminate\\View\\Middleware\\ShareErrorsFromSession->handle(Object(Illuminate\\Http\\Request), Object(Closure))
#21 D:\\laragon\\www\\rekap\\vendor\\laravel\\framework\\src\\Illuminate\\Session\\Middleware\\StartSession.php(120): Illuminate\\Pipeline\\Pipeline->Illuminate\\Pipeline\\{closure}(Object(Illuminate\\Http\\Request))
#22 D:\\laragon\\www\\rekap\\vendor\\laravel\\framework\\src\\Illuminate\\Session\\Middleware\\StartSession.php(63): Illuminate\\Session\\Middleware\\StartSession->handleStatefulRequest(Object(Illuminate\\Http\\Request), Object(Illuminate\\Session\\Store), Object(Closure))
#23 D:\\laragon\\www\\rekap\\vendor\\laravel\\framework\\src\\Illuminate\\Pipeline\\Pipeline.php(208): Illuminate\\Session\\Middleware\\StartSession->handle(Object(Illuminate\\Http\\Request), Object(Closure))
#24 D:\\laragon\\www\\rekap\\vendor\\laravel\\framework\\src\\Illuminate\\Cookie\\Middleware\\AddQueuedCookiesToResponse.php(36): Illuminate\\Pipeline\\Pipeline->Illuminate\\Pipeline\\{closure}(Object(Illuminate\\Http\\Request))
#25 D:\\laragon\\www\\rekap\\vendor\\laravel\\framework\\src\\Illuminate\\Pipeline\\Pipeline.php(208): Illuminate\\Cookie\\Middleware\\AddQueuedCookiesToResponse->handle(Object(Illuminate\\Http\\Request), Object(Closure))
#26 D:\\laragon\\www\\rekap\\vendor\\laravel\\framework\\src\\Illuminate\\Cookie\\Middleware\\EncryptCookies.php(74): Illuminate\\Pipeline\\Pipeline->Illuminate\\Pipeline\\{closure}(Object(Illuminate\\Http\\Request))
#27 D:\\laragon\\www\\rekap\\vendor\\laravel\\framework\\src\\Illuminate\\Pipeline\\Pipeline.php(208): Illuminate\\Cookie\\Middleware\\EncryptCookies->handle(Object(Illuminate\\Http\\Request), Object(Closure))
#28 D:\\laragon\\www\\rekap\\vendor\\laravel\\framework\\src\\Illuminate\\Pipeline\\Pipeline.php(126): Illuminate\\Pipeline\\Pipeline->Illuminate\\Pipeline\\{closure}(Object(Illuminate\\Http\\Request))
#29 D:\\laragon\\www\\rekap\\vendor\\laravel\\framework\\src\\Illuminate\\Routing\\Router.php(807): Illuminate\\Pipeline\\Pipeline->then(Object(Closure))
#30 D:\\laragon\\www\\rekap\\vendor\\laravel\\framework\\src\\Illuminate\\Routing\\Router.php(786): Illuminate\\Routing\\Router->runRouteWithinStack(Object(Illuminate\\Routing\\Route), Object(Illuminate\\Http\\Request))
#31 D:\\laragon\\www\\rekap\\vendor\\laravel\\framework\\src\\Illuminate\\Routing\\Router.php(750): Illuminate\\Routing\\Router->runRoute(Object(Illuminate\\Http\\Request), Object(Illuminate\\Routing\\Route))
#32 D:\\laragon\\www\\rekap\\vendor\\laravel\\framework\\src\\Illuminate\\Routing\\Router.php(739): Illuminate\\Routing\\Router->dispatchToRoute(Object(Illuminate\\Http\\Request))
#33 D:\\laragon\\www\\rekap\\vendor\\laravel\\framework\\src\\Illuminate\\Foundation\\Http\\Kernel.php(200): Illuminate\\Routing\\Router->dispatch(Object(Illuminate\\Http\\Request))
#34 D:\\laragon\\www\\rekap\\vendor\\laravel\\framework\\src\\Illuminate\\Pipeline\\Pipeline.php(169): Illuminate\\Foundation\\Http\\Kernel->Illuminate\\Foundation\\Http\\{closure}(Object(Illuminate\\Http\\Request))
#35 D:\\laragon\\www\\rekap\\vendor\\laravel\\framework\\src\\Illuminate\\Foundation\\Http\\Middleware\\TransformsRequest.php(21): Illuminate\\Pipeline\\Pipeline->Illuminate\\Pipeline\\{closure}(Object(Illuminate\\Http\\Request))
#36 D:\\laragon\\www\\rekap\\vendor\\laravel\\framework\\src\\Illuminate\\Foundation\\Http\\Middleware\\ConvertEmptyStringsToNull.php(31): Illuminate\\Foundation\\Http\\Middleware\\TransformsRequest->handle(Object(Illuminate\\Http\\Request), Object(Closure))
#37 D:\\laragon\\www\\rekap\\vendor\\laravel\\framework\\src\\Illuminate\\Pipeline\\Pipeline.php(208): Illuminate\\Foundation\\Http\\Middleware\\ConvertEmptyStringsToNull->handle(Object(Illuminate\\Http\\Request), Object(Closure))
#38 D:\\laragon\\www\\rekap\\vendor\\laravel\\framework\\src\\Illuminate\\Foundation\\Http\\Middleware\\TransformsRequest.php(21): Illuminate\\Pipeline\\Pipeline->Illuminate\\Pipeline\\{closure}(Object(Illuminate\\Http\\Request))
#39 D:\\laragon\\www\\rekap\\vendor\\laravel\\framework\\src\\Illuminate\\Foundation\\Http\\Middleware\\TrimStrings.php(51): Illuminate\\Foundation\\Http\\Middleware\\TransformsRequest->handle(Object(Illuminate\\Http\\Request), Object(Closure))
#40 D:\\laragon\\www\\rekap\\vendor\\laravel\\framework\\src\\Illuminate\\Pipeline\\Pipeline.php(208): Illuminate\\Foundation\\Http\\Middleware\\TrimStrings->handle(Object(Illuminate\\Http\\Request), Object(Closure))
#41 D:\\laragon\\www\\rekap\\vendor\\laravel\\framework\\src\\Illuminate\\Http\\Middleware\\ValidatePostSize.php(27): Illuminate\\Pipeline\\Pipeline->Illuminate\\Pipeline\\{closure}(Object(Illuminate\\Http\\Request))
#42 D:\\laragon\\www\\rekap\\vendor\\laravel\\framework\\src\\Illuminate\\Pipeline\\Pipeline.php(208): Illuminate\\Http\\Middleware\\ValidatePostSize->handle(Object(Illuminate\\Http\\Request), Object(Closure))
#43 D:\\laragon\\www\\rekap\\vendor\\laravel\\framework\\src\\Illuminate\\Foundation\\Http\\Middleware\\PreventRequestsDuringMaintenance.php(109): Illuminate\\Pipeline\\Pipeline->Illuminate\\Pipeline\\{closure}(Object(Illuminate\\Http\\Request))
#44 D:\\laragon\\www\\rekap\\vendor\\laravel\\framework\\src\\Illuminate\\Pipeline\\Pipeline.php(208): Illuminate\\Foundation\\Http\\Middleware\\PreventRequestsDuringMaintenance->handle(Object(Illuminate\\Http\\Request), Object(Closure))
#45 D:\\laragon\\www\\rekap\\vendor\\laravel\\framework\\src\\Illuminate\\Http\\Middleware\\HandleCors.php(48): Illuminate\\Pipeline\\Pipeline->Illuminate\\Pipeline\\{closure}(Object(Illuminate\\Http\\Request))
#46 D:\\laragon\\www\\rekap\\vendor\\laravel\\framework\\src\\Illuminate\\Pipeline\\Pipeline.php(208): Illuminate\\Http\\Middleware\\HandleCors->handle(Object(Illuminate\\Http\\Request), Object(Closure))
#47 D:\\laragon\\www\\rekap\\vendor\\laravel\\framework\\src\\Illuminate\\Http\\Middleware\\TrustProxies.php(58): Illuminate\\Pipeline\\Pipeline->Illuminate\\Pipeline\\{closure}(Object(Illuminate\\Http\\Request))
#48 D:\\laragon\\www\\rekap\\vendor\\laravel\\framework\\src\\Illuminate\\Pipeline\\Pipeline.php(208): Illuminate\\Http\\Middleware\\TrustProxies->handle(Object(Illuminate\\Http\\Request), Object(Closure))
#49 D:\\laragon\\www\\rekap\\vendor\\laravel\\framework\\src\\Illuminate\\Foundation\\Http\\Middleware\\InvokeDeferredCallbacks.php(22): Illuminate\\Pipeline\\Pipeline->Illuminate\\Pipeline\\{closure}(Object(Illuminate\\Http\\Request))
#50 D:\\laragon\\www\\rekap\\vendor\\laravel\\framework\\src\\Illuminate\\Pipeline\\Pipeline.php(208): Illuminate\\Foundation\\Http\\Middleware\\InvokeDeferredCallbacks->handle(Object(Illuminate\\Http\\Request), Object(Closure))
#51 D:\\laragon\\www\\rekap\\vendor\\laravel\\framework\\src\\Illuminate\\Http\\Middleware\\ValidatePathEncoding.php(26): Illuminate\\Pipeline\\Pipeline->Illuminate\\Pipeline\\{closure}(Object(Illuminate\\Http\\Request))
#52 D:\\laragon\\www\\rekap\\vendor\\laravel\\framework\\src\\Illuminate\\Pipeline\\Pipeline.php(208): Illuminate\\Http\\Middleware\\ValidatePathEncoding->handle(Object(Illuminate\\Http\\Request), Object(Closure))
#53 D:\\laragon\\www\\rekap\\vendor\\laravel\\framework\\src\\Illuminate\\Pipeline\\Pipeline.php(126): Illuminate\\Pipeline\\Pipeline->Illuminate\\Pipeline\\{closure}(Object(Illuminate\\Http\\Request))
#54 D:\\laragon\\www\\rekap\\vendor\\laravel\\framework\\src\\Illuminate\\Foundation\\Http\\Kernel.php(175): Illuminate\\Pipeline\\Pipeline->then(Object(Closure))
#55 D:\\laragon\\www\\rekap\\vendor\\laravel\\framework\\src\\Illuminate\\Foundation\\Http\\Kernel.php(144): Illuminate\\Foundation\\Http\\Kernel->sendRequestThroughRouter(Object(Illuminate\\Http\\Request))
#56 D:\\laragon\\www\\rekap\\vendor\\laravel\\framework\\src\\Illuminate\\Foundation\\Application.php(1219): Illuminate\\Foundation\\Http\\Kernel->handle(Object(Illuminate\\Http\\Request))
#57 D:\\laragon\\www\\rekap\\public\\index.php(20): Illuminate\\Foundation\\Application->handleRequest(Object(Illuminate\\Http\\Request))
#58 D:\\laragon\\www\\rekap\\vendor\\laravel\\framework\\src\\Illuminate\\Foundation\\resources\\server.php(23): require_once('D:\\\\laragon\\\\www\\\\...')
#59 {main}
"} 
[2025-07-04 01:32:00] local.ERROR: Route [absensi.store] not defined. (View: D:\laragon\www\rekap\resources\views\absensi\index.blade.php) {"exception":"[object] (Illuminate\\View\\ViewException(code: 0): Route [absensi.store] not defined. (View: D:\\laragon\\www\\rekap\\resources\\views\\absensi\\index.blade.php) at D:\\laragon\\www\\rekap\\vendor\\laravel\\framework\\src\\Illuminate\\Routing\\UrlGenerator.php:526)
[stacktrace]
#0 D:\\laragon\\www\\rekap\\vendor\\laravel\\framework\\src\\Illuminate\\View\\Engines\\PhpEngine.php(59): Illuminate\\View\\Engines\\CompilerEngine->handleViewException(Object(Symfony\\Component\\Routing\\Exception\\RouteNotFoundException), 1)
#1 D:\\laragon\\www\\rekap\\vendor\\laravel\\framework\\src\\Illuminate\\View\\Engines\\CompilerEngine.php(74): Illuminate\\View\\Engines\\PhpEngine->evaluatePath('D:\\\\laragon\\\\www\\\\...', Array)
#2 D:\\laragon\\www\\rekap\\vendor\\laravel\\framework\\src\\Illuminate\\View\\View.php(208): Illuminate\\View\\Engines\\CompilerEngine->get('D:\\\\laragon\\\\www\\\\...', Array)
#3 D:\\laragon\\www\\rekap\\vendor\\laravel\\framework\\src\\Illuminate\\View\\View.php(191): Illuminate\\View\\View->getContents()
#4 D:\\laragon\\www\\rekap\\vendor\\laravel\\framework\\src\\Illuminate\\View\\View.php(160): Illuminate\\View\\View->renderContents()
#5 D:\\laragon\\www\\rekap\\vendor\\laravel\\framework\\src\\Illuminate\\Http\\Response.php(78): Illuminate\\View\\View->render()
#6 D:\\laragon\\www\\rekap\\vendor\\laravel\\framework\\src\\Illuminate\\Http\\Response.php(34): Illuminate\\Http\\Response->setContent(Object(Illuminate\\View\\View))
#7 D:\\laragon\\www\\rekap\\vendor\\laravel\\framework\\src\\Illuminate\\Routing\\Router.php(924): Illuminate\\Http\\Response->__construct(Object(Illuminate\\View\\View), 200, Array)
#8 D:\\laragon\\www\\rekap\\vendor\\laravel\\framework\\src\\Illuminate\\Routing\\Router.php(891): Illuminate\\Routing\\Router::toResponse(Object(Illuminate\\Http\\Request), Object(Illuminate\\View\\View))
#9 D:\\laragon\\www\\rekap\\vendor\\laravel\\framework\\src\\Illuminate\\Routing\\Router.php(807): Illuminate\\Routing\\Router->prepareResponse(Object(Illuminate\\Http\\Request), Object(Illuminate\\View\\View))
#10 D:\\laragon\\www\\rekap\\vendor\\laravel\\framework\\src\\Illuminate\\Pipeline\\Pipeline.php(169): Illuminate\\Routing\\Router->Illuminate\\Routing\\{closure}(Object(Illuminate\\Http\\Request))
#11 D:\\laragon\\www\\rekap\\vendor\\laravel\\framework\\src\\Illuminate\\Routing\\Middleware\\SubstituteBindings.php(50): Illuminate\\Pipeline\\Pipeline->Illuminate\\Pipeline\\{closure}(Object(Illuminate\\Http\\Request))
#12 D:\\laragon\\www\\rekap\\vendor\\laravel\\framework\\src\\Illuminate\\Pipeline\\Pipeline.php(208): Illuminate\\Routing\\Middleware\\SubstituteBindings->handle(Object(Illuminate\\Http\\Request), Object(Closure))
#13 D:\\laragon\\www\\rekap\\vendor\\laravel\\framework\\src\\Illuminate\\Foundation\\Http\\Middleware\\VerifyCsrfToken.php(87): Illuminate\\Pipeline\\Pipeline->Illuminate\\Pipeline\\{closure}(Object(Illuminate\\Http\\Request))
#14 D:\\laragon\\www\\rekap\\vendor\\laravel\\framework\\src\\Illuminate\\Pipeline\\Pipeline.php(208): Illuminate\\Foundation\\Http\\Middleware\\VerifyCsrfToken->handle(Object(Illuminate\\Http\\Request), Object(Closure))
#15 D:\\laragon\\www\\rekap\\vendor\\laravel\\framework\\src\\Illuminate\\View\\Middleware\\ShareErrorsFromSession.php(48): Illuminate\\Pipeline\\Pipeline->Illuminate\\Pipeline\\{closure}(Object(Illuminate\\Http\\Request))
#16 D:\\laragon\\www\\rekap\\vendor\\laravel\\framework\\src\\Illuminate\\Pipeline\\Pipeline.php(208): Illuminate\\View\\Middleware\\ShareErrorsFromSession->handle(Object(Illuminate\\Http\\Request), Object(Closure))
#17 D:\\laragon\\www\\rekap\\vendor\\laravel\\framework\\src\\Illuminate\\Session\\Middleware\\StartSession.php(120): Illuminate\\Pipeline\\Pipeline->Illuminate\\Pipeline\\{closure}(Object(Illuminate\\Http\\Request))
#18 D:\\laragon\\www\\rekap\\vendor\\laravel\\framework\\src\\Illuminate\\Session\\Middleware\\StartSession.php(63): Illuminate\\Session\\Middleware\\StartSession->handleStatefulRequest(Object(Illuminate\\Http\\Request), Object(Illuminate\\Session\\Store), Object(Closure))
#19 D:\\laragon\\www\\rekap\\vendor\\laravel\\framework\\src\\Illuminate\\Pipeline\\Pipeline.php(208): Illuminate\\Session\\Middleware\\StartSession->handle(Object(Illuminate\\Http\\Request), Object(Closure))
#20 D:\\laragon\\www\\rekap\\vendor\\laravel\\framework\\src\\Illuminate\\Cookie\\Middleware\\AddQueuedCookiesToResponse.php(36): Illuminate\\Pipeline\\Pipeline->Illuminate\\Pipeline\\{closure}(Object(Illuminate\\Http\\Request))
#21 D:\\laragon\\www\\rekap\\vendor\\laravel\\framework\\src\\Illuminate\\Pipeline\\Pipeline.php(208): Illuminate\\Cookie\\Middleware\\AddQueuedCookiesToResponse->handle(Object(Illuminate\\Http\\Request), Object(Closure))
#22 D:\\laragon\\www\\rekap\\vendor\\laravel\\framework\\src\\Illuminate\\Cookie\\Middleware\\EncryptCookies.php(74): Illuminate\\Pipeline\\Pipeline->Illuminate\\Pipeline\\{closure}(Object(Illuminate\\Http\\Request))
#23 D:\\laragon\\www\\rekap\\vendor\\laravel\\framework\\src\\Illuminate\\Pipeline\\Pipeline.php(208): Illuminate\\Cookie\\Middleware\\EncryptCookies->handle(Object(Illuminate\\Http\\Request), Object(Closure))
#24 D:\\laragon\\www\\rekap\\vendor\\laravel\\framework\\src\\Illuminate\\Pipeline\\Pipeline.php(126): Illuminate\\Pipeline\\Pipeline->Illuminate\\Pipeline\\{closure}(Object(Illuminate\\Http\\Request))
#25 D:\\laragon\\www\\rekap\\vendor\\laravel\\framework\\src\\Illuminate\\Routing\\Router.php(807): Illuminate\\Pipeline\\Pipeline->then(Object(Closure))
#26 D:\\laragon\\www\\rekap\\vendor\\laravel\\framework\\src\\Illuminate\\Routing\\Router.php(786): Illuminate\\Routing\\Router->runRouteWithinStack(Object(Illuminate\\Routing\\Route), Object(Illuminate\\Http\\Request))
#27 D:\\laragon\\www\\rekap\\vendor\\laravel\\framework\\src\\Illuminate\\Routing\\Router.php(750): Illuminate\\Routing\\Router->runRoute(Object(Illuminate\\Http\\Request), Object(Illuminate\\Routing\\Route))
#28 D:\\laragon\\www\\rekap\\vendor\\laravel\\framework\\src\\Illuminate\\Routing\\Router.php(739): Illuminate\\Routing\\Router->dispatchToRoute(Object(Illuminate\\Http\\Request))
#29 D:\\laragon\\www\\rekap\\vendor\\laravel\\framework\\src\\Illuminate\\Foundation\\Http\\Kernel.php(200): Illuminate\\Routing\\Router->dispatch(Object(Illuminate\\Http\\Request))
#30 D:\\laragon\\www\\rekap\\vendor\\laravel\\framework\\src\\Illuminate\\Pipeline\\Pipeline.php(169): Illuminate\\Foundation\\Http\\Kernel->Illuminate\\Foundation\\Http\\{closure}(Object(Illuminate\\Http\\Request))
#31 D:\\laragon\\www\\rekap\\vendor\\laravel\\framework\\src\\Illuminate\\Foundation\\Http\\Middleware\\TransformsRequest.php(21): Illuminate\\Pipeline\\Pipeline->Illuminate\\Pipeline\\{closure}(Object(Illuminate\\Http\\Request))
#32 D:\\laragon\\www\\rekap\\vendor\\laravel\\framework\\src\\Illuminate\\Foundation\\Http\\Middleware\\ConvertEmptyStringsToNull.php(31): Illuminate\\Foundation\\Http\\Middleware\\TransformsRequest->handle(Object(Illuminate\\Http\\Request), Object(Closure))
#33 D:\\laragon\\www\\rekap\\vendor\\laravel\\framework\\src\\Illuminate\\Pipeline\\Pipeline.php(208): Illuminate\\Foundation\\Http\\Middleware\\ConvertEmptyStringsToNull->handle(Object(Illuminate\\Http\\Request), Object(Closure))
#34 D:\\laragon\\www\\rekap\\vendor\\laravel\\framework\\src\\Illuminate\\Foundation\\Http\\Middleware\\TransformsRequest.php(21): Illuminate\\Pipeline\\Pipeline->Illuminate\\Pipeline\\{closure}(Object(Illuminate\\Http\\Request))
#35 D:\\laragon\\www\\rekap\\vendor\\laravel\\framework\\src\\Illuminate\\Foundation\\Http\\Middleware\\TrimStrings.php(51): Illuminate\\Foundation\\Http\\Middleware\\TransformsRequest->handle(Object(Illuminate\\Http\\Request), Object(Closure))
#36 D:\\laragon\\www\\rekap\\vendor\\laravel\\framework\\src\\Illuminate\\Pipeline\\Pipeline.php(208): Illuminate\\Foundation\\Http\\Middleware\\TrimStrings->handle(Object(Illuminate\\Http\\Request), Object(Closure))
#37 D:\\laragon\\www\\rekap\\vendor\\laravel\\framework\\src\\Illuminate\\Http\\Middleware\\ValidatePostSize.php(27): Illuminate\\Pipeline\\Pipeline->Illuminate\\Pipeline\\{closure}(Object(Illuminate\\Http\\Request))
#38 D:\\laragon\\www\\rekap\\vendor\\laravel\\framework\\src\\Illuminate\\Pipeline\\Pipeline.php(208): Illuminate\\Http\\Middleware\\ValidatePostSize->handle(Object(Illuminate\\Http\\Request), Object(Closure))
#39 D:\\laragon\\www\\rekap\\vendor\\laravel\\framework\\src\\Illuminate\\Foundation\\Http\\Middleware\\PreventRequestsDuringMaintenance.php(109): Illuminate\\Pipeline\\Pipeline->Illuminate\\Pipeline\\{closure}(Object(Illuminate\\Http\\Request))
#40 D:\\laragon\\www\\rekap\\vendor\\laravel\\framework\\src\\Illuminate\\Pipeline\\Pipeline.php(208): Illuminate\\Foundation\\Http\\Middleware\\PreventRequestsDuringMaintenance->handle(Object(Illuminate\\Http\\Request), Object(Closure))
#41 D:\\laragon\\www\\rekap\\vendor\\laravel\\framework\\src\\Illuminate\\Http\\Middleware\\HandleCors.php(48): Illuminate\\Pipeline\\Pipeline->Illuminate\\Pipeline\\{closure}(Object(Illuminate\\Http\\Request))
#42 D:\\laragon\\www\\rekap\\vendor\\laravel\\framework\\src\\Illuminate\\Pipeline\\Pipeline.php(208): Illuminate\\Http\\Middleware\\HandleCors->handle(Object(Illuminate\\Http\\Request), Object(Closure))
#43 D:\\laragon\\www\\rekap\\vendor\\laravel\\framework\\src\\Illuminate\\Http\\Middleware\\TrustProxies.php(58): Illuminate\\Pipeline\\Pipeline->Illuminate\\Pipeline\\{closure}(Object(Illuminate\\Http\\Request))
#44 D:\\laragon\\www\\rekap\\vendor\\laravel\\framework\\src\\Illuminate\\Pipeline\\Pipeline.php(208): Illuminate\\Http\\Middleware\\TrustProxies->handle(Object(Illuminate\\Http\\Request), Object(Closure))
#45 D:\\laragon\\www\\rekap\\vendor\\laravel\\framework\\src\\Illuminate\\Foundation\\Http\\Middleware\\InvokeDeferredCallbacks.php(22): Illuminate\\Pipeline\\Pipeline->Illuminate\\Pipeline\\{closure}(Object(Illuminate\\Http\\Request))
#46 D:\\laragon\\www\\rekap\\vendor\\laravel\\framework\\src\\Illuminate\\Pipeline\\Pipeline.php(208): Illuminate\\Foundation\\Http\\Middleware\\InvokeDeferredCallbacks->handle(Object(Illuminate\\Http\\Request), Object(Closure))
#47 D:\\laragon\\www\\rekap\\vendor\\laravel\\framework\\src\\Illuminate\\Http\\Middleware\\ValidatePathEncoding.php(26): Illuminate\\Pipeline\\Pipeline->Illuminate\\Pipeline\\{closure}(Object(Illuminate\\Http\\Request))
#48 D:\\laragon\\www\\rekap\\vendor\\laravel\\framework\\src\\Illuminate\\Pipeline\\Pipeline.php(208): Illuminate\\Http\\Middleware\\ValidatePathEncoding->handle(Object(Illuminate\\Http\\Request), Object(Closure))
#49 D:\\laragon\\www\\rekap\\vendor\\laravel\\framework\\src\\Illuminate\\Pipeline\\Pipeline.php(126): Illuminate\\Pipeline\\Pipeline->Illuminate\\Pipeline\\{closure}(Object(Illuminate\\Http\\Request))
#50 D:\\laragon\\www\\rekap\\vendor\\laravel\\framework\\src\\Illuminate\\Foundation\\Http\\Kernel.php(175): Illuminate\\Pipeline\\Pipeline->then(Object(Closure))
#51 D:\\laragon\\www\\rekap\\vendor\\laravel\\framework\\src\\Illuminate\\Foundation\\Http\\Kernel.php(144): Illuminate\\Foundation\\Http\\Kernel->sendRequestThroughRouter(Object(Illuminate\\Http\\Request))
#52 D:\\laragon\\www\\rekap\\vendor\\laravel\\framework\\src\\Illuminate\\Foundation\\Application.php(1219): Illuminate\\Foundation\\Http\\Kernel->handle(Object(Illuminate\\Http\\Request))
#53 D:\\laragon\\www\\rekap\\public\\index.php(20): Illuminate\\Foundation\\Application->handleRequest(Object(Illuminate\\Http\\Request))
#54 D:\\laragon\\www\\rekap\\vendor\\laravel\\framework\\src\\Illuminate\\Foundation\\resources\\server.php(23): require_once('D:\\\\laragon\\\\www\\\\...')
#55 {main}

[previous exception] [object] (Symfony\\Component\\Routing\\Exception\\RouteNotFoundException(code: 0): Route [absensi.store] not defined. at D:\\laragon\\www\\rekap\\vendor\\laravel\\framework\\src\\Illuminate\\Routing\\UrlGenerator.php:526)
[stacktrace]
#0 D:\\laragon\\www\\rekap\\vendor\\laravel\\framework\\src\\Illuminate\\Foundation\\helpers.php(856): Illuminate\\Routing\\UrlGenerator->route('absensi.store', Array, true)
#1 D:\\laragon\\www\\rekap\\storage\\framework\\views\\820ffe1ee2ca22954ee40e5d3b553981.php(45): route('absensi.store')
#2 D:\\laragon\\www\\rekap\\vendor\\laravel\\framework\\src\\Illuminate\\Filesystem\\Filesystem.php(123): require('D:\\\\laragon\\\\www\\\\...')
#3 D:\\laragon\\www\\rekap\\vendor\\laravel\\framework\\src\\Illuminate\\Filesystem\\Filesystem.php(124): Illuminate\\Filesystem\\Filesystem::Illuminate\\Filesystem\\{closure}()
#4 D:\\laragon\\www\\rekap\\vendor\\laravel\\framework\\src\\Illuminate\\View\\Engines\\PhpEngine.php(57): Illuminate\\Filesystem\\Filesystem->getRequire('D:\\\\laragon\\\\www\\\\...', Array)
#5 D:\\laragon\\www\\rekap\\vendor\\laravel\\framework\\src\\Illuminate\\View\\Engines\\CompilerEngine.php(74): Illuminate\\View\\Engines\\PhpEngine->evaluatePath('D:\\\\laragon\\\\www\\\\...', Array)
#6 D:\\laragon\\www\\rekap\\vendor\\laravel\\framework\\src\\Illuminate\\View\\View.php(208): Illuminate\\View\\Engines\\CompilerEngine->get('D:\\\\laragon\\\\www\\\\...', Array)
#7 D:\\laragon\\www\\rekap\\vendor\\laravel\\framework\\src\\Illuminate\\View\\View.php(191): Illuminate\\View\\View->getContents()
#8 D:\\laragon\\www\\rekap\\vendor\\laravel\\framework\\src\\Illuminate\\View\\View.php(160): Illuminate\\View\\View->renderContents()
#9 D:\\laragon\\www\\rekap\\vendor\\laravel\\framework\\src\\Illuminate\\Http\\Response.php(78): Illuminate\\View\\View->render()
#10 D:\\laragon\\www\\rekap\\vendor\\laravel\\framework\\src\\Illuminate\\Http\\Response.php(34): Illuminate\\Http\\Response->setContent(Object(Illuminate\\View\\View))
#11 D:\\laragon\\www\\rekap\\vendor\\laravel\\framework\\src\\Illuminate\\Routing\\Router.php(924): Illuminate\\Http\\Response->__construct(Object(Illuminate\\View\\View), 200, Array)
#12 D:\\laragon\\www\\rekap\\vendor\\laravel\\framework\\src\\Illuminate\\Routing\\Router.php(891): Illuminate\\Routing\\Router::toResponse(Object(Illuminate\\Http\\Request), Object(Illuminate\\View\\View))
#13 D:\\laragon\\www\\rekap\\vendor\\laravel\\framework\\src\\Illuminate\\Routing\\Router.php(807): Illuminate\\Routing\\Router->prepareResponse(Object(Illuminate\\Http\\Request), Object(Illuminate\\View\\View))
#14 D:\\laragon\\www\\rekap\\vendor\\laravel\\framework\\src\\Illuminate\\Pipeline\\Pipeline.php(169): Illuminate\\Routing\\Router->Illuminate\\Routing\\{closure}(Object(Illuminate\\Http\\Request))
#15 D:\\laragon\\www\\rekap\\vendor\\laravel\\framework\\src\\Illuminate\\Routing\\Middleware\\SubstituteBindings.php(50): Illuminate\\Pipeline\\Pipeline->Illuminate\\Pipeline\\{closure}(Object(Illuminate\\Http\\Request))
#16 D:\\laragon\\www\\rekap\\vendor\\laravel\\framework\\src\\Illuminate\\Pipeline\\Pipeline.php(208): Illuminate\\Routing\\Middleware\\SubstituteBindings->handle(Object(Illuminate\\Http\\Request), Object(Closure))
#17 D:\\laragon\\www\\rekap\\vendor\\laravel\\framework\\src\\Illuminate\\Foundation\\Http\\Middleware\\VerifyCsrfToken.php(87): Illuminate\\Pipeline\\Pipeline->Illuminate\\Pipeline\\{closure}(Object(Illuminate\\Http\\Request))
#18 D:\\laragon\\www\\rekap\\vendor\\laravel\\framework\\src\\Illuminate\\Pipeline\\Pipeline.php(208): Illuminate\\Foundation\\Http\\Middleware\\VerifyCsrfToken->handle(Object(Illuminate\\Http\\Request), Object(Closure))
#19 D:\\laragon\\www\\rekap\\vendor\\laravel\\framework\\src\\Illuminate\\View\\Middleware\\ShareErrorsFromSession.php(48): Illuminate\\Pipeline\\Pipeline->Illuminate\\Pipeline\\{closure}(Object(Illuminate\\Http\\Request))
#20 D:\\laragon\\www\\rekap\\vendor\\laravel\\framework\\src\\Illuminate\\Pipeline\\Pipeline.php(208): Illuminate\\View\\Middleware\\ShareErrorsFromSession->handle(Object(Illuminate\\Http\\Request), Object(Closure))
#21 D:\\laragon\\www\\rekap\\vendor\\laravel\\framework\\src\\Illuminate\\Session\\Middleware\\StartSession.php(120): Illuminate\\Pipeline\\Pipeline->Illuminate\\Pipeline\\{closure}(Object(Illuminate\\Http\\Request))
#22 D:\\laragon\\www\\rekap\\vendor\\laravel\\framework\\src\\Illuminate\\Session\\Middleware\\StartSession.php(63): Illuminate\\Session\\Middleware\\StartSession->handleStatefulRequest(Object(Illuminate\\Http\\Request), Object(Illuminate\\Session\\Store), Object(Closure))
#23 D:\\laragon\\www\\rekap\\vendor\\laravel\\framework\\src\\Illuminate\\Pipeline\\Pipeline.php(208): Illuminate\\Session\\Middleware\\StartSession->handle(Object(Illuminate\\Http\\Request), Object(Closure))
#24 D:\\laragon\\www\\rekap\\vendor\\laravel\\framework\\src\\Illuminate\\Cookie\\Middleware\\AddQueuedCookiesToResponse.php(36): Illuminate\\Pipeline\\Pipeline->Illuminate\\Pipeline\\{closure}(Object(Illuminate\\Http\\Request))
#25 D:\\laragon\\www\\rekap\\vendor\\laravel\\framework\\src\\Illuminate\\Pipeline\\Pipeline.php(208): Illuminate\\Cookie\\Middleware\\AddQueuedCookiesToResponse->handle(Object(Illuminate\\Http\\Request), Object(Closure))
#26 D:\\laragon\\www\\rekap\\vendor\\laravel\\framework\\src\\Illuminate\\Cookie\\Middleware\\EncryptCookies.php(74): Illuminate\\Pipeline\\Pipeline->Illuminate\\Pipeline\\{closure}(Object(Illuminate\\Http\\Request))
#27 D:\\laragon\\www\\rekap\\vendor\\laravel\\framework\\src\\Illuminate\\Pipeline\\Pipeline.php(208): Illuminate\\Cookie\\Middleware\\EncryptCookies->handle(Object(Illuminate\\Http\\Request), Object(Closure))
#28 D:\\laragon\\www\\rekap\\vendor\\laravel\\framework\\src\\Illuminate\\Pipeline\\Pipeline.php(126): Illuminate\\Pipeline\\Pipeline->Illuminate\\Pipeline\\{closure}(Object(Illuminate\\Http\\Request))
#29 D:\\laragon\\www\\rekap\\vendor\\laravel\\framework\\src\\Illuminate\\Routing\\Router.php(807): Illuminate\\Pipeline\\Pipeline->then(Object(Closure))
#30 D:\\laragon\\www\\rekap\\vendor\\laravel\\framework\\src\\Illuminate\\Routing\\Router.php(786): Illuminate\\Routing\\Router->runRouteWithinStack(Object(Illuminate\\Routing\\Route), Object(Illuminate\\Http\\Request))
#31 D:\\laragon\\www\\rekap\\vendor\\laravel\\framework\\src\\Illuminate\\Routing\\Router.php(750): Illuminate\\Routing\\Router->runRoute(Object(Illuminate\\Http\\Request), Object(Illuminate\\Routing\\Route))
#32 D:\\laragon\\www\\rekap\\vendor\\laravel\\framework\\src\\Illuminate\\Routing\\Router.php(739): Illuminate\\Routing\\Router->dispatchToRoute(Object(Illuminate\\Http\\Request))
#33 D:\\laragon\\www\\rekap\\vendor\\laravel\\framework\\src\\Illuminate\\Foundation\\Http\\Kernel.php(200): Illuminate\\Routing\\Router->dispatch(Object(Illuminate\\Http\\Request))
#34 D:\\laragon\\www\\rekap\\vendor\\laravel\\framework\\src\\Illuminate\\Pipeline\\Pipeline.php(169): Illuminate\\Foundation\\Http\\Kernel->Illuminate\\Foundation\\Http\\{closure}(Object(Illuminate\\Http\\Request))
#35 D:\\laragon\\www\\rekap\\vendor\\laravel\\framework\\src\\Illuminate\\Foundation\\Http\\Middleware\\TransformsRequest.php(21): Illuminate\\Pipeline\\Pipeline->Illuminate\\Pipeline\\{closure}(Object(Illuminate\\Http\\Request))
#36 D:\\laragon\\www\\rekap\\vendor\\laravel\\framework\\src\\Illuminate\\Foundation\\Http\\Middleware\\ConvertEmptyStringsToNull.php(31): Illuminate\\Foundation\\Http\\Middleware\\TransformsRequest->handle(Object(Illuminate\\Http\\Request), Object(Closure))
#37 D:\\laragon\\www\\rekap\\vendor\\laravel\\framework\\src\\Illuminate\\Pipeline\\Pipeline.php(208): Illuminate\\Foundation\\Http\\Middleware\\ConvertEmptyStringsToNull->handle(Object(Illuminate\\Http\\Request), Object(Closure))
#38 D:\\laragon\\www\\rekap\\vendor\\laravel\\framework\\src\\Illuminate\\Foundation\\Http\\Middleware\\TransformsRequest.php(21): Illuminate\\Pipeline\\Pipeline->Illuminate\\Pipeline\\{closure}(Object(Illuminate\\Http\\Request))
#39 D:\\laragon\\www\\rekap\\vendor\\laravel\\framework\\src\\Illuminate\\Foundation\\Http\\Middleware\\TrimStrings.php(51): Illuminate\\Foundation\\Http\\Middleware\\TransformsRequest->handle(Object(Illuminate\\Http\\Request), Object(Closure))
#40 D:\\laragon\\www\\rekap\\vendor\\laravel\\framework\\src\\Illuminate\\Pipeline\\Pipeline.php(208): Illuminate\\Foundation\\Http\\Middleware\\TrimStrings->handle(Object(Illuminate\\Http\\Request), Object(Closure))
#41 D:\\laragon\\www\\rekap\\vendor\\laravel\\framework\\src\\Illuminate\\Http\\Middleware\\ValidatePostSize.php(27): Illuminate\\Pipeline\\Pipeline->Illuminate\\Pipeline\\{closure}(Object(Illuminate\\Http\\Request))
#42 D:\\laragon\\www\\rekap\\vendor\\laravel\\framework\\src\\Illuminate\\Pipeline\\Pipeline.php(208): Illuminate\\Http\\Middleware\\ValidatePostSize->handle(Object(Illuminate\\Http\\Request), Object(Closure))
#43 D:\\laragon\\www\\rekap\\vendor\\laravel\\framework\\src\\Illuminate\\Foundation\\Http\\Middleware\\PreventRequestsDuringMaintenance.php(109): Illuminate\\Pipeline\\Pipeline->Illuminate\\Pipeline\\{closure}(Object(Illuminate\\Http\\Request))
#44 D:\\laragon\\www\\rekap\\vendor\\laravel\\framework\\src\\Illuminate\\Pipeline\\Pipeline.php(208): Illuminate\\Foundation\\Http\\Middleware\\PreventRequestsDuringMaintenance->handle(Object(Illuminate\\Http\\Request), Object(Closure))
#45 D:\\laragon\\www\\rekap\\vendor\\laravel\\framework\\src\\Illuminate\\Http\\Middleware\\HandleCors.php(48): Illuminate\\Pipeline\\Pipeline->Illuminate\\Pipeline\\{closure}(Object(Illuminate\\Http\\Request))
#46 D:\\laragon\\www\\rekap\\vendor\\laravel\\framework\\src\\Illuminate\\Pipeline\\Pipeline.php(208): Illuminate\\Http\\Middleware\\HandleCors->handle(Object(Illuminate\\Http\\Request), Object(Closure))
#47 D:\\laragon\\www\\rekap\\vendor\\laravel\\framework\\src\\Illuminate\\Http\\Middleware\\TrustProxies.php(58): Illuminate\\Pipeline\\Pipeline->Illuminate\\Pipeline\\{closure}(Object(Illuminate\\Http\\Request))
#48 D:\\laragon\\www\\rekap\\vendor\\laravel\\framework\\src\\Illuminate\\Pipeline\\Pipeline.php(208): Illuminate\\Http\\Middleware\\TrustProxies->handle(Object(Illuminate\\Http\\Request), Object(Closure))
#49 D:\\laragon\\www\\rekap\\vendor\\laravel\\framework\\src\\Illuminate\\Foundation\\Http\\Middleware\\InvokeDeferredCallbacks.php(22): Illuminate\\Pipeline\\Pipeline->Illuminate\\Pipeline\\{closure}(Object(Illuminate\\Http\\Request))
#50 D:\\laragon\\www\\rekap\\vendor\\laravel\\framework\\src\\Illuminate\\Pipeline\\Pipeline.php(208): Illuminate\\Foundation\\Http\\Middleware\\InvokeDeferredCallbacks->handle(Object(Illuminate\\Http\\Request), Object(Closure))
#51 D:\\laragon\\www\\rekap\\vendor\\laravel\\framework\\src\\Illuminate\\Http\\Middleware\\ValidatePathEncoding.php(26): Illuminate\\Pipeline\\Pipeline->Illuminate\\Pipeline\\{closure}(Object(Illuminate\\Http\\Request))
#52 D:\\laragon\\www\\rekap\\vendor\\laravel\\framework\\src\\Illuminate\\Pipeline\\Pipeline.php(208): Illuminate\\Http\\Middleware\\ValidatePathEncoding->handle(Object(Illuminate\\Http\\Request), Object(Closure))
#53 D:\\laragon\\www\\rekap\\vendor\\laravel\\framework\\src\\Illuminate\\Pipeline\\Pipeline.php(126): Illuminate\\Pipeline\\Pipeline->Illuminate\\Pipeline\\{closure}(Object(Illuminate\\Http\\Request))
#54 D:\\laragon\\www\\rekap\\vendor\\laravel\\framework\\src\\Illuminate\\Foundation\\Http\\Kernel.php(175): Illuminate\\Pipeline\\Pipeline->then(Object(Closure))
#55 D:\\laragon\\www\\rekap\\vendor\\laravel\\framework\\src\\Illuminate\\Foundation\\Http\\Kernel.php(144): Illuminate\\Foundation\\Http\\Kernel->sendRequestThroughRouter(Object(Illuminate\\Http\\Request))
#56 D:\\laragon\\www\\rekap\\vendor\\laravel\\framework\\src\\Illuminate\\Foundation\\Application.php(1219): Illuminate\\Foundation\\Http\\Kernel->handle(Object(Illuminate\\Http\\Request))
#57 D:\\laragon\\www\\rekap\\public\\index.php(20): Illuminate\\Foundation\\Application->handleRequest(Object(Illuminate\\Http\\Request))
#58 D:\\laragon\\www\\rekap\\vendor\\laravel\\framework\\src\\Illuminate\\Foundation\\resources\\server.php(23): require_once('D:\\\\laragon\\\\www\\\\...')
#59 {main}
"} 
[2025-07-04 01:32:02] local.ERROR: Route [absensi.store] not defined. (View: D:\laragon\www\rekap\resources\views\absensi\index.blade.php) {"exception":"[object] (Illuminate\\View\\ViewException(code: 0): Route [absensi.store] not defined. (View: D:\\laragon\\www\\rekap\\resources\\views\\absensi\\index.blade.php) at D:\\laragon\\www\\rekap\\vendor\\laravel\\framework\\src\\Illuminate\\Routing\\UrlGenerator.php:526)
[stacktrace]
#0 D:\\laragon\\www\\rekap\\vendor\\laravel\\framework\\src\\Illuminate\\View\\Engines\\PhpEngine.php(59): Illuminate\\View\\Engines\\CompilerEngine->handleViewException(Object(Symfony\\Component\\Routing\\Exception\\RouteNotFoundException), 1)
#1 D:\\laragon\\www\\rekap\\vendor\\laravel\\framework\\src\\Illuminate\\View\\Engines\\CompilerEngine.php(74): Illuminate\\View\\Engines\\PhpEngine->evaluatePath('D:\\\\laragon\\\\www\\\\...', Array)
#2 D:\\laragon\\www\\rekap\\vendor\\laravel\\framework\\src\\Illuminate\\View\\View.php(208): Illuminate\\View\\Engines\\CompilerEngine->get('D:\\\\laragon\\\\www\\\\...', Array)
#3 D:\\laragon\\www\\rekap\\vendor\\laravel\\framework\\src\\Illuminate\\View\\View.php(191): Illuminate\\View\\View->getContents()
#4 D:\\laragon\\www\\rekap\\vendor\\laravel\\framework\\src\\Illuminate\\View\\View.php(160): Illuminate\\View\\View->renderContents()
#5 D:\\laragon\\www\\rekap\\vendor\\laravel\\framework\\src\\Illuminate\\Http\\Response.php(78): Illuminate\\View\\View->render()
#6 D:\\laragon\\www\\rekap\\vendor\\laravel\\framework\\src\\Illuminate\\Http\\Response.php(34): Illuminate\\Http\\Response->setContent(Object(Illuminate\\View\\View))
#7 D:\\laragon\\www\\rekap\\vendor\\laravel\\framework\\src\\Illuminate\\Routing\\Router.php(924): Illuminate\\Http\\Response->__construct(Object(Illuminate\\View\\View), 200, Array)
#8 D:\\laragon\\www\\rekap\\vendor\\laravel\\framework\\src\\Illuminate\\Routing\\Router.php(891): Illuminate\\Routing\\Router::toResponse(Object(Illuminate\\Http\\Request), Object(Illuminate\\View\\View))
#9 D:\\laragon\\www\\rekap\\vendor\\laravel\\framework\\src\\Illuminate\\Routing\\Router.php(807): Illuminate\\Routing\\Router->prepareResponse(Object(Illuminate\\Http\\Request), Object(Illuminate\\View\\View))
#10 D:\\laragon\\www\\rekap\\vendor\\laravel\\framework\\src\\Illuminate\\Pipeline\\Pipeline.php(169): Illuminate\\Routing\\Router->Illuminate\\Routing\\{closure}(Object(Illuminate\\Http\\Request))
#11 D:\\laragon\\www\\rekap\\vendor\\laravel\\framework\\src\\Illuminate\\Routing\\Middleware\\SubstituteBindings.php(50): Illuminate\\Pipeline\\Pipeline->Illuminate\\Pipeline\\{closure}(Object(Illuminate\\Http\\Request))
#12 D:\\laragon\\www\\rekap\\vendor\\laravel\\framework\\src\\Illuminate\\Pipeline\\Pipeline.php(208): Illuminate\\Routing\\Middleware\\SubstituteBindings->handle(Object(Illuminate\\Http\\Request), Object(Closure))
#13 D:\\laragon\\www\\rekap\\vendor\\laravel\\framework\\src\\Illuminate\\Foundation\\Http\\Middleware\\VerifyCsrfToken.php(87): Illuminate\\Pipeline\\Pipeline->Illuminate\\Pipeline\\{closure}(Object(Illuminate\\Http\\Request))
#14 D:\\laragon\\www\\rekap\\vendor\\laravel\\framework\\src\\Illuminate\\Pipeline\\Pipeline.php(208): Illuminate\\Foundation\\Http\\Middleware\\VerifyCsrfToken->handle(Object(Illuminate\\Http\\Request), Object(Closure))
#15 D:\\laragon\\www\\rekap\\vendor\\laravel\\framework\\src\\Illuminate\\View\\Middleware\\ShareErrorsFromSession.php(48): Illuminate\\Pipeline\\Pipeline->Illuminate\\Pipeline\\{closure}(Object(Illuminate\\Http\\Request))
#16 D:\\laragon\\www\\rekap\\vendor\\laravel\\framework\\src\\Illuminate\\Pipeline\\Pipeline.php(208): Illuminate\\View\\Middleware\\ShareErrorsFromSession->handle(Object(Illuminate\\Http\\Request), Object(Closure))
#17 D:\\laragon\\www\\rekap\\vendor\\laravel\\framework\\src\\Illuminate\\Session\\Middleware\\StartSession.php(120): Illuminate\\Pipeline\\Pipeline->Illuminate\\Pipeline\\{closure}(Object(Illuminate\\Http\\Request))
#18 D:\\laragon\\www\\rekap\\vendor\\laravel\\framework\\src\\Illuminate\\Session\\Middleware\\StartSession.php(63): Illuminate\\Session\\Middleware\\StartSession->handleStatefulRequest(Object(Illuminate\\Http\\Request), Object(Illuminate\\Session\\Store), Object(Closure))
#19 D:\\laragon\\www\\rekap\\vendor\\laravel\\framework\\src\\Illuminate\\Pipeline\\Pipeline.php(208): Illuminate\\Session\\Middleware\\StartSession->handle(Object(Illuminate\\Http\\Request), Object(Closure))
#20 D:\\laragon\\www\\rekap\\vendor\\laravel\\framework\\src\\Illuminate\\Cookie\\Middleware\\AddQueuedCookiesToResponse.php(36): Illuminate\\Pipeline\\Pipeline->Illuminate\\Pipeline\\{closure}(Object(Illuminate\\Http\\Request))
#21 D:\\laragon\\www\\rekap\\vendor\\laravel\\framework\\src\\Illuminate\\Pipeline\\Pipeline.php(208): Illuminate\\Cookie\\Middleware\\AddQueuedCookiesToResponse->handle(Object(Illuminate\\Http\\Request), Object(Closure))
#22 D:\\laragon\\www\\rekap\\vendor\\laravel\\framework\\src\\Illuminate\\Cookie\\Middleware\\EncryptCookies.php(74): Illuminate\\Pipeline\\Pipeline->Illuminate\\Pipeline\\{closure}(Object(Illuminate\\Http\\Request))
#23 D:\\laragon\\www\\rekap\\vendor\\laravel\\framework\\src\\Illuminate\\Pipeline\\Pipeline.php(208): Illuminate\\Cookie\\Middleware\\EncryptCookies->handle(Object(Illuminate\\Http\\Request), Object(Closure))
#24 D:\\laragon\\www\\rekap\\vendor\\laravel\\framework\\src\\Illuminate\\Pipeline\\Pipeline.php(126): Illuminate\\Pipeline\\Pipeline->Illuminate\\Pipeline\\{closure}(Object(Illuminate\\Http\\Request))
#25 D:\\laragon\\www\\rekap\\vendor\\laravel\\framework\\src\\Illuminate\\Routing\\Router.php(807): Illuminate\\Pipeline\\Pipeline->then(Object(Closure))
#26 D:\\laragon\\www\\rekap\\vendor\\laravel\\framework\\src\\Illuminate\\Routing\\Router.php(786): Illuminate\\Routing\\Router->runRouteWithinStack(Object(Illuminate\\Routing\\Route), Object(Illuminate\\Http\\Request))
#27 D:\\laragon\\www\\rekap\\vendor\\laravel\\framework\\src\\Illuminate\\Routing\\Router.php(750): Illuminate\\Routing\\Router->runRoute(Object(Illuminate\\Http\\Request), Object(Illuminate\\Routing\\Route))
#28 D:\\laragon\\www\\rekap\\vendor\\laravel\\framework\\src\\Illuminate\\Routing\\Router.php(739): Illuminate\\Routing\\Router->dispatchToRoute(Object(Illuminate\\Http\\Request))
#29 D:\\laragon\\www\\rekap\\vendor\\laravel\\framework\\src\\Illuminate\\Foundation\\Http\\Kernel.php(200): Illuminate\\Routing\\Router->dispatch(Object(Illuminate\\Http\\Request))
#30 D:\\laragon\\www\\rekap\\vendor\\laravel\\framework\\src\\Illuminate\\Pipeline\\Pipeline.php(169): Illuminate\\Foundation\\Http\\Kernel->Illuminate\\Foundation\\Http\\{closure}(Object(Illuminate\\Http\\Request))
#31 D:\\laragon\\www\\rekap\\vendor\\laravel\\framework\\src\\Illuminate\\Foundation\\Http\\Middleware\\TransformsRequest.php(21): Illuminate\\Pipeline\\Pipeline->Illuminate\\Pipeline\\{closure}(Object(Illuminate\\Http\\Request))
#32 D:\\laragon\\www\\rekap\\vendor\\laravel\\framework\\src\\Illuminate\\Foundation\\Http\\Middleware\\ConvertEmptyStringsToNull.php(31): Illuminate\\Foundation\\Http\\Middleware\\TransformsRequest->handle(Object(Illuminate\\Http\\Request), Object(Closure))
#33 D:\\laragon\\www\\rekap\\vendor\\laravel\\framework\\src\\Illuminate\\Pipeline\\Pipeline.php(208): Illuminate\\Foundation\\Http\\Middleware\\ConvertEmptyStringsToNull->handle(Object(Illuminate\\Http\\Request), Object(Closure))
#34 D:\\laragon\\www\\rekap\\vendor\\laravel\\framework\\src\\Illuminate\\Foundation\\Http\\Middleware\\TransformsRequest.php(21): Illuminate\\Pipeline\\Pipeline->Illuminate\\Pipeline\\{closure}(Object(Illuminate\\Http\\Request))
#35 D:\\laragon\\www\\rekap\\vendor\\laravel\\framework\\src\\Illuminate\\Foundation\\Http\\Middleware\\TrimStrings.php(51): Illuminate\\Foundation\\Http\\Middleware\\TransformsRequest->handle(Object(Illuminate\\Http\\Request), Object(Closure))
#36 D:\\laragon\\www\\rekap\\vendor\\laravel\\framework\\src\\Illuminate\\Pipeline\\Pipeline.php(208): Illuminate\\Foundation\\Http\\Middleware\\TrimStrings->handle(Object(Illuminate\\Http\\Request), Object(Closure))
#37 D:\\laragon\\www\\rekap\\vendor\\laravel\\framework\\src\\Illuminate\\Http\\Middleware\\ValidatePostSize.php(27): Illuminate\\Pipeline\\Pipeline->Illuminate\\Pipeline\\{closure}(Object(Illuminate\\Http\\Request))
#38 D:\\laragon\\www\\rekap\\vendor\\laravel\\framework\\src\\Illuminate\\Pipeline\\Pipeline.php(208): Illuminate\\Http\\Middleware\\ValidatePostSize->handle(Object(Illuminate\\Http\\Request), Object(Closure))
#39 D:\\laragon\\www\\rekap\\vendor\\laravel\\framework\\src\\Illuminate\\Foundation\\Http\\Middleware\\PreventRequestsDuringMaintenance.php(109): Illuminate\\Pipeline\\Pipeline->Illuminate\\Pipeline\\{closure}(Object(Illuminate\\Http\\Request))
#40 D:\\laragon\\www\\rekap\\vendor\\laravel\\framework\\src\\Illuminate\\Pipeline\\Pipeline.php(208): Illuminate\\Foundation\\Http\\Middleware\\PreventRequestsDuringMaintenance->handle(Object(Illuminate\\Http\\Request), Object(Closure))
#41 D:\\laragon\\www\\rekap\\vendor\\laravel\\framework\\src\\Illuminate\\Http\\Middleware\\HandleCors.php(48): Illuminate\\Pipeline\\Pipeline->Illuminate\\Pipeline\\{closure}(Object(Illuminate\\Http\\Request))
#42 D:\\laragon\\www\\rekap\\vendor\\laravel\\framework\\src\\Illuminate\\Pipeline\\Pipeline.php(208): Illuminate\\Http\\Middleware\\HandleCors->handle(Object(Illuminate\\Http\\Request), Object(Closure))
#43 D:\\laragon\\www\\rekap\\vendor\\laravel\\framework\\src\\Illuminate\\Http\\Middleware\\TrustProxies.php(58): Illuminate\\Pipeline\\Pipeline->Illuminate\\Pipeline\\{closure}(Object(Illuminate\\Http\\Request))
#44 D:\\laragon\\www\\rekap\\vendor\\laravel\\framework\\src\\Illuminate\\Pipeline\\Pipeline.php(208): Illuminate\\Http\\Middleware\\TrustProxies->handle(Object(Illuminate\\Http\\Request), Object(Closure))
#45 D:\\laragon\\www\\rekap\\vendor\\laravel\\framework\\src\\Illuminate\\Foundation\\Http\\Middleware\\InvokeDeferredCallbacks.php(22): Illuminate\\Pipeline\\Pipeline->Illuminate\\Pipeline\\{closure}(Object(Illuminate\\Http\\Request))
#46 D:\\laragon\\www\\rekap\\vendor\\laravel\\framework\\src\\Illuminate\\Pipeline\\Pipeline.php(208): Illuminate\\Foundation\\Http\\Middleware\\InvokeDeferredCallbacks->handle(Object(Illuminate\\Http\\Request), Object(Closure))
#47 D:\\laragon\\www\\rekap\\vendor\\laravel\\framework\\src\\Illuminate\\Http\\Middleware\\ValidatePathEncoding.php(26): Illuminate\\Pipeline\\Pipeline->Illuminate\\Pipeline\\{closure}(Object(Illuminate\\Http\\Request))
#48 D:\\laragon\\www\\rekap\\vendor\\laravel\\framework\\src\\Illuminate\\Pipeline\\Pipeline.php(208): Illuminate\\Http\\Middleware\\ValidatePathEncoding->handle(Object(Illuminate\\Http\\Request), Object(Closure))
#49 D:\\laragon\\www\\rekap\\vendor\\laravel\\framework\\src\\Illuminate\\Pipeline\\Pipeline.php(126): Illuminate\\Pipeline\\Pipeline->Illuminate\\Pipeline\\{closure}(Object(Illuminate\\Http\\Request))
#50 D:\\laragon\\www\\rekap\\vendor\\laravel\\framework\\src\\Illuminate\\Foundation\\Http\\Kernel.php(175): Illuminate\\Pipeline\\Pipeline->then(Object(Closure))
#51 D:\\laragon\\www\\rekap\\vendor\\laravel\\framework\\src\\Illuminate\\Foundation\\Http\\Kernel.php(144): Illuminate\\Foundation\\Http\\Kernel->sendRequestThroughRouter(Object(Illuminate\\Http\\Request))
#52 D:\\laragon\\www\\rekap\\vendor\\laravel\\framework\\src\\Illuminate\\Foundation\\Application.php(1219): Illuminate\\Foundation\\Http\\Kernel->handle(Object(Illuminate\\Http\\Request))
#53 D:\\laragon\\www\\rekap\\public\\index.php(20): Illuminate\\Foundation\\Application->handleRequest(Object(Illuminate\\Http\\Request))
#54 D:\\laragon\\www\\rekap\\vendor\\laravel\\framework\\src\\Illuminate\\Foundation\\resources\\server.php(23): require_once('D:\\\\laragon\\\\www\\\\...')
#55 {main}

[previous exception] [object] (Symfony\\Component\\Routing\\Exception\\RouteNotFoundException(code: 0): Route [absensi.store] not defined. at D:\\laragon\\www\\rekap\\vendor\\laravel\\framework\\src\\Illuminate\\Routing\\UrlGenerator.php:526)
[stacktrace]
#0 D:\\laragon\\www\\rekap\\vendor\\laravel\\framework\\src\\Illuminate\\Foundation\\helpers.php(856): Illuminate\\Routing\\UrlGenerator->route('absensi.store', Array, true)
#1 D:\\laragon\\www\\rekap\\storage\\framework\\views\\820ffe1ee2ca22954ee40e5d3b553981.php(45): route('absensi.store')
#2 D:\\laragon\\www\\rekap\\vendor\\laravel\\framework\\src\\Illuminate\\Filesystem\\Filesystem.php(123): require('D:\\\\laragon\\\\www\\\\...')
#3 D:\\laragon\\www\\rekap\\vendor\\laravel\\framework\\src\\Illuminate\\Filesystem\\Filesystem.php(124): Illuminate\\Filesystem\\Filesystem::Illuminate\\Filesystem\\{closure}()
#4 D:\\laragon\\www\\rekap\\vendor\\laravel\\framework\\src\\Illuminate\\View\\Engines\\PhpEngine.php(57): Illuminate\\Filesystem\\Filesystem->getRequire('D:\\\\laragon\\\\www\\\\...', Array)
#5 D:\\laragon\\www\\rekap\\vendor\\laravel\\framework\\src\\Illuminate\\View\\Engines\\CompilerEngine.php(74): Illuminate\\View\\Engines\\PhpEngine->evaluatePath('D:\\\\laragon\\\\www\\\\...', Array)
#6 D:\\laragon\\www\\rekap\\vendor\\laravel\\framework\\src\\Illuminate\\View\\View.php(208): Illuminate\\View\\Engines\\CompilerEngine->get('D:\\\\laragon\\\\www\\\\...', Array)
#7 D:\\laragon\\www\\rekap\\vendor\\laravel\\framework\\src\\Illuminate\\View\\View.php(191): Illuminate\\View\\View->getContents()
#8 D:\\laragon\\www\\rekap\\vendor\\laravel\\framework\\src\\Illuminate\\View\\View.php(160): Illuminate\\View\\View->renderContents()
#9 D:\\laragon\\www\\rekap\\vendor\\laravel\\framework\\src\\Illuminate\\Http\\Response.php(78): Illuminate\\View\\View->render()
#10 D:\\laragon\\www\\rekap\\vendor\\laravel\\framework\\src\\Illuminate\\Http\\Response.php(34): Illuminate\\Http\\Response->setContent(Object(Illuminate\\View\\View))
#11 D:\\laragon\\www\\rekap\\vendor\\laravel\\framework\\src\\Illuminate\\Routing\\Router.php(924): Illuminate\\Http\\Response->__construct(Object(Illuminate\\View\\View), 200, Array)
#12 D:\\laragon\\www\\rekap\\vendor\\laravel\\framework\\src\\Illuminate\\Routing\\Router.php(891): Illuminate\\Routing\\Router::toResponse(Object(Illuminate\\Http\\Request), Object(Illuminate\\View\\View))
#13 D:\\laragon\\www\\rekap\\vendor\\laravel\\framework\\src\\Illuminate\\Routing\\Router.php(807): Illuminate\\Routing\\Router->prepareResponse(Object(Illuminate\\Http\\Request), Object(Illuminate\\View\\View))
#14 D:\\laragon\\www\\rekap\\vendor\\laravel\\framework\\src\\Illuminate\\Pipeline\\Pipeline.php(169): Illuminate\\Routing\\Router->Illuminate\\Routing\\{closure}(Object(Illuminate\\Http\\Request))
#15 D:\\laragon\\www\\rekap\\vendor\\laravel\\framework\\src\\Illuminate\\Routing\\Middleware\\SubstituteBindings.php(50): Illuminate\\Pipeline\\Pipeline->Illuminate\\Pipeline\\{closure}(Object(Illuminate\\Http\\Request))
#16 D:\\laragon\\www\\rekap\\vendor\\laravel\\framework\\src\\Illuminate\\Pipeline\\Pipeline.php(208): Illuminate\\Routing\\Middleware\\SubstituteBindings->handle(Object(Illuminate\\Http\\Request), Object(Closure))
#17 D:\\laragon\\www\\rekap\\vendor\\laravel\\framework\\src\\Illuminate\\Foundation\\Http\\Middleware\\VerifyCsrfToken.php(87): Illuminate\\Pipeline\\Pipeline->Illuminate\\Pipeline\\{closure}(Object(Illuminate\\Http\\Request))
#18 D:\\laragon\\www\\rekap\\vendor\\laravel\\framework\\src\\Illuminate\\Pipeline\\Pipeline.php(208): Illuminate\\Foundation\\Http\\Middleware\\VerifyCsrfToken->handle(Object(Illuminate\\Http\\Request), Object(Closure))
#19 D:\\laragon\\www\\rekap\\vendor\\laravel\\framework\\src\\Illuminate\\View\\Middleware\\ShareErrorsFromSession.php(48): Illuminate\\Pipeline\\Pipeline->Illuminate\\Pipeline\\{closure}(Object(Illuminate\\Http\\Request))
#20 D:\\laragon\\www\\rekap\\vendor\\laravel\\framework\\src\\Illuminate\\Pipeline\\Pipeline.php(208): Illuminate\\View\\Middleware\\ShareErrorsFromSession->handle(Object(Illuminate\\Http\\Request), Object(Closure))
#21 D:\\laragon\\www\\rekap\\vendor\\laravel\\framework\\src\\Illuminate\\Session\\Middleware\\StartSession.php(120): Illuminate\\Pipeline\\Pipeline->Illuminate\\Pipeline\\{closure}(Object(Illuminate\\Http\\Request))
#22 D:\\laragon\\www\\rekap\\vendor\\laravel\\framework\\src\\Illuminate\\Session\\Middleware\\StartSession.php(63): Illuminate\\Session\\Middleware\\StartSession->handleStatefulRequest(Object(Illuminate\\Http\\Request), Object(Illuminate\\Session\\Store), Object(Closure))
#23 D:\\laragon\\www\\rekap\\vendor\\laravel\\framework\\src\\Illuminate\\Pipeline\\Pipeline.php(208): Illuminate\\Session\\Middleware\\StartSession->handle(Object(Illuminate\\Http\\Request), Object(Closure))
#24 D:\\laragon\\www\\rekap\\vendor\\laravel\\framework\\src\\Illuminate\\Cookie\\Middleware\\AddQueuedCookiesToResponse.php(36): Illuminate\\Pipeline\\Pipeline->Illuminate\\Pipeline\\{closure}(Object(Illuminate\\Http\\Request))
#25 D:\\laragon\\www\\rekap\\vendor\\laravel\\framework\\src\\Illuminate\\Pipeline\\Pipeline.php(208): Illuminate\\Cookie\\Middleware\\AddQueuedCookiesToResponse->handle(Object(Illuminate\\Http\\Request), Object(Closure))
#26 D:\\laragon\\www\\rekap\\vendor\\laravel\\framework\\src\\Illuminate\\Cookie\\Middleware\\EncryptCookies.php(74): Illuminate\\Pipeline\\Pipeline->Illuminate\\Pipeline\\{closure}(Object(Illuminate\\Http\\Request))
#27 D:\\laragon\\www\\rekap\\vendor\\laravel\\framework\\src\\Illuminate\\Pipeline\\Pipeline.php(208): Illuminate\\Cookie\\Middleware\\EncryptCookies->handle(Object(Illuminate\\Http\\Request), Object(Closure))
#28 D:\\laragon\\www\\rekap\\vendor\\laravel\\framework\\src\\Illuminate\\Pipeline\\Pipeline.php(126): Illuminate\\Pipeline\\Pipeline->Illuminate\\Pipeline\\{closure}(Object(Illuminate\\Http\\Request))
#29 D:\\laragon\\www\\rekap\\vendor\\laravel\\framework\\src\\Illuminate\\Routing\\Router.php(807): Illuminate\\Pipeline\\Pipeline->then(Object(Closure))
#30 D:\\laragon\\www\\rekap\\vendor\\laravel\\framework\\src\\Illuminate\\Routing\\Router.php(786): Illuminate\\Routing\\Router->runRouteWithinStack(Object(Illuminate\\Routing\\Route), Object(Illuminate\\Http\\Request))
#31 D:\\laragon\\www\\rekap\\vendor\\laravel\\framework\\src\\Illuminate\\Routing\\Router.php(750): Illuminate\\Routing\\Router->runRoute(Object(Illuminate\\Http\\Request), Object(Illuminate\\Routing\\Route))
#32 D:\\laragon\\www\\rekap\\vendor\\laravel\\framework\\src\\Illuminate\\Routing\\Router.php(739): Illuminate\\Routing\\Router->dispatchToRoute(Object(Illuminate\\Http\\Request))
#33 D:\\laragon\\www\\rekap\\vendor\\laravel\\framework\\src\\Illuminate\\Foundation\\Http\\Kernel.php(200): Illuminate\\Routing\\Router->dispatch(Object(Illuminate\\Http\\Request))
#34 D:\\laragon\\www\\rekap\\vendor\\laravel\\framework\\src\\Illuminate\\Pipeline\\Pipeline.php(169): Illuminate\\Foundation\\Http\\Kernel->Illuminate\\Foundation\\Http\\{closure}(Object(Illuminate\\Http\\Request))
#35 D:\\laragon\\www\\rekap\\vendor\\laravel\\framework\\src\\Illuminate\\Foundation\\Http\\Middleware\\TransformsRequest.php(21): Illuminate\\Pipeline\\Pipeline->Illuminate\\Pipeline\\{closure}(Object(Illuminate\\Http\\Request))
#36 D:\\laragon\\www\\rekap\\vendor\\laravel\\framework\\src\\Illuminate\\Foundation\\Http\\Middleware\\ConvertEmptyStringsToNull.php(31): Illuminate\\Foundation\\Http\\Middleware\\TransformsRequest->handle(Object(Illuminate\\Http\\Request), Object(Closure))
#37 D:\\laragon\\www\\rekap\\vendor\\laravel\\framework\\src\\Illuminate\\Pipeline\\Pipeline.php(208): Illuminate\\Foundation\\Http\\Middleware\\ConvertEmptyStringsToNull->handle(Object(Illuminate\\Http\\Request), Object(Closure))
#38 D:\\laragon\\www\\rekap\\vendor\\laravel\\framework\\src\\Illuminate\\Foundation\\Http\\Middleware\\TransformsRequest.php(21): Illuminate\\Pipeline\\Pipeline->Illuminate\\Pipeline\\{closure}(Object(Illuminate\\Http\\Request))
#39 D:\\laragon\\www\\rekap\\vendor\\laravel\\framework\\src\\Illuminate\\Foundation\\Http\\Middleware\\TrimStrings.php(51): Illuminate\\Foundation\\Http\\Middleware\\TransformsRequest->handle(Object(Illuminate\\Http\\Request), Object(Closure))
#40 D:\\laragon\\www\\rekap\\vendor\\laravel\\framework\\src\\Illuminate\\Pipeline\\Pipeline.php(208): Illuminate\\Foundation\\Http\\Middleware\\TrimStrings->handle(Object(Illuminate\\Http\\Request), Object(Closure))
#41 D:\\laragon\\www\\rekap\\vendor\\laravel\\framework\\src\\Illuminate\\Http\\Middleware\\ValidatePostSize.php(27): Illuminate\\Pipeline\\Pipeline->Illuminate\\Pipeline\\{closure}(Object(Illuminate\\Http\\Request))
#42 D:\\laragon\\www\\rekap\\vendor\\laravel\\framework\\src\\Illuminate\\Pipeline\\Pipeline.php(208): Illuminate\\Http\\Middleware\\ValidatePostSize->handle(Object(Illuminate\\Http\\Request), Object(Closure))
#43 D:\\laragon\\www\\rekap\\vendor\\laravel\\framework\\src\\Illuminate\\Foundation\\Http\\Middleware\\PreventRequestsDuringMaintenance.php(109): Illuminate\\Pipeline\\Pipeline->Illuminate\\Pipeline\\{closure}(Object(Illuminate\\Http\\Request))
#44 D:\\laragon\\www\\rekap\\vendor\\laravel\\framework\\src\\Illuminate\\Pipeline\\Pipeline.php(208): Illuminate\\Foundation\\Http\\Middleware\\PreventRequestsDuringMaintenance->handle(Object(Illuminate\\Http\\Request), Object(Closure))
#45 D:\\laragon\\www\\rekap\\vendor\\laravel\\framework\\src\\Illuminate\\Http\\Middleware\\HandleCors.php(48): Illuminate\\Pipeline\\Pipeline->Illuminate\\Pipeline\\{closure}(Object(Illuminate\\Http\\Request))
#46 D:\\laragon\\www\\rekap\\vendor\\laravel\\framework\\src\\Illuminate\\Pipeline\\Pipeline.php(208): Illuminate\\Http\\Middleware\\HandleCors->handle(Object(Illuminate\\Http\\Request), Object(Closure))
#47 D:\\laragon\\www\\rekap\\vendor\\laravel\\framework\\src\\Illuminate\\Http\\Middleware\\TrustProxies.php(58): Illuminate\\Pipeline\\Pipeline->Illuminate\\Pipeline\\{closure}(Object(Illuminate\\Http\\Request))
#48 D:\\laragon\\www\\rekap\\vendor\\laravel\\framework\\src\\Illuminate\\Pipeline\\Pipeline.php(208): Illuminate\\Http\\Middleware\\TrustProxies->handle(Object(Illuminate\\Http\\Request), Object(Closure))
#49 D:\\laragon\\www\\rekap\\vendor\\laravel\\framework\\src\\Illuminate\\Foundation\\Http\\Middleware\\InvokeDeferredCallbacks.php(22): Illuminate\\Pipeline\\Pipeline->Illuminate\\Pipeline\\{closure}(Object(Illuminate\\Http\\Request))
#50 D:\\laragon\\www\\rekap\\vendor\\laravel\\framework\\src\\Illuminate\\Pipeline\\Pipeline.php(208): Illuminate\\Foundation\\Http\\Middleware\\InvokeDeferredCallbacks->handle(Object(Illuminate\\Http\\Request), Object(Closure))
#51 D:\\laragon\\www\\rekap\\vendor\\laravel\\framework\\src\\Illuminate\\Http\\Middleware\\ValidatePathEncoding.php(26): Illuminate\\Pipeline\\Pipeline->Illuminate\\Pipeline\\{closure}(Object(Illuminate\\Http\\Request))
#52 D:\\laragon\\www\\rekap\\vendor\\laravel\\framework\\src\\Illuminate\\Pipeline\\Pipeline.php(208): Illuminate\\Http\\Middleware\\ValidatePathEncoding->handle(Object(Illuminate\\Http\\Request), Object(Closure))
#53 D:\\laragon\\www\\rekap\\vendor\\laravel\\framework\\src\\Illuminate\\Pipeline\\Pipeline.php(126): Illuminate\\Pipeline\\Pipeline->Illuminate\\Pipeline\\{closure}(Object(Illuminate\\Http\\Request))
#54 D:\\laragon\\www\\rekap\\vendor\\laravel\\framework\\src\\Illuminate\\Foundation\\Http\\Kernel.php(175): Illuminate\\Pipeline\\Pipeline->then(Object(Closure))
#55 D:\\laragon\\www\\rekap\\vendor\\laravel\\framework\\src\\Illuminate\\Foundation\\Http\\Kernel.php(144): Illuminate\\Foundation\\Http\\Kernel->sendRequestThroughRouter(Object(Illuminate\\Http\\Request))
#56 D:\\laragon\\www\\rekap\\vendor\\laravel\\framework\\src\\Illuminate\\Foundation\\Application.php(1219): Illuminate\\Foundation\\Http\\Kernel->handle(Object(Illuminate\\Http\\Request))
#57 D:\\laragon\\www\\rekap\\public\\index.php(20): Illuminate\\Foundation\\Application->handleRequest(Object(Illuminate\\Http\\Request))
#58 D:\\laragon\\www\\rekap\\vendor\\laravel\\framework\\src\\Illuminate\\Foundation\\resources\\server.php(23): require_once('D:\\\\laragon\\\\www\\\\...')
#59 {main}
"} 
[2025-07-04 01:32:42] local.ERROR: SQLSTATE[42S22]: Column not found: 1054 Unknown column 'id_karyawan' in 'where clause' (Connection: mysql, SQL: select * from `absensis` where `id_karyawan` = 1 and `tanggal` = 2025-04-08 limit 1) {"exception":"[object] (Illuminate\\Database\\QueryException(code: 42S22): SQLSTATE[42S22]: Column not found: 1054 Unknown column 'id_karyawan' in 'where clause' (Connection: mysql, SQL: select * from `absensis` where `id_karyawan` = 1 and `tanggal` = 2025-04-08 limit 1) at D:\\laragon\\www\\rekap\\vendor\\laravel\\framework\\src\\Illuminate\\Database\\Connection.php:822)
[stacktrace]
#0 D:\\laragon\\www\\rekap\\vendor\\laravel\\framework\\src\\Illuminate\\Database\\Connection.php(776): Illuminate\\Database\\Connection->runQueryCallback('select * from `...', Array, Object(Closure))
#1 D:\\laragon\\www\\rekap\\vendor\\laravel\\framework\\src\\Illuminate\\Database\\Connection.php(395): Illuminate\\Database\\Connection->run('select * from `...', Array, Object(Closure))
#2 D:\\laragon\\www\\rekap\\vendor\\laravel\\framework\\src\\Illuminate\\Database\\Query\\Builder.php(3107): Illuminate\\Database\\Connection->select('select * from `...', Array, true)
#3 D:\\laragon\\www\\rekap\\vendor\\laravel\\framework\\src\\Illuminate\\Database\\Query\\Builder.php(3092): Illuminate\\Database\\Query\\Builder->runSelect()
#4 D:\\laragon\\www\\rekap\\vendor\\laravel\\framework\\src\\Illuminate\\Database\\Query\\Builder.php(3679): Illuminate\\Database\\Query\\Builder->Illuminate\\Database\\Query\\{closure}()
#5 D:\\laragon\\www\\rekap\\vendor\\laravel\\framework\\src\\Illuminate\\Database\\Query\\Builder.php(3091): Illuminate\\Database\\Query\\Builder->onceWithColumns(Array, Object(Closure))
#6 D:\\laragon\\www\\rekap\\vendor\\laravel\\framework\\src\\Illuminate\\Database\\Eloquent\\Builder.php(871): Illuminate\\Database\\Query\\Builder->get(Array)
#7 D:\\laragon\\www\\rekap\\vendor\\laravel\\framework\\src\\Illuminate\\Database\\Eloquent\\Builder.php(853): Illuminate\\Database\\Eloquent\\Builder->getModels(Array)
#8 D:\\laragon\\www\\rekap\\vendor\\laravel\\framework\\src\\Illuminate\\Database\\Concerns\\BuildsQueries.php(366): Illuminate\\Database\\Eloquent\\Builder->get(Array)
#9 D:\\laragon\\www\\rekap\\app\\Http\\Controllers\\AbsensiController.php(101): Illuminate\\Database\\Eloquent\\Builder->first()
#10 D:\\laragon\\www\\rekap\\vendor\\laravel\\framework\\src\\Illuminate\\Routing\\ControllerDispatcher.php(46): App\\Http\\Controllers\\AbsensiController->store(Object(Illuminate\\Http\\Request))
#11 D:\\laragon\\www\\rekap\\vendor\\laravel\\framework\\src\\Illuminate\\Routing\\Route.php(265): Illuminate\\Routing\\ControllerDispatcher->dispatch(Object(Illuminate\\Routing\\Route), Object(App\\Http\\Controllers\\AbsensiController), 'store')
#12 D:\\laragon\\www\\rekap\\vendor\\laravel\\framework\\src\\Illuminate\\Routing\\Route.php(211): Illuminate\\Routing\\Route->runController()
#13 D:\\laragon\\www\\rekap\\vendor\\laravel\\framework\\src\\Illuminate\\Routing\\Router.php(808): Illuminate\\Routing\\Route->run()
#14 D:\\laragon\\www\\rekap\\vendor\\laravel\\framework\\src\\Illuminate\\Pipeline\\Pipeline.php(169): Illuminate\\Routing\\Router->Illuminate\\Routing\\{closure}(Object(Illuminate\\Http\\Request))
#15 D:\\laragon\\www\\rekap\\vendor\\laravel\\framework\\src\\Illuminate\\Routing\\Middleware\\SubstituteBindings.php(50): Illuminate\\Pipeline\\Pipeline->Illuminate\\Pipeline\\{closure}(Object(Illuminate\\Http\\Request))
#16 D:\\laragon\\www\\rekap\\vendor\\laravel\\framework\\src\\Illuminate\\Pipeline\\Pipeline.php(208): Illuminate\\Routing\\Middleware\\SubstituteBindings->handle(Object(Illuminate\\Http\\Request), Object(Closure))
#17 D:\\laragon\\www\\rekap\\vendor\\laravel\\framework\\src\\Illuminate\\Foundation\\Http\\Middleware\\VerifyCsrfToken.php(87): Illuminate\\Pipeline\\Pipeline->Illuminate\\Pipeline\\{closure}(Object(Illuminate\\Http\\Request))
#18 D:\\laragon\\www\\rekap\\vendor\\laravel\\framework\\src\\Illuminate\\Pipeline\\Pipeline.php(208): Illuminate\\Foundation\\Http\\Middleware\\VerifyCsrfToken->handle(Object(Illuminate\\Http\\Request), Object(Closure))
#19 D:\\laragon\\www\\rekap\\vendor\\laravel\\framework\\src\\Illuminate\\View\\Middleware\\ShareErrorsFromSession.php(48): Illuminate\\Pipeline\\Pipeline->Illuminate\\Pipeline\\{closure}(Object(Illuminate\\Http\\Request))
#20 D:\\laragon\\www\\rekap\\vendor\\laravel\\framework\\src\\Illuminate\\Pipeline\\Pipeline.php(208): Illuminate\\View\\Middleware\\ShareErrorsFromSession->handle(Object(Illuminate\\Http\\Request), Object(Closure))
#21 D:\\laragon\\www\\rekap\\vendor\\laravel\\framework\\src\\Illuminate\\Session\\Middleware\\StartSession.php(120): Illuminate\\Pipeline\\Pipeline->Illuminate\\Pipeline\\{closure}(Object(Illuminate\\Http\\Request))
#22 D:\\laragon\\www\\rekap\\vendor\\laravel\\framework\\src\\Illuminate\\Session\\Middleware\\StartSession.php(63): Illuminate\\Session\\Middleware\\StartSession->handleStatefulRequest(Object(Illuminate\\Http\\Request), Object(Illuminate\\Session\\Store), Object(Closure))
#23 D:\\laragon\\www\\rekap\\vendor\\laravel\\framework\\src\\Illuminate\\Pipeline\\Pipeline.php(208): Illuminate\\Session\\Middleware\\StartSession->handle(Object(Illuminate\\Http\\Request), Object(Closure))
#24 D:\\laragon\\www\\rekap\\vendor\\laravel\\framework\\src\\Illuminate\\Cookie\\Middleware\\AddQueuedCookiesToResponse.php(36): Illuminate\\Pipeline\\Pipeline->Illuminate\\Pipeline\\{closure}(Object(Illuminate\\Http\\Request))
#25 D:\\laragon\\www\\rekap\\vendor\\laravel\\framework\\src\\Illuminate\\Pipeline\\Pipeline.php(208): Illuminate\\Cookie\\Middleware\\AddQueuedCookiesToResponse->handle(Object(Illuminate\\Http\\Request), Object(Closure))
#26 D:\\laragon\\www\\rekap\\vendor\\laravel\\framework\\src\\Illuminate\\Cookie\\Middleware\\EncryptCookies.php(74): Illuminate\\Pipeline\\Pipeline->Illuminate\\Pipeline\\{closure}(Object(Illuminate\\Http\\Request))
#27 D:\\laragon\\www\\rekap\\vendor\\laravel\\framework\\src\\Illuminate\\Pipeline\\Pipeline.php(208): Illuminate\\Cookie\\Middleware\\EncryptCookies->handle(Object(Illuminate\\Http\\Request), Object(Closure))
#28 D:\\laragon\\www\\rekap\\vendor\\laravel\\framework\\src\\Illuminate\\Pipeline\\Pipeline.php(126): Illuminate\\Pipeline\\Pipeline->Illuminate\\Pipeline\\{closure}(Object(Illuminate\\Http\\Request))
#29 D:\\laragon\\www\\rekap\\vendor\\laravel\\framework\\src\\Illuminate\\Routing\\Router.php(807): Illuminate\\Pipeline\\Pipeline->then(Object(Closure))
#30 D:\\laragon\\www\\rekap\\vendor\\laravel\\framework\\src\\Illuminate\\Routing\\Router.php(786): Illuminate\\Routing\\Router->runRouteWithinStack(Object(Illuminate\\Routing\\Route), Object(Illuminate\\Http\\Request))
#31 D:\\laragon\\www\\rekap\\vendor\\laravel\\framework\\src\\Illuminate\\Routing\\Router.php(750): Illuminate\\Routing\\Router->runRoute(Object(Illuminate\\Http\\Request), Object(Illuminate\\Routing\\Route))
#32 D:\\laragon\\www\\rekap\\vendor\\laravel\\framework\\src\\Illuminate\\Routing\\Router.php(739): Illuminate\\Routing\\Router->dispatchToRoute(Object(Illuminate\\Http\\Request))
#33 D:\\laragon\\www\\rekap\\vendor\\laravel\\framework\\src\\Illuminate\\Foundation\\Http\\Kernel.php(200): Illuminate\\Routing\\Router->dispatch(Object(Illuminate\\Http\\Request))
#34 D:\\laragon\\www\\rekap\\vendor\\laravel\\framework\\src\\Illuminate\\Pipeline\\Pipeline.php(169): Illuminate\\Foundation\\Http\\Kernel->Illuminate\\Foundation\\Http\\{closure}(Object(Illuminate\\Http\\Request))
#35 D:\\laragon\\www\\rekap\\vendor\\laravel\\framework\\src\\Illuminate\\Foundation\\Http\\Middleware\\TransformsRequest.php(21): Illuminate\\Pipeline\\Pipeline->Illuminate\\Pipeline\\{closure}(Object(Illuminate\\Http\\Request))
#36 D:\\laragon\\www\\rekap\\vendor\\laravel\\framework\\src\\Illuminate\\Foundation\\Http\\Middleware\\ConvertEmptyStringsToNull.php(31): Illuminate\\Foundation\\Http\\Middleware\\TransformsRequest->handle(Object(Illuminate\\Http\\Request), Object(Closure))
#37 D:\\laragon\\www\\rekap\\vendor\\laravel\\framework\\src\\Illuminate\\Pipeline\\Pipeline.php(208): Illuminate\\Foundation\\Http\\Middleware\\ConvertEmptyStringsToNull->handle(Object(Illuminate\\Http\\Request), Object(Closure))
#38 D:\\laragon\\www\\rekap\\vendor\\laravel\\framework\\src\\Illuminate\\Foundation\\Http\\Middleware\\TransformsRequest.php(21): Illuminate\\Pipeline\\Pipeline->Illuminate\\Pipeline\\{closure}(Object(Illuminate\\Http\\Request))
#39 D:\\laragon\\www\\rekap\\vendor\\laravel\\framework\\src\\Illuminate\\Foundation\\Http\\Middleware\\TrimStrings.php(51): Illuminate\\Foundation\\Http\\Middleware\\TransformsRequest->handle(Object(Illuminate\\Http\\Request), Object(Closure))
#40 D:\\laragon\\www\\rekap\\vendor\\laravel\\framework\\src\\Illuminate\\Pipeline\\Pipeline.php(208): Illuminate\\Foundation\\Http\\Middleware\\TrimStrings->handle(Object(Illuminate\\Http\\Request), Object(Closure))
#41 D:\\laragon\\www\\rekap\\vendor\\laravel\\framework\\src\\Illuminate\\Http\\Middleware\\ValidatePostSize.php(27): Illuminate\\Pipeline\\Pipeline->Illuminate\\Pipeline\\{closure}(Object(Illuminate\\Http\\Request))
#42 D:\\laragon\\www\\rekap\\vendor\\laravel\\framework\\src\\Illuminate\\Pipeline\\Pipeline.php(208): Illuminate\\Http\\Middleware\\ValidatePostSize->handle(Object(Illuminate\\Http\\Request), Object(Closure))
#43 D:\\laragon\\www\\rekap\\vendor\\laravel\\framework\\src\\Illuminate\\Foundation\\Http\\Middleware\\PreventRequestsDuringMaintenance.php(109): Illuminate\\Pipeline\\Pipeline->Illuminate\\Pipeline\\{closure}(Object(Illuminate\\Http\\Request))
#44 D:\\laragon\\www\\rekap\\vendor\\laravel\\framework\\src\\Illuminate\\Pipeline\\Pipeline.php(208): Illuminate\\Foundation\\Http\\Middleware\\PreventRequestsDuringMaintenance->handle(Object(Illuminate\\Http\\Request), Object(Closure))
#45 D:\\laragon\\www\\rekap\\vendor\\laravel\\framework\\src\\Illuminate\\Http\\Middleware\\HandleCors.php(48): Illuminate\\Pipeline\\Pipeline->Illuminate\\Pipeline\\{closure}(Object(Illuminate\\Http\\Request))
#46 D:\\laragon\\www\\rekap\\vendor\\laravel\\framework\\src\\Illuminate\\Pipeline\\Pipeline.php(208): Illuminate\\Http\\Middleware\\HandleCors->handle(Object(Illuminate\\Http\\Request), Object(Closure))
#47 D:\\laragon\\www\\rekap\\vendor\\laravel\\framework\\src\\Illuminate\\Http\\Middleware\\TrustProxies.php(58): Illuminate\\Pipeline\\Pipeline->Illuminate\\Pipeline\\{closure}(Object(Illuminate\\Http\\Request))
#48 D:\\laragon\\www\\rekap\\vendor\\laravel\\framework\\src\\Illuminate\\Pipeline\\Pipeline.php(208): Illuminate\\Http\\Middleware\\TrustProxies->handle(Object(Illuminate\\Http\\Request), Object(Closure))
#49 D:\\laragon\\www\\rekap\\vendor\\laravel\\framework\\src\\Illuminate\\Foundation\\Http\\Middleware\\InvokeDeferredCallbacks.php(22): Illuminate\\Pipeline\\Pipeline->Illuminate\\Pipeline\\{closure}(Object(Illuminate\\Http\\Request))
#50 D:\\laragon\\www\\rekap\\vendor\\laravel\\framework\\src\\Illuminate\\Pipeline\\Pipeline.php(208): Illuminate\\Foundation\\Http\\Middleware\\InvokeDeferredCallbacks->handle(Object(Illuminate\\Http\\Request), Object(Closure))
#51 D:\\laragon\\www\\rekap\\vendor\\laravel\\framework\\src\\Illuminate\\Http\\Middleware\\ValidatePathEncoding.php(26): Illuminate\\Pipeline\\Pipeline->Illuminate\\Pipeline\\{closure}(Object(Illuminate\\Http\\Request))
#52 D:\\laragon\\www\\rekap\\vendor\\laravel\\framework\\src\\Illuminate\\Pipeline\\Pipeline.php(208): Illuminate\\Http\\Middleware\\ValidatePathEncoding->handle(Object(Illuminate\\Http\\Request), Object(Closure))
#53 D:\\laragon\\www\\rekap\\vendor\\laravel\\framework\\src\\Illuminate\\Pipeline\\Pipeline.php(126): Illuminate\\Pipeline\\Pipeline->Illuminate\\Pipeline\\{closure}(Object(Illuminate\\Http\\Request))
#54 D:\\laragon\\www\\rekap\\vendor\\laravel\\framework\\src\\Illuminate\\Foundation\\Http\\Kernel.php(175): Illuminate\\Pipeline\\Pipeline->then(Object(Closure))
#55 D:\\laragon\\www\\rekap\\vendor\\laravel\\framework\\src\\Illuminate\\Foundation\\Http\\Kernel.php(144): Illuminate\\Foundation\\Http\\Kernel->sendRequestThroughRouter(Object(Illuminate\\Http\\Request))
#56 D:\\laragon\\www\\rekap\\vendor\\laravel\\framework\\src\\Illuminate\\Foundation\\Application.php(1219): Illuminate\\Foundation\\Http\\Kernel->handle(Object(Illuminate\\Http\\Request))
#57 D:\\laragon\\www\\rekap\\public\\index.php(20): Illuminate\\Foundation\\Application->handleRequest(Object(Illuminate\\Http\\Request))
#58 D:\\laragon\\www\\rekap\\vendor\\laravel\\framework\\src\\Illuminate\\Foundation\\resources\\server.php(23): require_once('D:\\\\laragon\\\\www\\\\...')
#59 {main}

[previous exception] [object] (PDOException(code: 42S22): SQLSTATE[42S22]: Column not found: 1054 Unknown column 'id_karyawan' in 'where clause' at D:\\laragon\\www\\rekap\\vendor\\laravel\\framework\\src\\Illuminate\\Database\\Connection.php:404)
[stacktrace]
#0 D:\\laragon\\www\\rekap\\vendor\\laravel\\framework\\src\\Illuminate\\Database\\Connection.php(404): PDO->prepare('select * from `...')
#1 D:\\laragon\\www\\rekap\\vendor\\laravel\\framework\\src\\Illuminate\\Database\\Connection.php(809): Illuminate\\Database\\Connection->Illuminate\\Database\\{closure}('select * from `...', Array)
#2 D:\\laragon\\www\\rekap\\vendor\\laravel\\framework\\src\\Illuminate\\Database\\Connection.php(776): Illuminate\\Database\\Connection->runQueryCallback('select * from `...', Array, Object(Closure))
#3 D:\\laragon\\www\\rekap\\vendor\\laravel\\framework\\src\\Illuminate\\Database\\Connection.php(395): Illuminate\\Database\\Connection->run('select * from `...', Array, Object(Closure))
#4 D:\\laragon\\www\\rekap\\vendor\\laravel\\framework\\src\\Illuminate\\Database\\Query\\Builder.php(3107): Illuminate\\Database\\Connection->select('select * from `...', Array, true)
#5 D:\\laragon\\www\\rekap\\vendor\\laravel\\framework\\src\\Illuminate\\Database\\Query\\Builder.php(3092): Illuminate\\Database\\Query\\Builder->runSelect()
#6 D:\\laragon\\www\\rekap\\vendor\\laravel\\framework\\src\\Illuminate\\Database\\Query\\Builder.php(3679): Illuminate\\Database\\Query\\Builder->Illuminate\\Database\\Query\\{closure}()
#7 D:\\laragon\\www\\rekap\\vendor\\laravel\\framework\\src\\Illuminate\\Database\\Query\\Builder.php(3091): Illuminate\\Database\\Query\\Builder->onceWithColumns(Array, Object(Closure))
#8 D:\\laragon\\www\\rekap\\vendor\\laravel\\framework\\src\\Illuminate\\Database\\Eloquent\\Builder.php(871): Illuminate\\Database\\Query\\Builder->get(Array)
#9 D:\\laragon\\www\\rekap\\vendor\\laravel\\framework\\src\\Illuminate\\Database\\Eloquent\\Builder.php(853): Illuminate\\Database\\Eloquent\\Builder->getModels(Array)
#10 D:\\laragon\\www\\rekap\\vendor\\laravel\\framework\\src\\Illuminate\\Database\\Concerns\\BuildsQueries.php(366): Illuminate\\Database\\Eloquent\\Builder->get(Array)
#11 D:\\laragon\\www\\rekap\\app\\Http\\Controllers\\AbsensiController.php(101): Illuminate\\Database\\Eloquent\\Builder->first()
#12 D:\\laragon\\www\\rekap\\vendor\\laravel\\framework\\src\\Illuminate\\Routing\\ControllerDispatcher.php(46): App\\Http\\Controllers\\AbsensiController->store(Object(Illuminate\\Http\\Request))
#13 D:\\laragon\\www\\rekap\\vendor\\laravel\\framework\\src\\Illuminate\\Routing\\Route.php(265): Illuminate\\Routing\\ControllerDispatcher->dispatch(Object(Illuminate\\Routing\\Route), Object(App\\Http\\Controllers\\AbsensiController), 'store')
#14 D:\\laragon\\www\\rekap\\vendor\\laravel\\framework\\src\\Illuminate\\Routing\\Route.php(211): Illuminate\\Routing\\Route->runController()
#15 D:\\laragon\\www\\rekap\\vendor\\laravel\\framework\\src\\Illuminate\\Routing\\Router.php(808): Illuminate\\Routing\\Route->run()
#16 D:\\laragon\\www\\rekap\\vendor\\laravel\\framework\\src\\Illuminate\\Pipeline\\Pipeline.php(169): Illuminate\\Routing\\Router->Illuminate\\Routing\\{closure}(Object(Illuminate\\Http\\Request))
#17 D:\\laragon\\www\\rekap\\vendor\\laravel\\framework\\src\\Illuminate\\Routing\\Middleware\\SubstituteBindings.php(50): Illuminate\\Pipeline\\Pipeline->Illuminate\\Pipeline\\{closure}(Object(Illuminate\\Http\\Request))
#18 D:\\laragon\\www\\rekap\\vendor\\laravel\\framework\\src\\Illuminate\\Pipeline\\Pipeline.php(208): Illuminate\\Routing\\Middleware\\SubstituteBindings->handle(Object(Illuminate\\Http\\Request), Object(Closure))
#19 D:\\laragon\\www\\rekap\\vendor\\laravel\\framework\\src\\Illuminate\\Foundation\\Http\\Middleware\\VerifyCsrfToken.php(87): Illuminate\\Pipeline\\Pipeline->Illuminate\\Pipeline\\{closure}(Object(Illuminate\\Http\\Request))
#20 D:\\laragon\\www\\rekap\\vendor\\laravel\\framework\\src\\Illuminate\\Pipeline\\Pipeline.php(208): Illuminate\\Foundation\\Http\\Middleware\\VerifyCsrfToken->handle(Object(Illuminate\\Http\\Request), Object(Closure))
#21 D:\\laragon\\www\\rekap\\vendor\\laravel\\framework\\src\\Illuminate\\View\\Middleware\\ShareErrorsFromSession.php(48): Illuminate\\Pipeline\\Pipeline->Illuminate\\Pipeline\\{closure}(Object(Illuminate\\Http\\Request))
#22 D:\\laragon\\www\\rekap\\vendor\\laravel\\framework\\src\\Illuminate\\Pipeline\\Pipeline.php(208): Illuminate\\View\\Middleware\\ShareErrorsFromSession->handle(Object(Illuminate\\Http\\Request), Object(Closure))
#23 D:\\laragon\\www\\rekap\\vendor\\laravel\\framework\\src\\Illuminate\\Session\\Middleware\\StartSession.php(120): Illuminate\\Pipeline\\Pipeline->Illuminate\\Pipeline\\{closure}(Object(Illuminate\\Http\\Request))
#24 D:\\laragon\\www\\rekap\\vendor\\laravel\\framework\\src\\Illuminate\\Session\\Middleware\\StartSession.php(63): Illuminate\\Session\\Middleware\\StartSession->handleStatefulRequest(Object(Illuminate\\Http\\Request), Object(Illuminate\\Session\\Store), Object(Closure))
#25 D:\\laragon\\www\\rekap\\vendor\\laravel\\framework\\src\\Illuminate\\Pipeline\\Pipeline.php(208): Illuminate\\Session\\Middleware\\StartSession->handle(Object(Illuminate\\Http\\Request), Object(Closure))
#26 D:\\laragon\\www\\rekap\\vendor\\laravel\\framework\\src\\Illuminate\\Cookie\\Middleware\\AddQueuedCookiesToResponse.php(36): Illuminate\\Pipeline\\Pipeline->Illuminate\\Pipeline\\{closure}(Object(Illuminate\\Http\\Request))
#27 D:\\laragon\\www\\rekap\\vendor\\laravel\\framework\\src\\Illuminate\\Pipeline\\Pipeline.php(208): Illuminate\\Cookie\\Middleware\\AddQueuedCookiesToResponse->handle(Object(Illuminate\\Http\\Request), Object(Closure))
#28 D:\\laragon\\www\\rekap\\vendor\\laravel\\framework\\src\\Illuminate\\Cookie\\Middleware\\EncryptCookies.php(74): Illuminate\\Pipeline\\Pipeline->Illuminate\\Pipeline\\{closure}(Object(Illuminate\\Http\\Request))
#29 D:\\laragon\\www\\rekap\\vendor\\laravel\\framework\\src\\Illuminate\\Pipeline\\Pipeline.php(208): Illuminate\\Cookie\\Middleware\\EncryptCookies->handle(Object(Illuminate\\Http\\Request), Object(Closure))
#30 D:\\laragon\\www\\rekap\\vendor\\laravel\\framework\\src\\Illuminate\\Pipeline\\Pipeline.php(126): Illuminate\\Pipeline\\Pipeline->Illuminate\\Pipeline\\{closure}(Object(Illuminate\\Http\\Request))
#31 D:\\laragon\\www\\rekap\\vendor\\laravel\\framework\\src\\Illuminate\\Routing\\Router.php(807): Illuminate\\Pipeline\\Pipeline->then(Object(Closure))
#32 D:\\laragon\\www\\rekap\\vendor\\laravel\\framework\\src\\Illuminate\\Routing\\Router.php(786): Illuminate\\Routing\\Router->runRouteWithinStack(Object(Illuminate\\Routing\\Route), Object(Illuminate\\Http\\Request))
#33 D:\\laragon\\www\\rekap\\vendor\\laravel\\framework\\src\\Illuminate\\Routing\\Router.php(750): Illuminate\\Routing\\Router->runRoute(Object(Illuminate\\Http\\Request), Object(Illuminate\\Routing\\Route))
#34 D:\\laragon\\www\\rekap\\vendor\\laravel\\framework\\src\\Illuminate\\Routing\\Router.php(739): Illuminate\\Routing\\Router->dispatchToRoute(Object(Illuminate\\Http\\Request))
#35 D:\\laragon\\www\\rekap\\vendor\\laravel\\framework\\src\\Illuminate\\Foundation\\Http\\Kernel.php(200): Illuminate\\Routing\\Router->dispatch(Object(Illuminate\\Http\\Request))
#36 D:\\laragon\\www\\rekap\\vendor\\laravel\\framework\\src\\Illuminate\\Pipeline\\Pipeline.php(169): Illuminate\\Foundation\\Http\\Kernel->Illuminate\\Foundation\\Http\\{closure}(Object(Illuminate\\Http\\Request))
#37 D:\\laragon\\www\\rekap\\vendor\\laravel\\framework\\src\\Illuminate\\Foundation\\Http\\Middleware\\TransformsRequest.php(21): Illuminate\\Pipeline\\Pipeline->Illuminate\\Pipeline\\{closure}(Object(Illuminate\\Http\\Request))
#38 D:\\laragon\\www\\rekap\\vendor\\laravel\\framework\\src\\Illuminate\\Foundation\\Http\\Middleware\\ConvertEmptyStringsToNull.php(31): Illuminate\\Foundation\\Http\\Middleware\\TransformsRequest->handle(Object(Illuminate\\Http\\Request), Object(Closure))
#39 D:\\laragon\\www\\rekap\\vendor\\laravel\\framework\\src\\Illuminate\\Pipeline\\Pipeline.php(208): Illuminate\\Foundation\\Http\\Middleware\\ConvertEmptyStringsToNull->handle(Object(Illuminate\\Http\\Request), Object(Closure))
#40 D:\\laragon\\www\\rekap\\vendor\\laravel\\framework\\src\\Illuminate\\Foundation\\Http\\Middleware\\TransformsRequest.php(21): Illuminate\\Pipeline\\Pipeline->Illuminate\\Pipeline\\{closure}(Object(Illuminate\\Http\\Request))
#41 D:\\laragon\\www\\rekap\\vendor\\laravel\\framework\\src\\Illuminate\\Foundation\\Http\\Middleware\\TrimStrings.php(51): Illuminate\\Foundation\\Http\\Middleware\\TransformsRequest->handle(Object(Illuminate\\Http\\Request), Object(Closure))
#42 D:\\laragon\\www\\rekap\\vendor\\laravel\\framework\\src\\Illuminate\\Pipeline\\Pipeline.php(208): Illuminate\\Foundation\\Http\\Middleware\\TrimStrings->handle(Object(Illuminate\\Http\\Request), Object(Closure))
#43 D:\\laragon\\www\\rekap\\vendor\\laravel\\framework\\src\\Illuminate\\Http\\Middleware\\ValidatePostSize.php(27): Illuminate\\Pipeline\\Pipeline->Illuminate\\Pipeline\\{closure}(Object(Illuminate\\Http\\Request))
#44 D:\\laragon\\www\\rekap\\vendor\\laravel\\framework\\src\\Illuminate\\Pipeline\\Pipeline.php(208): Illuminate\\Http\\Middleware\\ValidatePostSize->handle(Object(Illuminate\\Http\\Request), Object(Closure))
#45 D:\\laragon\\www\\rekap\\vendor\\laravel\\framework\\src\\Illuminate\\Foundation\\Http\\Middleware\\PreventRequestsDuringMaintenance.php(109): Illuminate\\Pipeline\\Pipeline->Illuminate\\Pipeline\\{closure}(Object(Illuminate\\Http\\Request))
#46 D:\\laragon\\www\\rekap\\vendor\\laravel\\framework\\src\\Illuminate\\Pipeline\\Pipeline.php(208): Illuminate\\Foundation\\Http\\Middleware\\PreventRequestsDuringMaintenance->handle(Object(Illuminate\\Http\\Request), Object(Closure))
#47 D:\\laragon\\www\\rekap\\vendor\\laravel\\framework\\src\\Illuminate\\Http\\Middleware\\HandleCors.php(48): Illuminate\\Pipeline\\Pipeline->Illuminate\\Pipeline\\{closure}(Object(Illuminate\\Http\\Request))
#48 D:\\laragon\\www\\rekap\\vendor\\laravel\\framework\\src\\Illuminate\\Pipeline\\Pipeline.php(208): Illuminate\\Http\\Middleware\\HandleCors->handle(Object(Illuminate\\Http\\Request), Object(Closure))
#49 D:\\laragon\\www\\rekap\\vendor\\laravel\\framework\\src\\Illuminate\\Http\\Middleware\\TrustProxies.php(58): Illuminate\\Pipeline\\Pipeline->Illuminate\\Pipeline\\{closure}(Object(Illuminate\\Http\\Request))
#50 D:\\laragon\\www\\rekap\\vendor\\laravel\\framework\\src\\Illuminate\\Pipeline\\Pipeline.php(208): Illuminate\\Http\\Middleware\\TrustProxies->handle(Object(Illuminate\\Http\\Request), Object(Closure))
#51 D:\\laragon\\www\\rekap\\vendor\\laravel\\framework\\src\\Illuminate\\Foundation\\Http\\Middleware\\InvokeDeferredCallbacks.php(22): Illuminate\\Pipeline\\Pipeline->Illuminate\\Pipeline\\{closure}(Object(Illuminate\\Http\\Request))
#52 D:\\laragon\\www\\rekap\\vendor\\laravel\\framework\\src\\Illuminate\\Pipeline\\Pipeline.php(208): Illuminate\\Foundation\\Http\\Middleware\\InvokeDeferredCallbacks->handle(Object(Illuminate\\Http\\Request), Object(Closure))
#53 D:\\laragon\\www\\rekap\\vendor\\laravel\\framework\\src\\Illuminate\\Http\\Middleware\\ValidatePathEncoding.php(26): Illuminate\\Pipeline\\Pipeline->Illuminate\\Pipeline\\{closure}(Object(Illuminate\\Http\\Request))
#54 D:\\laragon\\www\\rekap\\vendor\\laravel\\framework\\src\\Illuminate\\Pipeline\\Pipeline.php(208): Illuminate\\Http\\Middleware\\ValidatePathEncoding->handle(Object(Illuminate\\Http\\Request), Object(Closure))
#55 D:\\laragon\\www\\rekap\\vendor\\laravel\\framework\\src\\Illuminate\\Pipeline\\Pipeline.php(126): Illuminate\\Pipeline\\Pipeline->Illuminate\\Pipeline\\{closure}(Object(Illuminate\\Http\\Request))
#56 D:\\laragon\\www\\rekap\\vendor\\laravel\\framework\\src\\Illuminate\\Foundation\\Http\\Kernel.php(175): Illuminate\\Pipeline\\Pipeline->then(Object(Closure))
#57 D:\\laragon\\www\\rekap\\vendor\\laravel\\framework\\src\\Illuminate\\Foundation\\Http\\Kernel.php(144): Illuminate\\Foundation\\Http\\Kernel->sendRequestThroughRouter(Object(Illuminate\\Http\\Request))
#58 D:\\laragon\\www\\rekap\\vendor\\laravel\\framework\\src\\Illuminate\\Foundation\\Application.php(1219): Illuminate\\Foundation\\Http\\Kernel->handle(Object(Illuminate\\Http\\Request))
#59 D:\\laragon\\www\\rekap\\public\\index.php(20): Illuminate\\Foundation\\Application->handleRequest(Object(Illuminate\\Http\\Request))
#60 D:\\laragon\\www\\rekap\\vendor\\laravel\\framework\\src\\Illuminate\\Foundation\\resources\\server.php(23): require_once('D:\\\\laragon\\\\www\\\\...')
#61 {main}
"} 
[2025-07-04 01:35:49] local.ERROR: SQLSTATE[42S02]: Base table or view not found: 1146 Table 'rekap.absensis' doesn't exist (Connection: mysql, SQL: select * from `absensis` where `id_karyawan` = 1 and `tanggal` = 2025-04-08 limit 1) {"exception":"[object] (Illuminate\\Database\\QueryException(code: 42S02): SQLSTATE[42S02]: Base table or view not found: 1146 Table 'rekap.absensis' doesn't exist (Connection: mysql, SQL: select * from `absensis` where `id_karyawan` = 1 and `tanggal` = 2025-04-08 limit 1) at D:\\laragon\\www\\rekap\\vendor\\laravel\\framework\\src\\Illuminate\\Database\\Connection.php:822)
[stacktrace]
#0 D:\\laragon\\www\\rekap\\vendor\\laravel\\framework\\src\\Illuminate\\Database\\Connection.php(776): Illuminate\\Database\\Connection->runQueryCallback('select * from `...', Array, Object(Closure))
#1 D:\\laragon\\www\\rekap\\vendor\\laravel\\framework\\src\\Illuminate\\Database\\Connection.php(395): Illuminate\\Database\\Connection->run('select * from `...', Array, Object(Closure))
#2 D:\\laragon\\www\\rekap\\vendor\\laravel\\framework\\src\\Illuminate\\Database\\Query\\Builder.php(3107): Illuminate\\Database\\Connection->select('select * from `...', Array, true)
#3 D:\\laragon\\www\\rekap\\vendor\\laravel\\framework\\src\\Illuminate\\Database\\Query\\Builder.php(3092): Illuminate\\Database\\Query\\Builder->runSelect()
#4 D:\\laragon\\www\\rekap\\vendor\\laravel\\framework\\src\\Illuminate\\Database\\Query\\Builder.php(3679): Illuminate\\Database\\Query\\Builder->Illuminate\\Database\\Query\\{closure}()
#5 D:\\laragon\\www\\rekap\\vendor\\laravel\\framework\\src\\Illuminate\\Database\\Query\\Builder.php(3091): Illuminate\\Database\\Query\\Builder->onceWithColumns(Array, Object(Closure))
#6 D:\\laragon\\www\\rekap\\vendor\\laravel\\framework\\src\\Illuminate\\Database\\Eloquent\\Builder.php(871): Illuminate\\Database\\Query\\Builder->get(Array)
#7 D:\\laragon\\www\\rekap\\vendor\\laravel\\framework\\src\\Illuminate\\Database\\Eloquent\\Builder.php(853): Illuminate\\Database\\Eloquent\\Builder->getModels(Array)
#8 D:\\laragon\\www\\rekap\\vendor\\laravel\\framework\\src\\Illuminate\\Database\\Concerns\\BuildsQueries.php(366): Illuminate\\Database\\Eloquent\\Builder->get(Array)
#9 D:\\laragon\\www\\rekap\\app\\Http\\Controllers\\AbsensiController.php(101): Illuminate\\Database\\Eloquent\\Builder->first()
#10 D:\\laragon\\www\\rekap\\vendor\\laravel\\framework\\src\\Illuminate\\Routing\\ControllerDispatcher.php(46): App\\Http\\Controllers\\AbsensiController->store(Object(Illuminate\\Http\\Request))
#11 D:\\laragon\\www\\rekap\\vendor\\laravel\\framework\\src\\Illuminate\\Routing\\Route.php(265): Illuminate\\Routing\\ControllerDispatcher->dispatch(Object(Illuminate\\Routing\\Route), Object(App\\Http\\Controllers\\AbsensiController), 'store')
#12 D:\\laragon\\www\\rekap\\vendor\\laravel\\framework\\src\\Illuminate\\Routing\\Route.php(211): Illuminate\\Routing\\Route->runController()
#13 D:\\laragon\\www\\rekap\\vendor\\laravel\\framework\\src\\Illuminate\\Routing\\Router.php(808): Illuminate\\Routing\\Route->run()
#14 D:\\laragon\\www\\rekap\\vendor\\laravel\\framework\\src\\Illuminate\\Pipeline\\Pipeline.php(169): Illuminate\\Routing\\Router->Illuminate\\Routing\\{closure}(Object(Illuminate\\Http\\Request))
#15 D:\\laragon\\www\\rekap\\vendor\\laravel\\framework\\src\\Illuminate\\Routing\\Middleware\\SubstituteBindings.php(50): Illuminate\\Pipeline\\Pipeline->Illuminate\\Pipeline\\{closure}(Object(Illuminate\\Http\\Request))
#16 D:\\laragon\\www\\rekap\\vendor\\laravel\\framework\\src\\Illuminate\\Pipeline\\Pipeline.php(208): Illuminate\\Routing\\Middleware\\SubstituteBindings->handle(Object(Illuminate\\Http\\Request), Object(Closure))
#17 D:\\laragon\\www\\rekap\\vendor\\laravel\\framework\\src\\Illuminate\\Foundation\\Http\\Middleware\\VerifyCsrfToken.php(87): Illuminate\\Pipeline\\Pipeline->Illuminate\\Pipeline\\{closure}(Object(Illuminate\\Http\\Request))
#18 D:\\laragon\\www\\rekap\\vendor\\laravel\\framework\\src\\Illuminate\\Pipeline\\Pipeline.php(208): Illuminate\\Foundation\\Http\\Middleware\\VerifyCsrfToken->handle(Object(Illuminate\\Http\\Request), Object(Closure))
#19 D:\\laragon\\www\\rekap\\vendor\\laravel\\framework\\src\\Illuminate\\View\\Middleware\\ShareErrorsFromSession.php(48): Illuminate\\Pipeline\\Pipeline->Illuminate\\Pipeline\\{closure}(Object(Illuminate\\Http\\Request))
#20 D:\\laragon\\www\\rekap\\vendor\\laravel\\framework\\src\\Illuminate\\Pipeline\\Pipeline.php(208): Illuminate\\View\\Middleware\\ShareErrorsFromSession->handle(Object(Illuminate\\Http\\Request), Object(Closure))
#21 D:\\laragon\\www\\rekap\\vendor\\laravel\\framework\\src\\Illuminate\\Session\\Middleware\\StartSession.php(120): Illuminate\\Pipeline\\Pipeline->Illuminate\\Pipeline\\{closure}(Object(Illuminate\\Http\\Request))
#22 D:\\laragon\\www\\rekap\\vendor\\laravel\\framework\\src\\Illuminate\\Session\\Middleware\\StartSession.php(63): Illuminate\\Session\\Middleware\\StartSession->handleStatefulRequest(Object(Illuminate\\Http\\Request), Object(Illuminate\\Session\\Store), Object(Closure))
#23 D:\\laragon\\www\\rekap\\vendor\\laravel\\framework\\src\\Illuminate\\Pipeline\\Pipeline.php(208): Illuminate\\Session\\Middleware\\StartSession->handle(Object(Illuminate\\Http\\Request), Object(Closure))
#24 D:\\laragon\\www\\rekap\\vendor\\laravel\\framework\\src\\Illuminate\\Cookie\\Middleware\\AddQueuedCookiesToResponse.php(36): Illuminate\\Pipeline\\Pipeline->Illuminate\\Pipeline\\{closure}(Object(Illuminate\\Http\\Request))
#25 D:\\laragon\\www\\rekap\\vendor\\laravel\\framework\\src\\Illuminate\\Pipeline\\Pipeline.php(208): Illuminate\\Cookie\\Middleware\\AddQueuedCookiesToResponse->handle(Object(Illuminate\\Http\\Request), Object(Closure))
#26 D:\\laragon\\www\\rekap\\vendor\\laravel\\framework\\src\\Illuminate\\Cookie\\Middleware\\EncryptCookies.php(74): Illuminate\\Pipeline\\Pipeline->Illuminate\\Pipeline\\{closure}(Object(Illuminate\\Http\\Request))
#27 D:\\laragon\\www\\rekap\\vendor\\laravel\\framework\\src\\Illuminate\\Pipeline\\Pipeline.php(208): Illuminate\\Cookie\\Middleware\\EncryptCookies->handle(Object(Illuminate\\Http\\Request), Object(Closure))
#28 D:\\laragon\\www\\rekap\\vendor\\laravel\\framework\\src\\Illuminate\\Pipeline\\Pipeline.php(126): Illuminate\\Pipeline\\Pipeline->Illuminate\\Pipeline\\{closure}(Object(Illuminate\\Http\\Request))
#29 D:\\laragon\\www\\rekap\\vendor\\laravel\\framework\\src\\Illuminate\\Routing\\Router.php(807): Illuminate\\Pipeline\\Pipeline->then(Object(Closure))
#30 D:\\laragon\\www\\rekap\\vendor\\laravel\\framework\\src\\Illuminate\\Routing\\Router.php(786): Illuminate\\Routing\\Router->runRouteWithinStack(Object(Illuminate\\Routing\\Route), Object(Illuminate\\Http\\Request))
#31 D:\\laragon\\www\\rekap\\vendor\\laravel\\framework\\src\\Illuminate\\Routing\\Router.php(750): Illuminate\\Routing\\Router->runRoute(Object(Illuminate\\Http\\Request), Object(Illuminate\\Routing\\Route))
#32 D:\\laragon\\www\\rekap\\vendor\\laravel\\framework\\src\\Illuminate\\Routing\\Router.php(739): Illuminate\\Routing\\Router->dispatchToRoute(Object(Illuminate\\Http\\Request))
#33 D:\\laragon\\www\\rekap\\vendor\\laravel\\framework\\src\\Illuminate\\Foundation\\Http\\Kernel.php(200): Illuminate\\Routing\\Router->dispatch(Object(Illuminate\\Http\\Request))
#34 D:\\laragon\\www\\rekap\\vendor\\laravel\\framework\\src\\Illuminate\\Pipeline\\Pipeline.php(169): Illuminate\\Foundation\\Http\\Kernel->Illuminate\\Foundation\\Http\\{closure}(Object(Illuminate\\Http\\Request))
#35 D:\\laragon\\www\\rekap\\vendor\\laravel\\framework\\src\\Illuminate\\Foundation\\Http\\Middleware\\TransformsRequest.php(21): Illuminate\\Pipeline\\Pipeline->Illuminate\\Pipeline\\{closure}(Object(Illuminate\\Http\\Request))
#36 D:\\laragon\\www\\rekap\\vendor\\laravel\\framework\\src\\Illuminate\\Foundation\\Http\\Middleware\\ConvertEmptyStringsToNull.php(31): Illuminate\\Foundation\\Http\\Middleware\\TransformsRequest->handle(Object(Illuminate\\Http\\Request), Object(Closure))
#37 D:\\laragon\\www\\rekap\\vendor\\laravel\\framework\\src\\Illuminate\\Pipeline\\Pipeline.php(208): Illuminate\\Foundation\\Http\\Middleware\\ConvertEmptyStringsToNull->handle(Object(Illuminate\\Http\\Request), Object(Closure))
#38 D:\\laragon\\www\\rekap\\vendor\\laravel\\framework\\src\\Illuminate\\Foundation\\Http\\Middleware\\TransformsRequest.php(21): Illuminate\\Pipeline\\Pipeline->Illuminate\\Pipeline\\{closure}(Object(Illuminate\\Http\\Request))
#39 D:\\laragon\\www\\rekap\\vendor\\laravel\\framework\\src\\Illuminate\\Foundation\\Http\\Middleware\\TrimStrings.php(51): Illuminate\\Foundation\\Http\\Middleware\\TransformsRequest->handle(Object(Illuminate\\Http\\Request), Object(Closure))
#40 D:\\laragon\\www\\rekap\\vendor\\laravel\\framework\\src\\Illuminate\\Pipeline\\Pipeline.php(208): Illuminate\\Foundation\\Http\\Middleware\\TrimStrings->handle(Object(Illuminate\\Http\\Request), Object(Closure))
#41 D:\\laragon\\www\\rekap\\vendor\\laravel\\framework\\src\\Illuminate\\Http\\Middleware\\ValidatePostSize.php(27): Illuminate\\Pipeline\\Pipeline->Illuminate\\Pipeline\\{closure}(Object(Illuminate\\Http\\Request))
#42 D:\\laragon\\www\\rekap\\vendor\\laravel\\framework\\src\\Illuminate\\Pipeline\\Pipeline.php(208): Illuminate\\Http\\Middleware\\ValidatePostSize->handle(Object(Illuminate\\Http\\Request), Object(Closure))
#43 D:\\laragon\\www\\rekap\\vendor\\laravel\\framework\\src\\Illuminate\\Foundation\\Http\\Middleware\\PreventRequestsDuringMaintenance.php(109): Illuminate\\Pipeline\\Pipeline->Illuminate\\Pipeline\\{closure}(Object(Illuminate\\Http\\Request))
#44 D:\\laragon\\www\\rekap\\vendor\\laravel\\framework\\src\\Illuminate\\Pipeline\\Pipeline.php(208): Illuminate\\Foundation\\Http\\Middleware\\PreventRequestsDuringMaintenance->handle(Object(Illuminate\\Http\\Request), Object(Closure))
#45 D:\\laragon\\www\\rekap\\vendor\\laravel\\framework\\src\\Illuminate\\Http\\Middleware\\HandleCors.php(48): Illuminate\\Pipeline\\Pipeline->Illuminate\\Pipeline\\{closure}(Object(Illuminate\\Http\\Request))
#46 D:\\laragon\\www\\rekap\\vendor\\laravel\\framework\\src\\Illuminate\\Pipeline\\Pipeline.php(208): Illuminate\\Http\\Middleware\\HandleCors->handle(Object(Illuminate\\Http\\Request), Object(Closure))
#47 D:\\laragon\\www\\rekap\\vendor\\laravel\\framework\\src\\Illuminate\\Http\\Middleware\\TrustProxies.php(58): Illuminate\\Pipeline\\Pipeline->Illuminate\\Pipeline\\{closure}(Object(Illuminate\\Http\\Request))
#48 D:\\laragon\\www\\rekap\\vendor\\laravel\\framework\\src\\Illuminate\\Pipeline\\Pipeline.php(208): Illuminate\\Http\\Middleware\\TrustProxies->handle(Object(Illuminate\\Http\\Request), Object(Closure))
#49 D:\\laragon\\www\\rekap\\vendor\\laravel\\framework\\src\\Illuminate\\Foundation\\Http\\Middleware\\InvokeDeferredCallbacks.php(22): Illuminate\\Pipeline\\Pipeline->Illuminate\\Pipeline\\{closure}(Object(Illuminate\\Http\\Request))
#50 D:\\laragon\\www\\rekap\\vendor\\laravel\\framework\\src\\Illuminate\\Pipeline\\Pipeline.php(208): Illuminate\\Foundation\\Http\\Middleware\\InvokeDeferredCallbacks->handle(Object(Illuminate\\Http\\Request), Object(Closure))
#51 D:\\laragon\\www\\rekap\\vendor\\laravel\\framework\\src\\Illuminate\\Http\\Middleware\\ValidatePathEncoding.php(26): Illuminate\\Pipeline\\Pipeline->Illuminate\\Pipeline\\{closure}(Object(Illuminate\\Http\\Request))
#52 D:\\laragon\\www\\rekap\\vendor\\laravel\\framework\\src\\Illuminate\\Pipeline\\Pipeline.php(208): Illuminate\\Http\\Middleware\\ValidatePathEncoding->handle(Object(Illuminate\\Http\\Request), Object(Closure))
#53 D:\\laragon\\www\\rekap\\vendor\\laravel\\framework\\src\\Illuminate\\Pipeline\\Pipeline.php(126): Illuminate\\Pipeline\\Pipeline->Illuminate\\Pipeline\\{closure}(Object(Illuminate\\Http\\Request))
#54 D:\\laragon\\www\\rekap\\vendor\\laravel\\framework\\src\\Illuminate\\Foundation\\Http\\Kernel.php(175): Illuminate\\Pipeline\\Pipeline->then(Object(Closure))
#55 D:\\laragon\\www\\rekap\\vendor\\laravel\\framework\\src\\Illuminate\\Foundation\\Http\\Kernel.php(144): Illuminate\\Foundation\\Http\\Kernel->sendRequestThroughRouter(Object(Illuminate\\Http\\Request))
#56 D:\\laragon\\www\\rekap\\vendor\\laravel\\framework\\src\\Illuminate\\Foundation\\Application.php(1219): Illuminate\\Foundation\\Http\\Kernel->handle(Object(Illuminate\\Http\\Request))
#57 D:\\laragon\\www\\rekap\\public\\index.php(20): Illuminate\\Foundation\\Application->handleRequest(Object(Illuminate\\Http\\Request))
#58 D:\\laragon\\www\\rekap\\vendor\\laravel\\framework\\src\\Illuminate\\Foundation\\resources\\server.php(23): require_once('D:\\\\laragon\\\\www\\\\...')
#59 {main}

[previous exception] [object] (PDOException(code: 42S02): SQLSTATE[42S02]: Base table or view not found: 1146 Table 'rekap.absensis' doesn't exist at D:\\laragon\\www\\rekap\\vendor\\laravel\\framework\\src\\Illuminate\\Database\\Connection.php:404)
[stacktrace]
#0 D:\\laragon\\www\\rekap\\vendor\\laravel\\framework\\src\\Illuminate\\Database\\Connection.php(404): PDO->prepare('select * from `...')
#1 D:\\laragon\\www\\rekap\\vendor\\laravel\\framework\\src\\Illuminate\\Database\\Connection.php(809): Illuminate\\Database\\Connection->Illuminate\\Database\\{closure}('select * from `...', Array)
#2 D:\\laragon\\www\\rekap\\vendor\\laravel\\framework\\src\\Illuminate\\Database\\Connection.php(776): Illuminate\\Database\\Connection->runQueryCallback('select * from `...', Array, Object(Closure))
#3 D:\\laragon\\www\\rekap\\vendor\\laravel\\framework\\src\\Illuminate\\Database\\Connection.php(395): Illuminate\\Database\\Connection->run('select * from `...', Array, Object(Closure))
#4 D:\\laragon\\www\\rekap\\vendor\\laravel\\framework\\src\\Illuminate\\Database\\Query\\Builder.php(3107): Illuminate\\Database\\Connection->select('select * from `...', Array, true)
#5 D:\\laragon\\www\\rekap\\vendor\\laravel\\framework\\src\\Illuminate\\Database\\Query\\Builder.php(3092): Illuminate\\Database\\Query\\Builder->runSelect()
#6 D:\\laragon\\www\\rekap\\vendor\\laravel\\framework\\src\\Illuminate\\Database\\Query\\Builder.php(3679): Illuminate\\Database\\Query\\Builder->Illuminate\\Database\\Query\\{closure}()
#7 D:\\laragon\\www\\rekap\\vendor\\laravel\\framework\\src\\Illuminate\\Database\\Query\\Builder.php(3091): Illuminate\\Database\\Query\\Builder->onceWithColumns(Array, Object(Closure))
#8 D:\\laragon\\www\\rekap\\vendor\\laravel\\framework\\src\\Illuminate\\Database\\Eloquent\\Builder.php(871): Illuminate\\Database\\Query\\Builder->get(Array)
#9 D:\\laragon\\www\\rekap\\vendor\\laravel\\framework\\src\\Illuminate\\Database\\Eloquent\\Builder.php(853): Illuminate\\Database\\Eloquent\\Builder->getModels(Array)
#10 D:\\laragon\\www\\rekap\\vendor\\laravel\\framework\\src\\Illuminate\\Database\\Concerns\\BuildsQueries.php(366): Illuminate\\Database\\Eloquent\\Builder->get(Array)
#11 D:\\laragon\\www\\rekap\\app\\Http\\Controllers\\AbsensiController.php(101): Illuminate\\Database\\Eloquent\\Builder->first()
#12 D:\\laragon\\www\\rekap\\vendor\\laravel\\framework\\src\\Illuminate\\Routing\\ControllerDispatcher.php(46): App\\Http\\Controllers\\AbsensiController->store(Object(Illuminate\\Http\\Request))
#13 D:\\laragon\\www\\rekap\\vendor\\laravel\\framework\\src\\Illuminate\\Routing\\Route.php(265): Illuminate\\Routing\\ControllerDispatcher->dispatch(Object(Illuminate\\Routing\\Route), Object(App\\Http\\Controllers\\AbsensiController), 'store')
#14 D:\\laragon\\www\\rekap\\vendor\\laravel\\framework\\src\\Illuminate\\Routing\\Route.php(211): Illuminate\\Routing\\Route->runController()
#15 D:\\laragon\\www\\rekap\\vendor\\laravel\\framework\\src\\Illuminate\\Routing\\Router.php(808): Illuminate\\Routing\\Route->run()
#16 D:\\laragon\\www\\rekap\\vendor\\laravel\\framework\\src\\Illuminate\\Pipeline\\Pipeline.php(169): Illuminate\\Routing\\Router->Illuminate\\Routing\\{closure}(Object(Illuminate\\Http\\Request))
#17 D:\\laragon\\www\\rekap\\vendor\\laravel\\framework\\src\\Illuminate\\Routing\\Middleware\\SubstituteBindings.php(50): Illuminate\\Pipeline\\Pipeline->Illuminate\\Pipeline\\{closure}(Object(Illuminate\\Http\\Request))
#18 D:\\laragon\\www\\rekap\\vendor\\laravel\\framework\\src\\Illuminate\\Pipeline\\Pipeline.php(208): Illuminate\\Routing\\Middleware\\SubstituteBindings->handle(Object(Illuminate\\Http\\Request), Object(Closure))
#19 D:\\laragon\\www\\rekap\\vendor\\laravel\\framework\\src\\Illuminate\\Foundation\\Http\\Middleware\\VerifyCsrfToken.php(87): Illuminate\\Pipeline\\Pipeline->Illuminate\\Pipeline\\{closure}(Object(Illuminate\\Http\\Request))
#20 D:\\laragon\\www\\rekap\\vendor\\laravel\\framework\\src\\Illuminate\\Pipeline\\Pipeline.php(208): Illuminate\\Foundation\\Http\\Middleware\\VerifyCsrfToken->handle(Object(Illuminate\\Http\\Request), Object(Closure))
#21 D:\\laragon\\www\\rekap\\vendor\\laravel\\framework\\src\\Illuminate\\View\\Middleware\\ShareErrorsFromSession.php(48): Illuminate\\Pipeline\\Pipeline->Illuminate\\Pipeline\\{closure}(Object(Illuminate\\Http\\Request))
#22 D:\\laragon\\www\\rekap\\vendor\\laravel\\framework\\src\\Illuminate\\Pipeline\\Pipeline.php(208): Illuminate\\View\\Middleware\\ShareErrorsFromSession->handle(Object(Illuminate\\Http\\Request), Object(Closure))
#23 D:\\laragon\\www\\rekap\\vendor\\laravel\\framework\\src\\Illuminate\\Session\\Middleware\\StartSession.php(120): Illuminate\\Pipeline\\Pipeline->Illuminate\\Pipeline\\{closure}(Object(Illuminate\\Http\\Request))
#24 D:\\laragon\\www\\rekap\\vendor\\laravel\\framework\\src\\Illuminate\\Session\\Middleware\\StartSession.php(63): Illuminate\\Session\\Middleware\\StartSession->handleStatefulRequest(Object(Illuminate\\Http\\Request), Object(Illuminate\\Session\\Store), Object(Closure))
#25 D:\\laragon\\www\\rekap\\vendor\\laravel\\framework\\src\\Illuminate\\Pipeline\\Pipeline.php(208): Illuminate\\Session\\Middleware\\StartSession->handle(Object(Illuminate\\Http\\Request), Object(Closure))
#26 D:\\laragon\\www\\rekap\\vendor\\laravel\\framework\\src\\Illuminate\\Cookie\\Middleware\\AddQueuedCookiesToResponse.php(36): Illuminate\\Pipeline\\Pipeline->Illuminate\\Pipeline\\{closure}(Object(Illuminate\\Http\\Request))
#27 D:\\laragon\\www\\rekap\\vendor\\laravel\\framework\\src\\Illuminate\\Pipeline\\Pipeline.php(208): Illuminate\\Cookie\\Middleware\\AddQueuedCookiesToResponse->handle(Object(Illuminate\\Http\\Request), Object(Closure))
#28 D:\\laragon\\www\\rekap\\vendor\\laravel\\framework\\src\\Illuminate\\Cookie\\Middleware\\EncryptCookies.php(74): Illuminate\\Pipeline\\Pipeline->Illuminate\\Pipeline\\{closure}(Object(Illuminate\\Http\\Request))
#29 D:\\laragon\\www\\rekap\\vendor\\laravel\\framework\\src\\Illuminate\\Pipeline\\Pipeline.php(208): Illuminate\\Cookie\\Middleware\\EncryptCookies->handle(Object(Illuminate\\Http\\Request), Object(Closure))
#30 D:\\laragon\\www\\rekap\\vendor\\laravel\\framework\\src\\Illuminate\\Pipeline\\Pipeline.php(126): Illuminate\\Pipeline\\Pipeline->Illuminate\\Pipeline\\{closure}(Object(Illuminate\\Http\\Request))
#31 D:\\laragon\\www\\rekap\\vendor\\laravel\\framework\\src\\Illuminate\\Routing\\Router.php(807): Illuminate\\Pipeline\\Pipeline->then(Object(Closure))
#32 D:\\laragon\\www\\rekap\\vendor\\laravel\\framework\\src\\Illuminate\\Routing\\Router.php(786): Illuminate\\Routing\\Router->runRouteWithinStack(Object(Illuminate\\Routing\\Route), Object(Illuminate\\Http\\Request))
#33 D:\\laragon\\www\\rekap\\vendor\\laravel\\framework\\src\\Illuminate\\Routing\\Router.php(750): Illuminate\\Routing\\Router->runRoute(Object(Illuminate\\Http\\Request), Object(Illuminate\\Routing\\Route))
#34 D:\\laragon\\www\\rekap\\vendor\\laravel\\framework\\src\\Illuminate\\Routing\\Router.php(739): Illuminate\\Routing\\Router->dispatchToRoute(Object(Illuminate\\Http\\Request))
#35 D:\\laragon\\www\\rekap\\vendor\\laravel\\framework\\src\\Illuminate\\Foundation\\Http\\Kernel.php(200): Illuminate\\Routing\\Router->dispatch(Object(Illuminate\\Http\\Request))
#36 D:\\laragon\\www\\rekap\\vendor\\laravel\\framework\\src\\Illuminate\\Pipeline\\Pipeline.php(169): Illuminate\\Foundation\\Http\\Kernel->Illuminate\\Foundation\\Http\\{closure}(Object(Illuminate\\Http\\Request))
#37 D:\\laragon\\www\\rekap\\vendor\\laravel\\framework\\src\\Illuminate\\Foundation\\Http\\Middleware\\TransformsRequest.php(21): Illuminate\\Pipeline\\Pipeline->Illuminate\\Pipeline\\{closure}(Object(Illuminate\\Http\\Request))
#38 D:\\laragon\\www\\rekap\\vendor\\laravel\\framework\\src\\Illuminate\\Foundation\\Http\\Middleware\\ConvertEmptyStringsToNull.php(31): Illuminate\\Foundation\\Http\\Middleware\\TransformsRequest->handle(Object(Illuminate\\Http\\Request), Object(Closure))
#39 D:\\laragon\\www\\rekap\\vendor\\laravel\\framework\\src\\Illuminate\\Pipeline\\Pipeline.php(208): Illuminate\\Foundation\\Http\\Middleware\\ConvertEmptyStringsToNull->handle(Object(Illuminate\\Http\\Request), Object(Closure))
#40 D:\\laragon\\www\\rekap\\vendor\\laravel\\framework\\src\\Illuminate\\Foundation\\Http\\Middleware\\TransformsRequest.php(21): Illuminate\\Pipeline\\Pipeline->Illuminate\\Pipeline\\{closure}(Object(Illuminate\\Http\\Request))
#41 D:\\laragon\\www\\rekap\\vendor\\laravel\\framework\\src\\Illuminate\\Foundation\\Http\\Middleware\\TrimStrings.php(51): Illuminate\\Foundation\\Http\\Middleware\\TransformsRequest->handle(Object(Illuminate\\Http\\Request), Object(Closure))
#42 D:\\laragon\\www\\rekap\\vendor\\laravel\\framework\\src\\Illuminate\\Pipeline\\Pipeline.php(208): Illuminate\\Foundation\\Http\\Middleware\\TrimStrings->handle(Object(Illuminate\\Http\\Request), Object(Closure))
#43 D:\\laragon\\www\\rekap\\vendor\\laravel\\framework\\src\\Illuminate\\Http\\Middleware\\ValidatePostSize.php(27): Illuminate\\Pipeline\\Pipeline->Illuminate\\Pipeline\\{closure}(Object(Illuminate\\Http\\Request))
#44 D:\\laragon\\www\\rekap\\vendor\\laravel\\framework\\src\\Illuminate\\Pipeline\\Pipeline.php(208): Illuminate\\Http\\Middleware\\ValidatePostSize->handle(Object(Illuminate\\Http\\Request), Object(Closure))
#45 D:\\laragon\\www\\rekap\\vendor\\laravel\\framework\\src\\Illuminate\\Foundation\\Http\\Middleware\\PreventRequestsDuringMaintenance.php(109): Illuminate\\Pipeline\\Pipeline->Illuminate\\Pipeline\\{closure}(Object(Illuminate\\Http\\Request))
#46 D:\\laragon\\www\\rekap\\vendor\\laravel\\framework\\src\\Illuminate\\Pipeline\\Pipeline.php(208): Illuminate\\Foundation\\Http\\Middleware\\PreventRequestsDuringMaintenance->handle(Object(Illuminate\\Http\\Request), Object(Closure))
#47 D:\\laragon\\www\\rekap\\vendor\\laravel\\framework\\src\\Illuminate\\Http\\Middleware\\HandleCors.php(48): Illuminate\\Pipeline\\Pipeline->Illuminate\\Pipeline\\{closure}(Object(Illuminate\\Http\\Request))
#48 D:\\laragon\\www\\rekap\\vendor\\laravel\\framework\\src\\Illuminate\\Pipeline\\Pipeline.php(208): Illuminate\\Http\\Middleware\\HandleCors->handle(Object(Illuminate\\Http\\Request), Object(Closure))
#49 D:\\laragon\\www\\rekap\\vendor\\laravel\\framework\\src\\Illuminate\\Http\\Middleware\\TrustProxies.php(58): Illuminate\\Pipeline\\Pipeline->Illuminate\\Pipeline\\{closure}(Object(Illuminate\\Http\\Request))
#50 D:\\laragon\\www\\rekap\\vendor\\laravel\\framework\\src\\Illuminate\\Pipeline\\Pipeline.php(208): Illuminate\\Http\\Middleware\\TrustProxies->handle(Object(Illuminate\\Http\\Request), Object(Closure))
#51 D:\\laragon\\www\\rekap\\vendor\\laravel\\framework\\src\\Illuminate\\Foundation\\Http\\Middleware\\InvokeDeferredCallbacks.php(22): Illuminate\\Pipeline\\Pipeline->Illuminate\\Pipeline\\{closure}(Object(Illuminate\\Http\\Request))
#52 D:\\laragon\\www\\rekap\\vendor\\laravel\\framework\\src\\Illuminate\\Pipeline\\Pipeline.php(208): Illuminate\\Foundation\\Http\\Middleware\\InvokeDeferredCallbacks->handle(Object(Illuminate\\Http\\Request), Object(Closure))
#53 D:\\laragon\\www\\rekap\\vendor\\laravel\\framework\\src\\Illuminate\\Http\\Middleware\\ValidatePathEncoding.php(26): Illuminate\\Pipeline\\Pipeline->Illuminate\\Pipeline\\{closure}(Object(Illuminate\\Http\\Request))
#54 D:\\laragon\\www\\rekap\\vendor\\laravel\\framework\\src\\Illuminate\\Pipeline\\Pipeline.php(208): Illuminate\\Http\\Middleware\\ValidatePathEncoding->handle(Object(Illuminate\\Http\\Request), Object(Closure))
#55 D:\\laragon\\www\\rekap\\vendor\\laravel\\framework\\src\\Illuminate\\Pipeline\\Pipeline.php(126): Illuminate\\Pipeline\\Pipeline->Illuminate\\Pipeline\\{closure}(Object(Illuminate\\Http\\Request))
#56 D:\\laragon\\www\\rekap\\vendor\\laravel\\framework\\src\\Illuminate\\Foundation\\Http\\Kernel.php(175): Illuminate\\Pipeline\\Pipeline->then(Object(Closure))
#57 D:\\laragon\\www\\rekap\\vendor\\laravel\\framework\\src\\Illuminate\\Foundation\\Http\\Kernel.php(144): Illuminate\\Foundation\\Http\\Kernel->sendRequestThroughRouter(Object(Illuminate\\Http\\Request))
#58 D:\\laragon\\www\\rekap\\vendor\\laravel\\framework\\src\\Illuminate\\Foundation\\Application.php(1219): Illuminate\\Foundation\\Http\\Kernel->handle(Object(Illuminate\\Http\\Request))
#59 D:\\laragon\\www\\rekap\\public\\index.php(20): Illuminate\\Foundation\\Application->handleRequest(Object(Illuminate\\Http\\Request))
#60 D:\\laragon\\www\\rekap\\vendor\\laravel\\framework\\src\\Illuminate\\Foundation\\resources\\server.php(23): require_once('D:\\\\laragon\\\\www\\\\...')
#61 {main}
"} 
[2025-07-04 01:39:36] local.ERROR: SQLSTATE[42S02]: Base table or view not found: 1146 Table 'rekap.karyawans' doesn't exist (Connection: mysql, SQL: select * from `karyawans` where (`nama` = RIAN and `departemen` = Perusahaan) limit 1) {"exception":"[object] (Illuminate\\Database\\QueryException(code: 42S02): SQLSTATE[42S02]: Base table or view not found: 1146 Table 'rekap.karyawans' doesn't exist (Connection: mysql, SQL: select * from `karyawans` where (`nama` = RIAN and `departemen` = Perusahaan) limit 1) at D:\\laragon\\www\\rekap\\vendor\\laravel\\framework\\src\\Illuminate\\Database\\Connection.php:822)
[stacktrace]
#0 D:\\laragon\\www\\rekap\\vendor\\laravel\\framework\\src\\Illuminate\\Database\\Connection.php(776): Illuminate\\Database\\Connection->runQueryCallback('select * from `...', Array, Object(Closure))
#1 D:\\laragon\\www\\rekap\\vendor\\laravel\\framework\\src\\Illuminate\\Database\\Connection.php(395): Illuminate\\Database\\Connection->run('select * from `...', Array, Object(Closure))
#2 D:\\laragon\\www\\rekap\\vendor\\laravel\\framework\\src\\Illuminate\\Database\\Query\\Builder.php(3107): Illuminate\\Database\\Connection->select('select * from `...', Array, true)
#3 D:\\laragon\\www\\rekap\\vendor\\laravel\\framework\\src\\Illuminate\\Database\\Query\\Builder.php(3092): Illuminate\\Database\\Query\\Builder->runSelect()
#4 D:\\laragon\\www\\rekap\\vendor\\laravel\\framework\\src\\Illuminate\\Database\\Query\\Builder.php(3679): Illuminate\\Database\\Query\\Builder->Illuminate\\Database\\Query\\{closure}()
#5 D:\\laragon\\www\\rekap\\vendor\\laravel\\framework\\src\\Illuminate\\Database\\Query\\Builder.php(3091): Illuminate\\Database\\Query\\Builder->onceWithColumns(Array, Object(Closure))
#6 D:\\laragon\\www\\rekap\\vendor\\laravel\\framework\\src\\Illuminate\\Database\\Eloquent\\Builder.php(871): Illuminate\\Database\\Query\\Builder->get(Array)
#7 D:\\laragon\\www\\rekap\\vendor\\laravel\\framework\\src\\Illuminate\\Database\\Eloquent\\Builder.php(853): Illuminate\\Database\\Eloquent\\Builder->getModels(Array)
#8 D:\\laragon\\www\\rekap\\vendor\\laravel\\framework\\src\\Illuminate\\Database\\Concerns\\BuildsQueries.php(366): Illuminate\\Database\\Eloquent\\Builder->get(Array)
#9 D:\\laragon\\www\\rekap\\vendor\\laravel\\framework\\src\\Illuminate\\Database\\Eloquent\\Builder.php(677): Illuminate\\Database\\Eloquent\\Builder->first()
#10 D:\\laragon\\www\\rekap\\vendor\\laravel\\framework\\src\\Illuminate\\Support\\Traits\\ForwardsCalls.php(23): Illuminate\\Database\\Eloquent\\Builder->firstOrCreate(Array)
#11 D:\\laragon\\www\\rekap\\vendor\\laravel\\framework\\src\\Illuminate\\Database\\Eloquent\\Model.php(2449): Illuminate\\Database\\Eloquent\\Model->forwardCallTo(Object(Illuminate\\Database\\Eloquent\\Builder), 'firstOrCreate', Array)
#12 D:\\laragon\\www\\rekap\\vendor\\laravel\\framework\\src\\Illuminate\\Database\\Eloquent\\Model.php(2465): Illuminate\\Database\\Eloquent\\Model->__call('firstOrCreate', Array)
#13 D:\\laragon\\www\\rekap\\app\\Http\\Controllers\\AbsensiController.php(93): Illuminate\\Database\\Eloquent\\Model::__callStatic('firstOrCreate', Array)
#14 D:\\laragon\\www\\rekap\\vendor\\laravel\\framework\\src\\Illuminate\\Routing\\ControllerDispatcher.php(46): App\\Http\\Controllers\\AbsensiController->store(Object(Illuminate\\Http\\Request))
#15 D:\\laragon\\www\\rekap\\vendor\\laravel\\framework\\src\\Illuminate\\Routing\\Route.php(265): Illuminate\\Routing\\ControllerDispatcher->dispatch(Object(Illuminate\\Routing\\Route), Object(App\\Http\\Controllers\\AbsensiController), 'store')
#16 D:\\laragon\\www\\rekap\\vendor\\laravel\\framework\\src\\Illuminate\\Routing\\Route.php(211): Illuminate\\Routing\\Route->runController()
#17 D:\\laragon\\www\\rekap\\vendor\\laravel\\framework\\src\\Illuminate\\Routing\\Router.php(808): Illuminate\\Routing\\Route->run()
#18 D:\\laragon\\www\\rekap\\vendor\\laravel\\framework\\src\\Illuminate\\Pipeline\\Pipeline.php(169): Illuminate\\Routing\\Router->Illuminate\\Routing\\{closure}(Object(Illuminate\\Http\\Request))
#19 D:\\laragon\\www\\rekap\\vendor\\laravel\\framework\\src\\Illuminate\\Routing\\Middleware\\SubstituteBindings.php(50): Illuminate\\Pipeline\\Pipeline->Illuminate\\Pipeline\\{closure}(Object(Illuminate\\Http\\Request))
#20 D:\\laragon\\www\\rekap\\vendor\\laravel\\framework\\src\\Illuminate\\Pipeline\\Pipeline.php(208): Illuminate\\Routing\\Middleware\\SubstituteBindings->handle(Object(Illuminate\\Http\\Request), Object(Closure))
#21 D:\\laragon\\www\\rekap\\vendor\\laravel\\framework\\src\\Illuminate\\Foundation\\Http\\Middleware\\VerifyCsrfToken.php(87): Illuminate\\Pipeline\\Pipeline->Illuminate\\Pipeline\\{closure}(Object(Illuminate\\Http\\Request))
#22 D:\\laragon\\www\\rekap\\vendor\\laravel\\framework\\src\\Illuminate\\Pipeline\\Pipeline.php(208): Illuminate\\Foundation\\Http\\Middleware\\VerifyCsrfToken->handle(Object(Illuminate\\Http\\Request), Object(Closure))
#23 D:\\laragon\\www\\rekap\\vendor\\laravel\\framework\\src\\Illuminate\\View\\Middleware\\ShareErrorsFromSession.php(48): Illuminate\\Pipeline\\Pipeline->Illuminate\\Pipeline\\{closure}(Object(Illuminate\\Http\\Request))
#24 D:\\laragon\\www\\rekap\\vendor\\laravel\\framework\\src\\Illuminate\\Pipeline\\Pipeline.php(208): Illuminate\\View\\Middleware\\ShareErrorsFromSession->handle(Object(Illuminate\\Http\\Request), Object(Closure))
#25 D:\\laragon\\www\\rekap\\vendor\\laravel\\framework\\src\\Illuminate\\Session\\Middleware\\StartSession.php(120): Illuminate\\Pipeline\\Pipeline->Illuminate\\Pipeline\\{closure}(Object(Illuminate\\Http\\Request))
#26 D:\\laragon\\www\\rekap\\vendor\\laravel\\framework\\src\\Illuminate\\Session\\Middleware\\StartSession.php(63): Illuminate\\Session\\Middleware\\StartSession->handleStatefulRequest(Object(Illuminate\\Http\\Request), Object(Illuminate\\Session\\Store), Object(Closure))
#27 D:\\laragon\\www\\rekap\\vendor\\laravel\\framework\\src\\Illuminate\\Pipeline\\Pipeline.php(208): Illuminate\\Session\\Middleware\\StartSession->handle(Object(Illuminate\\Http\\Request), Object(Closure))
#28 D:\\laragon\\www\\rekap\\vendor\\laravel\\framework\\src\\Illuminate\\Cookie\\Middleware\\AddQueuedCookiesToResponse.php(36): Illuminate\\Pipeline\\Pipeline->Illuminate\\Pipeline\\{closure}(Object(Illuminate\\Http\\Request))
#29 D:\\laragon\\www\\rekap\\vendor\\laravel\\framework\\src\\Illuminate\\Pipeline\\Pipeline.php(208): Illuminate\\Cookie\\Middleware\\AddQueuedCookiesToResponse->handle(Object(Illuminate\\Http\\Request), Object(Closure))
#30 D:\\laragon\\www\\rekap\\vendor\\laravel\\framework\\src\\Illuminate\\Cookie\\Middleware\\EncryptCookies.php(74): Illuminate\\Pipeline\\Pipeline->Illuminate\\Pipeline\\{closure}(Object(Illuminate\\Http\\Request))
#31 D:\\laragon\\www\\rekap\\vendor\\laravel\\framework\\src\\Illuminate\\Pipeline\\Pipeline.php(208): Illuminate\\Cookie\\Middleware\\EncryptCookies->handle(Object(Illuminate\\Http\\Request), Object(Closure))
#32 D:\\laragon\\www\\rekap\\vendor\\laravel\\framework\\src\\Illuminate\\Pipeline\\Pipeline.php(126): Illuminate\\Pipeline\\Pipeline->Illuminate\\Pipeline\\{closure}(Object(Illuminate\\Http\\Request))
#33 D:\\laragon\\www\\rekap\\vendor\\laravel\\framework\\src\\Illuminate\\Routing\\Router.php(807): Illuminate\\Pipeline\\Pipeline->then(Object(Closure))
#34 D:\\laragon\\www\\rekap\\vendor\\laravel\\framework\\src\\Illuminate\\Routing\\Router.php(786): Illuminate\\Routing\\Router->runRouteWithinStack(Object(Illuminate\\Routing\\Route), Object(Illuminate\\Http\\Request))
#35 D:\\laragon\\www\\rekap\\vendor\\laravel\\framework\\src\\Illuminate\\Routing\\Router.php(750): Illuminate\\Routing\\Router->runRoute(Object(Illuminate\\Http\\Request), Object(Illuminate\\Routing\\Route))
#36 D:\\laragon\\www\\rekap\\vendor\\laravel\\framework\\src\\Illuminate\\Routing\\Router.php(739): Illuminate\\Routing\\Router->dispatchToRoute(Object(Illuminate\\Http\\Request))
#37 D:\\laragon\\www\\rekap\\vendor\\laravel\\framework\\src\\Illuminate\\Foundation\\Http\\Kernel.php(200): Illuminate\\Routing\\Router->dispatch(Object(Illuminate\\Http\\Request))
#38 D:\\laragon\\www\\rekap\\vendor\\laravel\\framework\\src\\Illuminate\\Pipeline\\Pipeline.php(169): Illuminate\\Foundation\\Http\\Kernel->Illuminate\\Foundation\\Http\\{closure}(Object(Illuminate\\Http\\Request))
#39 D:\\laragon\\www\\rekap\\vendor\\laravel\\framework\\src\\Illuminate\\Foundation\\Http\\Middleware\\TransformsRequest.php(21): Illuminate\\Pipeline\\Pipeline->Illuminate\\Pipeline\\{closure}(Object(Illuminate\\Http\\Request))
#40 D:\\laragon\\www\\rekap\\vendor\\laravel\\framework\\src\\Illuminate\\Foundation\\Http\\Middleware\\ConvertEmptyStringsToNull.php(31): Illuminate\\Foundation\\Http\\Middleware\\TransformsRequest->handle(Object(Illuminate\\Http\\Request), Object(Closure))
#41 D:\\laragon\\www\\rekap\\vendor\\laravel\\framework\\src\\Illuminate\\Pipeline\\Pipeline.php(208): Illuminate\\Foundation\\Http\\Middleware\\ConvertEmptyStringsToNull->handle(Object(Illuminate\\Http\\Request), Object(Closure))
#42 D:\\laragon\\www\\rekap\\vendor\\laravel\\framework\\src\\Illuminate\\Foundation\\Http\\Middleware\\TransformsRequest.php(21): Illuminate\\Pipeline\\Pipeline->Illuminate\\Pipeline\\{closure}(Object(Illuminate\\Http\\Request))
#43 D:\\laragon\\www\\rekap\\vendor\\laravel\\framework\\src\\Illuminate\\Foundation\\Http\\Middleware\\TrimStrings.php(51): Illuminate\\Foundation\\Http\\Middleware\\TransformsRequest->handle(Object(Illuminate\\Http\\Request), Object(Closure))
#44 D:\\laragon\\www\\rekap\\vendor\\laravel\\framework\\src\\Illuminate\\Pipeline\\Pipeline.php(208): Illuminate\\Foundation\\Http\\Middleware\\TrimStrings->handle(Object(Illuminate\\Http\\Request), Object(Closure))
#45 D:\\laragon\\www\\rekap\\vendor\\laravel\\framework\\src\\Illuminate\\Http\\Middleware\\ValidatePostSize.php(27): Illuminate\\Pipeline\\Pipeline->Illuminate\\Pipeline\\{closure}(Object(Illuminate\\Http\\Request))
#46 D:\\laragon\\www\\rekap\\vendor\\laravel\\framework\\src\\Illuminate\\Pipeline\\Pipeline.php(208): Illuminate\\Http\\Middleware\\ValidatePostSize->handle(Object(Illuminate\\Http\\Request), Object(Closure))
#47 D:\\laragon\\www\\rekap\\vendor\\laravel\\framework\\src\\Illuminate\\Foundation\\Http\\Middleware\\PreventRequestsDuringMaintenance.php(109): Illuminate\\Pipeline\\Pipeline->Illuminate\\Pipeline\\{closure}(Object(Illuminate\\Http\\Request))
#48 D:\\laragon\\www\\rekap\\vendor\\laravel\\framework\\src\\Illuminate\\Pipeline\\Pipeline.php(208): Illuminate\\Foundation\\Http\\Middleware\\PreventRequestsDuringMaintenance->handle(Object(Illuminate\\Http\\Request), Object(Closure))
#49 D:\\laragon\\www\\rekap\\vendor\\laravel\\framework\\src\\Illuminate\\Http\\Middleware\\HandleCors.php(48): Illuminate\\Pipeline\\Pipeline->Illuminate\\Pipeline\\{closure}(Object(Illuminate\\Http\\Request))
#50 D:\\laragon\\www\\rekap\\vendor\\laravel\\framework\\src\\Illuminate\\Pipeline\\Pipeline.php(208): Illuminate\\Http\\Middleware\\HandleCors->handle(Object(Illuminate\\Http\\Request), Object(Closure))
#51 D:\\laragon\\www\\rekap\\vendor\\laravel\\framework\\src\\Illuminate\\Http\\Middleware\\TrustProxies.php(58): Illuminate\\Pipeline\\Pipeline->Illuminate\\Pipeline\\{closure}(Object(Illuminate\\Http\\Request))
#52 D:\\laragon\\www\\rekap\\vendor\\laravel\\framework\\src\\Illuminate\\Pipeline\\Pipeline.php(208): Illuminate\\Http\\Middleware\\TrustProxies->handle(Object(Illuminate\\Http\\Request), Object(Closure))
#53 D:\\laragon\\www\\rekap\\vendor\\laravel\\framework\\src\\Illuminate\\Foundation\\Http\\Middleware\\InvokeDeferredCallbacks.php(22): Illuminate\\Pipeline\\Pipeline->Illuminate\\Pipeline\\{closure}(Object(Illuminate\\Http\\Request))
#54 D:\\laragon\\www\\rekap\\vendor\\laravel\\framework\\src\\Illuminate\\Pipeline\\Pipeline.php(208): Illuminate\\Foundation\\Http\\Middleware\\InvokeDeferredCallbacks->handle(Object(Illuminate\\Http\\Request), Object(Closure))
#55 D:\\laragon\\www\\rekap\\vendor\\laravel\\framework\\src\\Illuminate\\Http\\Middleware\\ValidatePathEncoding.php(26): Illuminate\\Pipeline\\Pipeline->Illuminate\\Pipeline\\{closure}(Object(Illuminate\\Http\\Request))
#56 D:\\laragon\\www\\rekap\\vendor\\laravel\\framework\\src\\Illuminate\\Pipeline\\Pipeline.php(208): Illuminate\\Http\\Middleware\\ValidatePathEncoding->handle(Object(Illuminate\\Http\\Request), Object(Closure))
#57 D:\\laragon\\www\\rekap\\vendor\\laravel\\framework\\src\\Illuminate\\Pipeline\\Pipeline.php(126): Illuminate\\Pipeline\\Pipeline->Illuminate\\Pipeline\\{closure}(Object(Illuminate\\Http\\Request))
#58 D:\\laragon\\www\\rekap\\vendor\\laravel\\framework\\src\\Illuminate\\Foundation\\Http\\Kernel.php(175): Illuminate\\Pipeline\\Pipeline->then(Object(Closure))
#59 D:\\laragon\\www\\rekap\\vendor\\laravel\\framework\\src\\Illuminate\\Foundation\\Http\\Kernel.php(144): Illuminate\\Foundation\\Http\\Kernel->sendRequestThroughRouter(Object(Illuminate\\Http\\Request))
#60 D:\\laragon\\www\\rekap\\vendor\\laravel\\framework\\src\\Illuminate\\Foundation\\Application.php(1219): Illuminate\\Foundation\\Http\\Kernel->handle(Object(Illuminate\\Http\\Request))
#61 D:\\laragon\\www\\rekap\\public\\index.php(20): Illuminate\\Foundation\\Application->handleRequest(Object(Illuminate\\Http\\Request))
#62 D:\\laragon\\www\\rekap\\vendor\\laravel\\framework\\src\\Illuminate\\Foundation\\resources\\server.php(23): require_once('D:\\\\laragon\\\\www\\\\...')
#63 {main}

[previous exception] [object] (PDOException(code: 42S02): SQLSTATE[42S02]: Base table or view not found: 1146 Table 'rekap.karyawans' doesn't exist at D:\\laragon\\www\\rekap\\vendor\\laravel\\framework\\src\\Illuminate\\Database\\Connection.php:404)
[stacktrace]
#0 D:\\laragon\\www\\rekap\\vendor\\laravel\\framework\\src\\Illuminate\\Database\\Connection.php(404): PDO->prepare('select * from `...')
#1 D:\\laragon\\www\\rekap\\vendor\\laravel\\framework\\src\\Illuminate\\Database\\Connection.php(809): Illuminate\\Database\\Connection->Illuminate\\Database\\{closure}('select * from `...', Array)
#2 D:\\laragon\\www\\rekap\\vendor\\laravel\\framework\\src\\Illuminate\\Database\\Connection.php(776): Illuminate\\Database\\Connection->runQueryCallback('select * from `...', Array, Object(Closure))
#3 D:\\laragon\\www\\rekap\\vendor\\laravel\\framework\\src\\Illuminate\\Database\\Connection.php(395): Illuminate\\Database\\Connection->run('select * from `...', Array, Object(Closure))
#4 D:\\laragon\\www\\rekap\\vendor\\laravel\\framework\\src\\Illuminate\\Database\\Query\\Builder.php(3107): Illuminate\\Database\\Connection->select('select * from `...', Array, true)
#5 D:\\laragon\\www\\rekap\\vendor\\laravel\\framework\\src\\Illuminate\\Database\\Query\\Builder.php(3092): Illuminate\\Database\\Query\\Builder->runSelect()
#6 D:\\laragon\\www\\rekap\\vendor\\laravel\\framework\\src\\Illuminate\\Database\\Query\\Builder.php(3679): Illuminate\\Database\\Query\\Builder->Illuminate\\Database\\Query\\{closure}()
#7 D:\\laragon\\www\\rekap\\vendor\\laravel\\framework\\src\\Illuminate\\Database\\Query\\Builder.php(3091): Illuminate\\Database\\Query\\Builder->onceWithColumns(Array, Object(Closure))
#8 D:\\laragon\\www\\rekap\\vendor\\laravel\\framework\\src\\Illuminate\\Database\\Eloquent\\Builder.php(871): Illuminate\\Database\\Query\\Builder->get(Array)
#9 D:\\laragon\\www\\rekap\\vendor\\laravel\\framework\\src\\Illuminate\\Database\\Eloquent\\Builder.php(853): Illuminate\\Database\\Eloquent\\Builder->getModels(Array)
#10 D:\\laragon\\www\\rekap\\vendor\\laravel\\framework\\src\\Illuminate\\Database\\Concerns\\BuildsQueries.php(366): Illuminate\\Database\\Eloquent\\Builder->get(Array)
#11 D:\\laragon\\www\\rekap\\vendor\\laravel\\framework\\src\\Illuminate\\Database\\Eloquent\\Builder.php(677): Illuminate\\Database\\Eloquent\\Builder->first()
#12 D:\\laragon\\www\\rekap\\vendor\\laravel\\framework\\src\\Illuminate\\Support\\Traits\\ForwardsCalls.php(23): Illuminate\\Database\\Eloquent\\Builder->firstOrCreate(Array)
#13 D:\\laragon\\www\\rekap\\vendor\\laravel\\framework\\src\\Illuminate\\Database\\Eloquent\\Model.php(2449): Illuminate\\Database\\Eloquent\\Model->forwardCallTo(Object(Illuminate\\Database\\Eloquent\\Builder), 'firstOrCreate', Array)
#14 D:\\laragon\\www\\rekap\\vendor\\laravel\\framework\\src\\Illuminate\\Database\\Eloquent\\Model.php(2465): Illuminate\\Database\\Eloquent\\Model->__call('firstOrCreate', Array)
#15 D:\\laragon\\www\\rekap\\app\\Http\\Controllers\\AbsensiController.php(93): Illuminate\\Database\\Eloquent\\Model::__callStatic('firstOrCreate', Array)
#16 D:\\laragon\\www\\rekap\\vendor\\laravel\\framework\\src\\Illuminate\\Routing\\ControllerDispatcher.php(46): App\\Http\\Controllers\\AbsensiController->store(Object(Illuminate\\Http\\Request))
#17 D:\\laragon\\www\\rekap\\vendor\\laravel\\framework\\src\\Illuminate\\Routing\\Route.php(265): Illuminate\\Routing\\ControllerDispatcher->dispatch(Object(Illuminate\\Routing\\Route), Object(App\\Http\\Controllers\\AbsensiController), 'store')
#18 D:\\laragon\\www\\rekap\\vendor\\laravel\\framework\\src\\Illuminate\\Routing\\Route.php(211): Illuminate\\Routing\\Route->runController()
#19 D:\\laragon\\www\\rekap\\vendor\\laravel\\framework\\src\\Illuminate\\Routing\\Router.php(808): Illuminate\\Routing\\Route->run()
#20 D:\\laragon\\www\\rekap\\vendor\\laravel\\framework\\src\\Illuminate\\Pipeline\\Pipeline.php(169): Illuminate\\Routing\\Router->Illuminate\\Routing\\{closure}(Object(Illuminate\\Http\\Request))
#21 D:\\laragon\\www\\rekap\\vendor\\laravel\\framework\\src\\Illuminate\\Routing\\Middleware\\SubstituteBindings.php(50): Illuminate\\Pipeline\\Pipeline->Illuminate\\Pipeline\\{closure}(Object(Illuminate\\Http\\Request))
#22 D:\\laragon\\www\\rekap\\vendor\\laravel\\framework\\src\\Illuminate\\Pipeline\\Pipeline.php(208): Illuminate\\Routing\\Middleware\\SubstituteBindings->handle(Object(Illuminate\\Http\\Request), Object(Closure))
#23 D:\\laragon\\www\\rekap\\vendor\\laravel\\framework\\src\\Illuminate\\Foundation\\Http\\Middleware\\VerifyCsrfToken.php(87): Illuminate\\Pipeline\\Pipeline->Illuminate\\Pipeline\\{closure}(Object(Illuminate\\Http\\Request))
#24 D:\\laragon\\www\\rekap\\vendor\\laravel\\framework\\src\\Illuminate\\Pipeline\\Pipeline.php(208): Illuminate\\Foundation\\Http\\Middleware\\VerifyCsrfToken->handle(Object(Illuminate\\Http\\Request), Object(Closure))
#25 D:\\laragon\\www\\rekap\\vendor\\laravel\\framework\\src\\Illuminate\\View\\Middleware\\ShareErrorsFromSession.php(48): Illuminate\\Pipeline\\Pipeline->Illuminate\\Pipeline\\{closure}(Object(Illuminate\\Http\\Request))
#26 D:\\laragon\\www\\rekap\\vendor\\laravel\\framework\\src\\Illuminate\\Pipeline\\Pipeline.php(208): Illuminate\\View\\Middleware\\ShareErrorsFromSession->handle(Object(Illuminate\\Http\\Request), Object(Closure))
#27 D:\\laragon\\www\\rekap\\vendor\\laravel\\framework\\src\\Illuminate\\Session\\Middleware\\StartSession.php(120): Illuminate\\Pipeline\\Pipeline->Illuminate\\Pipeline\\{closure}(Object(Illuminate\\Http\\Request))
#28 D:\\laragon\\www\\rekap\\vendor\\laravel\\framework\\src\\Illuminate\\Session\\Middleware\\StartSession.php(63): Illuminate\\Session\\Middleware\\StartSession->handleStatefulRequest(Object(Illuminate\\Http\\Request), Object(Illuminate\\Session\\Store), Object(Closure))
#29 D:\\laragon\\www\\rekap\\vendor\\laravel\\framework\\src\\Illuminate\\Pipeline\\Pipeline.php(208): Illuminate\\Session\\Middleware\\StartSession->handle(Object(Illuminate\\Http\\Request), Object(Closure))
#30 D:\\laragon\\www\\rekap\\vendor\\laravel\\framework\\src\\Illuminate\\Cookie\\Middleware\\AddQueuedCookiesToResponse.php(36): Illuminate\\Pipeline\\Pipeline->Illuminate\\Pipeline\\{closure}(Object(Illuminate\\Http\\Request))
#31 D:\\laragon\\www\\rekap\\vendor\\laravel\\framework\\src\\Illuminate\\Pipeline\\Pipeline.php(208): Illuminate\\Cookie\\Middleware\\AddQueuedCookiesToResponse->handle(Object(Illuminate\\Http\\Request), Object(Closure))
#32 D:\\laragon\\www\\rekap\\vendor\\laravel\\framework\\src\\Illuminate\\Cookie\\Middleware\\EncryptCookies.php(74): Illuminate\\Pipeline\\Pipeline->Illuminate\\Pipeline\\{closure}(Object(Illuminate\\Http\\Request))
#33 D:\\laragon\\www\\rekap\\vendor\\laravel\\framework\\src\\Illuminate\\Pipeline\\Pipeline.php(208): Illuminate\\Cookie\\Middleware\\EncryptCookies->handle(Object(Illuminate\\Http\\Request), Object(Closure))
#34 D:\\laragon\\www\\rekap\\vendor\\laravel\\framework\\src\\Illuminate\\Pipeline\\Pipeline.php(126): Illuminate\\Pipeline\\Pipeline->Illuminate\\Pipeline\\{closure}(Object(Illuminate\\Http\\Request))
#35 D:\\laragon\\www\\rekap\\vendor\\laravel\\framework\\src\\Illuminate\\Routing\\Router.php(807): Illuminate\\Pipeline\\Pipeline->then(Object(Closure))
#36 D:\\laragon\\www\\rekap\\vendor\\laravel\\framework\\src\\Illuminate\\Routing\\Router.php(786): Illuminate\\Routing\\Router->runRouteWithinStack(Object(Illuminate\\Routing\\Route), Object(Illuminate\\Http\\Request))
#37 D:\\laragon\\www\\rekap\\vendor\\laravel\\framework\\src\\Illuminate\\Routing\\Router.php(750): Illuminate\\Routing\\Router->runRoute(Object(Illuminate\\Http\\Request), Object(Illuminate\\Routing\\Route))
#38 D:\\laragon\\www\\rekap\\vendor\\laravel\\framework\\src\\Illuminate\\Routing\\Router.php(739): Illuminate\\Routing\\Router->dispatchToRoute(Object(Illuminate\\Http\\Request))
#39 D:\\laragon\\www\\rekap\\vendor\\laravel\\framework\\src\\Illuminate\\Foundation\\Http\\Kernel.php(200): Illuminate\\Routing\\Router->dispatch(Object(Illuminate\\Http\\Request))
#40 D:\\laragon\\www\\rekap\\vendor\\laravel\\framework\\src\\Illuminate\\Pipeline\\Pipeline.php(169): Illuminate\\Foundation\\Http\\Kernel->Illuminate\\Foundation\\Http\\{closure}(Object(Illuminate\\Http\\Request))
#41 D:\\laragon\\www\\rekap\\vendor\\laravel\\framework\\src\\Illuminate\\Foundation\\Http\\Middleware\\TransformsRequest.php(21): Illuminate\\Pipeline\\Pipeline->Illuminate\\Pipeline\\{closure}(Object(Illuminate\\Http\\Request))
#42 D:\\laragon\\www\\rekap\\vendor\\laravel\\framework\\src\\Illuminate\\Foundation\\Http\\Middleware\\ConvertEmptyStringsToNull.php(31): Illuminate\\Foundation\\Http\\Middleware\\TransformsRequest->handle(Object(Illuminate\\Http\\Request), Object(Closure))
#43 D:\\laragon\\www\\rekap\\vendor\\laravel\\framework\\src\\Illuminate\\Pipeline\\Pipeline.php(208): Illuminate\\Foundation\\Http\\Middleware\\ConvertEmptyStringsToNull->handle(Object(Illuminate\\Http\\Request), Object(Closure))
#44 D:\\laragon\\www\\rekap\\vendor\\laravel\\framework\\src\\Illuminate\\Foundation\\Http\\Middleware\\TransformsRequest.php(21): Illuminate\\Pipeline\\Pipeline->Illuminate\\Pipeline\\{closure}(Object(Illuminate\\Http\\Request))
#45 D:\\laragon\\www\\rekap\\vendor\\laravel\\framework\\src\\Illuminate\\Foundation\\Http\\Middleware\\TrimStrings.php(51): Illuminate\\Foundation\\Http\\Middleware\\TransformsRequest->handle(Object(Illuminate\\Http\\Request), Object(Closure))
#46 D:\\laragon\\www\\rekap\\vendor\\laravel\\framework\\src\\Illuminate\\Pipeline\\Pipeline.php(208): Illuminate\\Foundation\\Http\\Middleware\\TrimStrings->handle(Object(Illuminate\\Http\\Request), Object(Closure))
#47 D:\\laragon\\www\\rekap\\vendor\\laravel\\framework\\src\\Illuminate\\Http\\Middleware\\ValidatePostSize.php(27): Illuminate\\Pipeline\\Pipeline->Illuminate\\Pipeline\\{closure}(Object(Illuminate\\Http\\Request))
#48 D:\\laragon\\www\\rekap\\vendor\\laravel\\framework\\src\\Illuminate\\Pipeline\\Pipeline.php(208): Illuminate\\Http\\Middleware\\ValidatePostSize->handle(Object(Illuminate\\Http\\Request), Object(Closure))
#49 D:\\laragon\\www\\rekap\\vendor\\laravel\\framework\\src\\Illuminate\\Foundation\\Http\\Middleware\\PreventRequestsDuringMaintenance.php(109): Illuminate\\Pipeline\\Pipeline->Illuminate\\Pipeline\\{closure}(Object(Illuminate\\Http\\Request))
#50 D:\\laragon\\www\\rekap\\vendor\\laravel\\framework\\src\\Illuminate\\Pipeline\\Pipeline.php(208): Illuminate\\Foundation\\Http\\Middleware\\PreventRequestsDuringMaintenance->handle(Object(Illuminate\\Http\\Request), Object(Closure))
#51 D:\\laragon\\www\\rekap\\vendor\\laravel\\framework\\src\\Illuminate\\Http\\Middleware\\HandleCors.php(48): Illuminate\\Pipeline\\Pipeline->Illuminate\\Pipeline\\{closure}(Object(Illuminate\\Http\\Request))
#52 D:\\laragon\\www\\rekap\\vendor\\laravel\\framework\\src\\Illuminate\\Pipeline\\Pipeline.php(208): Illuminate\\Http\\Middleware\\HandleCors->handle(Object(Illuminate\\Http\\Request), Object(Closure))
#53 D:\\laragon\\www\\rekap\\vendor\\laravel\\framework\\src\\Illuminate\\Http\\Middleware\\TrustProxies.php(58): Illuminate\\Pipeline\\Pipeline->Illuminate\\Pipeline\\{closure}(Object(Illuminate\\Http\\Request))
#54 D:\\laragon\\www\\rekap\\vendor\\laravel\\framework\\src\\Illuminate\\Pipeline\\Pipeline.php(208): Illuminate\\Http\\Middleware\\TrustProxies->handle(Object(Illuminate\\Http\\Request), Object(Closure))
#55 D:\\laragon\\www\\rekap\\vendor\\laravel\\framework\\src\\Illuminate\\Foundation\\Http\\Middleware\\InvokeDeferredCallbacks.php(22): Illuminate\\Pipeline\\Pipeline->Illuminate\\Pipeline\\{closure}(Object(Illuminate\\Http\\Request))
#56 D:\\laragon\\www\\rekap\\vendor\\laravel\\framework\\src\\Illuminate\\Pipeline\\Pipeline.php(208): Illuminate\\Foundation\\Http\\Middleware\\InvokeDeferredCallbacks->handle(Object(Illuminate\\Http\\Request), Object(Closure))
#57 D:\\laragon\\www\\rekap\\vendor\\laravel\\framework\\src\\Illuminate\\Http\\Middleware\\ValidatePathEncoding.php(26): Illuminate\\Pipeline\\Pipeline->Illuminate\\Pipeline\\{closure}(Object(Illuminate\\Http\\Request))
#58 D:\\laragon\\www\\rekap\\vendor\\laravel\\framework\\src\\Illuminate\\Pipeline\\Pipeline.php(208): Illuminate\\Http\\Middleware\\ValidatePathEncoding->handle(Object(Illuminate\\Http\\Request), Object(Closure))
#59 D:\\laragon\\www\\rekap\\vendor\\laravel\\framework\\src\\Illuminate\\Pipeline\\Pipeline.php(126): Illuminate\\Pipeline\\Pipeline->Illuminate\\Pipeline\\{closure}(Object(Illuminate\\Http\\Request))
#60 D:\\laragon\\www\\rekap\\vendor\\laravel\\framework\\src\\Illuminate\\Foundation\\Http\\Kernel.php(175): Illuminate\\Pipeline\\Pipeline->then(Object(Closure))
#61 D:\\laragon\\www\\rekap\\vendor\\laravel\\framework\\src\\Illuminate\\Foundation\\Http\\Kernel.php(144): Illuminate\\Foundation\\Http\\Kernel->sendRequestThroughRouter(Object(Illuminate\\Http\\Request))
#62 D:\\laragon\\www\\rekap\\vendor\\laravel\\framework\\src\\Illuminate\\Foundation\\Application.php(1219): Illuminate\\Foundation\\Http\\Kernel->handle(Object(Illuminate\\Http\\Request))
#63 D:\\laragon\\www\\rekap\\public\\index.php(20): Illuminate\\Foundation\\Application->handleRequest(Object(Illuminate\\Http\\Request))
#64 D:\\laragon\\www\\rekap\\vendor\\laravel\\framework\\src\\Illuminate\\Foundation\\resources\\server.php(23): require_once('D:\\\\laragon\\\\www\\\\...')
#65 {main}
"} 
[2025-07-04 01:39:55] local.ERROR: SQLSTATE[42S02]: Base table or view not found: 1146 Table 'rekap.absensis' doesn't exist (Connection: mysql, SQL: select * from `absensis` where `id_karyawan` = 1 and `tanggal` = 2025-04-08 limit 1) {"exception":"[object] (Illuminate\\Database\\QueryException(code: 42S02): SQLSTATE[42S02]: Base table or view not found: 1146 Table 'rekap.absensis' doesn't exist (Connection: mysql, SQL: select * from `absensis` where `id_karyawan` = 1 and `tanggal` = 2025-04-08 limit 1) at D:\\laragon\\www\\rekap\\vendor\\laravel\\framework\\src\\Illuminate\\Database\\Connection.php:822)
[stacktrace]
#0 D:\\laragon\\www\\rekap\\vendor\\laravel\\framework\\src\\Illuminate\\Database\\Connection.php(776): Illuminate\\Database\\Connection->runQueryCallback('select * from `...', Array, Object(Closure))
#1 D:\\laragon\\www\\rekap\\vendor\\laravel\\framework\\src\\Illuminate\\Database\\Connection.php(395): Illuminate\\Database\\Connection->run('select * from `...', Array, Object(Closure))
#2 D:\\laragon\\www\\rekap\\vendor\\laravel\\framework\\src\\Illuminate\\Database\\Query\\Builder.php(3107): Illuminate\\Database\\Connection->select('select * from `...', Array, true)
#3 D:\\laragon\\www\\rekap\\vendor\\laravel\\framework\\src\\Illuminate\\Database\\Query\\Builder.php(3092): Illuminate\\Database\\Query\\Builder->runSelect()
#4 D:\\laragon\\www\\rekap\\vendor\\laravel\\framework\\src\\Illuminate\\Database\\Query\\Builder.php(3679): Illuminate\\Database\\Query\\Builder->Illuminate\\Database\\Query\\{closure}()
#5 D:\\laragon\\www\\rekap\\vendor\\laravel\\framework\\src\\Illuminate\\Database\\Query\\Builder.php(3091): Illuminate\\Database\\Query\\Builder->onceWithColumns(Array, Object(Closure))
#6 D:\\laragon\\www\\rekap\\vendor\\laravel\\framework\\src\\Illuminate\\Database\\Eloquent\\Builder.php(871): Illuminate\\Database\\Query\\Builder->get(Array)
#7 D:\\laragon\\www\\rekap\\vendor\\laravel\\framework\\src\\Illuminate\\Database\\Eloquent\\Builder.php(853): Illuminate\\Database\\Eloquent\\Builder->getModels(Array)
#8 D:\\laragon\\www\\rekap\\vendor\\laravel\\framework\\src\\Illuminate\\Database\\Concerns\\BuildsQueries.php(366): Illuminate\\Database\\Eloquent\\Builder->get(Array)
#9 D:\\laragon\\www\\rekap\\app\\Http\\Controllers\\AbsensiController.php(101): Illuminate\\Database\\Eloquent\\Builder->first()
#10 D:\\laragon\\www\\rekap\\vendor\\laravel\\framework\\src\\Illuminate\\Routing\\ControllerDispatcher.php(46): App\\Http\\Controllers\\AbsensiController->store(Object(Illuminate\\Http\\Request))
#11 D:\\laragon\\www\\rekap\\vendor\\laravel\\framework\\src\\Illuminate\\Routing\\Route.php(265): Illuminate\\Routing\\ControllerDispatcher->dispatch(Object(Illuminate\\Routing\\Route), Object(App\\Http\\Controllers\\AbsensiController), 'store')
#12 D:\\laragon\\www\\rekap\\vendor\\laravel\\framework\\src\\Illuminate\\Routing\\Route.php(211): Illuminate\\Routing\\Route->runController()
#13 D:\\laragon\\www\\rekap\\vendor\\laravel\\framework\\src\\Illuminate\\Routing\\Router.php(808): Illuminate\\Routing\\Route->run()
#14 D:\\laragon\\www\\rekap\\vendor\\laravel\\framework\\src\\Illuminate\\Pipeline\\Pipeline.php(169): Illuminate\\Routing\\Router->Illuminate\\Routing\\{closure}(Object(Illuminate\\Http\\Request))
#15 D:\\laragon\\www\\rekap\\vendor\\laravel\\framework\\src\\Illuminate\\Routing\\Middleware\\SubstituteBindings.php(50): Illuminate\\Pipeline\\Pipeline->Illuminate\\Pipeline\\{closure}(Object(Illuminate\\Http\\Request))
#16 D:\\laragon\\www\\rekap\\vendor\\laravel\\framework\\src\\Illuminate\\Pipeline\\Pipeline.php(208): Illuminate\\Routing\\Middleware\\SubstituteBindings->handle(Object(Illuminate\\Http\\Request), Object(Closure))
#17 D:\\laragon\\www\\rekap\\vendor\\laravel\\framework\\src\\Illuminate\\Foundation\\Http\\Middleware\\VerifyCsrfToken.php(87): Illuminate\\Pipeline\\Pipeline->Illuminate\\Pipeline\\{closure}(Object(Illuminate\\Http\\Request))
#18 D:\\laragon\\www\\rekap\\vendor\\laravel\\framework\\src\\Illuminate\\Pipeline\\Pipeline.php(208): Illuminate\\Foundation\\Http\\Middleware\\VerifyCsrfToken->handle(Object(Illuminate\\Http\\Request), Object(Closure))
#19 D:\\laragon\\www\\rekap\\vendor\\laravel\\framework\\src\\Illuminate\\View\\Middleware\\ShareErrorsFromSession.php(48): Illuminate\\Pipeline\\Pipeline->Illuminate\\Pipeline\\{closure}(Object(Illuminate\\Http\\Request))
#20 D:\\laragon\\www\\rekap\\vendor\\laravel\\framework\\src\\Illuminate\\Pipeline\\Pipeline.php(208): Illuminate\\View\\Middleware\\ShareErrorsFromSession->handle(Object(Illuminate\\Http\\Request), Object(Closure))
#21 D:\\laragon\\www\\rekap\\vendor\\laravel\\framework\\src\\Illuminate\\Session\\Middleware\\StartSession.php(120): Illuminate\\Pipeline\\Pipeline->Illuminate\\Pipeline\\{closure}(Object(Illuminate\\Http\\Request))
#22 D:\\laragon\\www\\rekap\\vendor\\laravel\\framework\\src\\Illuminate\\Session\\Middleware\\StartSession.php(63): Illuminate\\Session\\Middleware\\StartSession->handleStatefulRequest(Object(Illuminate\\Http\\Request), Object(Illuminate\\Session\\Store), Object(Closure))
#23 D:\\laragon\\www\\rekap\\vendor\\laravel\\framework\\src\\Illuminate\\Pipeline\\Pipeline.php(208): Illuminate\\Session\\Middleware\\StartSession->handle(Object(Illuminate\\Http\\Request), Object(Closure))
#24 D:\\laragon\\www\\rekap\\vendor\\laravel\\framework\\src\\Illuminate\\Cookie\\Middleware\\AddQueuedCookiesToResponse.php(36): Illuminate\\Pipeline\\Pipeline->Illuminate\\Pipeline\\{closure}(Object(Illuminate\\Http\\Request))
#25 D:\\laragon\\www\\rekap\\vendor\\laravel\\framework\\src\\Illuminate\\Pipeline\\Pipeline.php(208): Illuminate\\Cookie\\Middleware\\AddQueuedCookiesToResponse->handle(Object(Illuminate\\Http\\Request), Object(Closure))
#26 D:\\laragon\\www\\rekap\\vendor\\laravel\\framework\\src\\Illuminate\\Cookie\\Middleware\\EncryptCookies.php(74): Illuminate\\Pipeline\\Pipeline->Illuminate\\Pipeline\\{closure}(Object(Illuminate\\Http\\Request))
#27 D:\\laragon\\www\\rekap\\vendor\\laravel\\framework\\src\\Illuminate\\Pipeline\\Pipeline.php(208): Illuminate\\Cookie\\Middleware\\EncryptCookies->handle(Object(Illuminate\\Http\\Request), Object(Closure))
#28 D:\\laragon\\www\\rekap\\vendor\\laravel\\framework\\src\\Illuminate\\Pipeline\\Pipeline.php(126): Illuminate\\Pipeline\\Pipeline->Illuminate\\Pipeline\\{closure}(Object(Illuminate\\Http\\Request))
#29 D:\\laragon\\www\\rekap\\vendor\\laravel\\framework\\src\\Illuminate\\Routing\\Router.php(807): Illuminate\\Pipeline\\Pipeline->then(Object(Closure))
#30 D:\\laragon\\www\\rekap\\vendor\\laravel\\framework\\src\\Illuminate\\Routing\\Router.php(786): Illuminate\\Routing\\Router->runRouteWithinStack(Object(Illuminate\\Routing\\Route), Object(Illuminate\\Http\\Request))
#31 D:\\laragon\\www\\rekap\\vendor\\laravel\\framework\\src\\Illuminate\\Routing\\Router.php(750): Illuminate\\Routing\\Router->runRoute(Object(Illuminate\\Http\\Request), Object(Illuminate\\Routing\\Route))
#32 D:\\laragon\\www\\rekap\\vendor\\laravel\\framework\\src\\Illuminate\\Routing\\Router.php(739): Illuminate\\Routing\\Router->dispatchToRoute(Object(Illuminate\\Http\\Request))
#33 D:\\laragon\\www\\rekap\\vendor\\laravel\\framework\\src\\Illuminate\\Foundation\\Http\\Kernel.php(200): Illuminate\\Routing\\Router->dispatch(Object(Illuminate\\Http\\Request))
#34 D:\\laragon\\www\\rekap\\vendor\\laravel\\framework\\src\\Illuminate\\Pipeline\\Pipeline.php(169): Illuminate\\Foundation\\Http\\Kernel->Illuminate\\Foundation\\Http\\{closure}(Object(Illuminate\\Http\\Request))
#35 D:\\laragon\\www\\rekap\\vendor\\laravel\\framework\\src\\Illuminate\\Foundation\\Http\\Middleware\\TransformsRequest.php(21): Illuminate\\Pipeline\\Pipeline->Illuminate\\Pipeline\\{closure}(Object(Illuminate\\Http\\Request))
#36 D:\\laragon\\www\\rekap\\vendor\\laravel\\framework\\src\\Illuminate\\Foundation\\Http\\Middleware\\ConvertEmptyStringsToNull.php(31): Illuminate\\Foundation\\Http\\Middleware\\TransformsRequest->handle(Object(Illuminate\\Http\\Request), Object(Closure))
#37 D:\\laragon\\www\\rekap\\vendor\\laravel\\framework\\src\\Illuminate\\Pipeline\\Pipeline.php(208): Illuminate\\Foundation\\Http\\Middleware\\ConvertEmptyStringsToNull->handle(Object(Illuminate\\Http\\Request), Object(Closure))
#38 D:\\laragon\\www\\rekap\\vendor\\laravel\\framework\\src\\Illuminate\\Foundation\\Http\\Middleware\\TransformsRequest.php(21): Illuminate\\Pipeline\\Pipeline->Illuminate\\Pipeline\\{closure}(Object(Illuminate\\Http\\Request))
#39 D:\\laragon\\www\\rekap\\vendor\\laravel\\framework\\src\\Illuminate\\Foundation\\Http\\Middleware\\TrimStrings.php(51): Illuminate\\Foundation\\Http\\Middleware\\TransformsRequest->handle(Object(Illuminate\\Http\\Request), Object(Closure))
#40 D:\\laragon\\www\\rekap\\vendor\\laravel\\framework\\src\\Illuminate\\Pipeline\\Pipeline.php(208): Illuminate\\Foundation\\Http\\Middleware\\TrimStrings->handle(Object(Illuminate\\Http\\Request), Object(Closure))
#41 D:\\laragon\\www\\rekap\\vendor\\laravel\\framework\\src\\Illuminate\\Http\\Middleware\\ValidatePostSize.php(27): Illuminate\\Pipeline\\Pipeline->Illuminate\\Pipeline\\{closure}(Object(Illuminate\\Http\\Request))
#42 D:\\laragon\\www\\rekap\\vendor\\laravel\\framework\\src\\Illuminate\\Pipeline\\Pipeline.php(208): Illuminate\\Http\\Middleware\\ValidatePostSize->handle(Object(Illuminate\\Http\\Request), Object(Closure))
#43 D:\\laragon\\www\\rekap\\vendor\\laravel\\framework\\src\\Illuminate\\Foundation\\Http\\Middleware\\PreventRequestsDuringMaintenance.php(109): Illuminate\\Pipeline\\Pipeline->Illuminate\\Pipeline\\{closure}(Object(Illuminate\\Http\\Request))
#44 D:\\laragon\\www\\rekap\\vendor\\laravel\\framework\\src\\Illuminate\\Pipeline\\Pipeline.php(208): Illuminate\\Foundation\\Http\\Middleware\\PreventRequestsDuringMaintenance->handle(Object(Illuminate\\Http\\Request), Object(Closure))
#45 D:\\laragon\\www\\rekap\\vendor\\laravel\\framework\\src\\Illuminate\\Http\\Middleware\\HandleCors.php(48): Illuminate\\Pipeline\\Pipeline->Illuminate\\Pipeline\\{closure}(Object(Illuminate\\Http\\Request))
#46 D:\\laragon\\www\\rekap\\vendor\\laravel\\framework\\src\\Illuminate\\Pipeline\\Pipeline.php(208): Illuminate\\Http\\Middleware\\HandleCors->handle(Object(Illuminate\\Http\\Request), Object(Closure))
#47 D:\\laragon\\www\\rekap\\vendor\\laravel\\framework\\src\\Illuminate\\Http\\Middleware\\TrustProxies.php(58): Illuminate\\Pipeline\\Pipeline->Illuminate\\Pipeline\\{closure}(Object(Illuminate\\Http\\Request))
#48 D:\\laragon\\www\\rekap\\vendor\\laravel\\framework\\src\\Illuminate\\Pipeline\\Pipeline.php(208): Illuminate\\Http\\Middleware\\TrustProxies->handle(Object(Illuminate\\Http\\Request), Object(Closure))
#49 D:\\laragon\\www\\rekap\\vendor\\laravel\\framework\\src\\Illuminate\\Foundation\\Http\\Middleware\\InvokeDeferredCallbacks.php(22): Illuminate\\Pipeline\\Pipeline->Illuminate\\Pipeline\\{closure}(Object(Illuminate\\Http\\Request))
#50 D:\\laragon\\www\\rekap\\vendor\\laravel\\framework\\src\\Illuminate\\Pipeline\\Pipeline.php(208): Illuminate\\Foundation\\Http\\Middleware\\InvokeDeferredCallbacks->handle(Object(Illuminate\\Http\\Request), Object(Closure))
#51 D:\\laragon\\www\\rekap\\vendor\\laravel\\framework\\src\\Illuminate\\Http\\Middleware\\ValidatePathEncoding.php(26): Illuminate\\Pipeline\\Pipeline->Illuminate\\Pipeline\\{closure}(Object(Illuminate\\Http\\Request))
#52 D:\\laragon\\www\\rekap\\vendor\\laravel\\framework\\src\\Illuminate\\Pipeline\\Pipeline.php(208): Illuminate\\Http\\Middleware\\ValidatePathEncoding->handle(Object(Illuminate\\Http\\Request), Object(Closure))
#53 D:\\laragon\\www\\rekap\\vendor\\laravel\\framework\\src\\Illuminate\\Pipeline\\Pipeline.php(126): Illuminate\\Pipeline\\Pipeline->Illuminate\\Pipeline\\{closure}(Object(Illuminate\\Http\\Request))
#54 D:\\laragon\\www\\rekap\\vendor\\laravel\\framework\\src\\Illuminate\\Foundation\\Http\\Kernel.php(175): Illuminate\\Pipeline\\Pipeline->then(Object(Closure))
#55 D:\\laragon\\www\\rekap\\vendor\\laravel\\framework\\src\\Illuminate\\Foundation\\Http\\Kernel.php(144): Illuminate\\Foundation\\Http\\Kernel->sendRequestThroughRouter(Object(Illuminate\\Http\\Request))
#56 D:\\laragon\\www\\rekap\\vendor\\laravel\\framework\\src\\Illuminate\\Foundation\\Application.php(1219): Illuminate\\Foundation\\Http\\Kernel->handle(Object(Illuminate\\Http\\Request))
#57 D:\\laragon\\www\\rekap\\public\\index.php(20): Illuminate\\Foundation\\Application->handleRequest(Object(Illuminate\\Http\\Request))
#58 D:\\laragon\\www\\rekap\\vendor\\laravel\\framework\\src\\Illuminate\\Foundation\\resources\\server.php(23): require_once('D:\\\\laragon\\\\www\\\\...')
#59 {main}

[previous exception] [object] (PDOException(code: 42S02): SQLSTATE[42S02]: Base table or view not found: 1146 Table 'rekap.absensis' doesn't exist at D:\\laragon\\www\\rekap\\vendor\\laravel\\framework\\src\\Illuminate\\Database\\Connection.php:404)
[stacktrace]
#0 D:\\laragon\\www\\rekap\\vendor\\laravel\\framework\\src\\Illuminate\\Database\\Connection.php(404): PDO->prepare('select * from `...')
#1 D:\\laragon\\www\\rekap\\vendor\\laravel\\framework\\src\\Illuminate\\Database\\Connection.php(809): Illuminate\\Database\\Connection->Illuminate\\Database\\{closure}('select * from `...', Array)
#2 D:\\laragon\\www\\rekap\\vendor\\laravel\\framework\\src\\Illuminate\\Database\\Connection.php(776): Illuminate\\Database\\Connection->runQueryCallback('select * from `...', Array, Object(Closure))
#3 D:\\laragon\\www\\rekap\\vendor\\laravel\\framework\\src\\Illuminate\\Database\\Connection.php(395): Illuminate\\Database\\Connection->run('select * from `...', Array, Object(Closure))
#4 D:\\laragon\\www\\rekap\\vendor\\laravel\\framework\\src\\Illuminate\\Database\\Query\\Builder.php(3107): Illuminate\\Database\\Connection->select('select * from `...', Array, true)
#5 D:\\laragon\\www\\rekap\\vendor\\laravel\\framework\\src\\Illuminate\\Database\\Query\\Builder.php(3092): Illuminate\\Database\\Query\\Builder->runSelect()
#6 D:\\laragon\\www\\rekap\\vendor\\laravel\\framework\\src\\Illuminate\\Database\\Query\\Builder.php(3679): Illuminate\\Database\\Query\\Builder->Illuminate\\Database\\Query\\{closure}()
#7 D:\\laragon\\www\\rekap\\vendor\\laravel\\framework\\src\\Illuminate\\Database\\Query\\Builder.php(3091): Illuminate\\Database\\Query\\Builder->onceWithColumns(Array, Object(Closure))
#8 D:\\laragon\\www\\rekap\\vendor\\laravel\\framework\\src\\Illuminate\\Database\\Eloquent\\Builder.php(871): Illuminate\\Database\\Query\\Builder->get(Array)
#9 D:\\laragon\\www\\rekap\\vendor\\laravel\\framework\\src\\Illuminate\\Database\\Eloquent\\Builder.php(853): Illuminate\\Database\\Eloquent\\Builder->getModels(Array)
#10 D:\\laragon\\www\\rekap\\vendor\\laravel\\framework\\src\\Illuminate\\Database\\Concerns\\BuildsQueries.php(366): Illuminate\\Database\\Eloquent\\Builder->get(Array)
#11 D:\\laragon\\www\\rekap\\app\\Http\\Controllers\\AbsensiController.php(101): Illuminate\\Database\\Eloquent\\Builder->first()
#12 D:\\laragon\\www\\rekap\\vendor\\laravel\\framework\\src\\Illuminate\\Routing\\ControllerDispatcher.php(46): App\\Http\\Controllers\\AbsensiController->store(Object(Illuminate\\Http\\Request))
#13 D:\\laragon\\www\\rekap\\vendor\\laravel\\framework\\src\\Illuminate\\Routing\\Route.php(265): Illuminate\\Routing\\ControllerDispatcher->dispatch(Object(Illuminate\\Routing\\Route), Object(App\\Http\\Controllers\\AbsensiController), 'store')
#14 D:\\laragon\\www\\rekap\\vendor\\laravel\\framework\\src\\Illuminate\\Routing\\Route.php(211): Illuminate\\Routing\\Route->runController()
#15 D:\\laragon\\www\\rekap\\vendor\\laravel\\framework\\src\\Illuminate\\Routing\\Router.php(808): Illuminate\\Routing\\Route->run()
#16 D:\\laragon\\www\\rekap\\vendor\\laravel\\framework\\src\\Illuminate\\Pipeline\\Pipeline.php(169): Illuminate\\Routing\\Router->Illuminate\\Routing\\{closure}(Object(Illuminate\\Http\\Request))
#17 D:\\laragon\\www\\rekap\\vendor\\laravel\\framework\\src\\Illuminate\\Routing\\Middleware\\SubstituteBindings.php(50): Illuminate\\Pipeline\\Pipeline->Illuminate\\Pipeline\\{closure}(Object(Illuminate\\Http\\Request))
#18 D:\\laragon\\www\\rekap\\vendor\\laravel\\framework\\src\\Illuminate\\Pipeline\\Pipeline.php(208): Illuminate\\Routing\\Middleware\\SubstituteBindings->handle(Object(Illuminate\\Http\\Request), Object(Closure))
#19 D:\\laragon\\www\\rekap\\vendor\\laravel\\framework\\src\\Illuminate\\Foundation\\Http\\Middleware\\VerifyCsrfToken.php(87): Illuminate\\Pipeline\\Pipeline->Illuminate\\Pipeline\\{closure}(Object(Illuminate\\Http\\Request))
#20 D:\\laragon\\www\\rekap\\vendor\\laravel\\framework\\src\\Illuminate\\Pipeline\\Pipeline.php(208): Illuminate\\Foundation\\Http\\Middleware\\VerifyCsrfToken->handle(Object(Illuminate\\Http\\Request), Object(Closure))
#21 D:\\laragon\\www\\rekap\\vendor\\laravel\\framework\\src\\Illuminate\\View\\Middleware\\ShareErrorsFromSession.php(48): Illuminate\\Pipeline\\Pipeline->Illuminate\\Pipeline\\{closure}(Object(Illuminate\\Http\\Request))
#22 D:\\laragon\\www\\rekap\\vendor\\laravel\\framework\\src\\Illuminate\\Pipeline\\Pipeline.php(208): Illuminate\\View\\Middleware\\ShareErrorsFromSession->handle(Object(Illuminate\\Http\\Request), Object(Closure))
#23 D:\\laragon\\www\\rekap\\vendor\\laravel\\framework\\src\\Illuminate\\Session\\Middleware\\StartSession.php(120): Illuminate\\Pipeline\\Pipeline->Illuminate\\Pipeline\\{closure}(Object(Illuminate\\Http\\Request))
#24 D:\\laragon\\www\\rekap\\vendor\\laravel\\framework\\src\\Illuminate\\Session\\Middleware\\StartSession.php(63): Illuminate\\Session\\Middleware\\StartSession->handleStatefulRequest(Object(Illuminate\\Http\\Request), Object(Illuminate\\Session\\Store), Object(Closure))
#25 D:\\laragon\\www\\rekap\\vendor\\laravel\\framework\\src\\Illuminate\\Pipeline\\Pipeline.php(208): Illuminate\\Session\\Middleware\\StartSession->handle(Object(Illuminate\\Http\\Request), Object(Closure))
#26 D:\\laragon\\www\\rekap\\vendor\\laravel\\framework\\src\\Illuminate\\Cookie\\Middleware\\AddQueuedCookiesToResponse.php(36): Illuminate\\Pipeline\\Pipeline->Illuminate\\Pipeline\\{closure}(Object(Illuminate\\Http\\Request))
#27 D:\\laragon\\www\\rekap\\vendor\\laravel\\framework\\src\\Illuminate\\Pipeline\\Pipeline.php(208): Illuminate\\Cookie\\Middleware\\AddQueuedCookiesToResponse->handle(Object(Illuminate\\Http\\Request), Object(Closure))
#28 D:\\laragon\\www\\rekap\\vendor\\laravel\\framework\\src\\Illuminate\\Cookie\\Middleware\\EncryptCookies.php(74): Illuminate\\Pipeline\\Pipeline->Illuminate\\Pipeline\\{closure}(Object(Illuminate\\Http\\Request))
#29 D:\\laragon\\www\\rekap\\vendor\\laravel\\framework\\src\\Illuminate\\Pipeline\\Pipeline.php(208): Illuminate\\Cookie\\Middleware\\EncryptCookies->handle(Object(Illuminate\\Http\\Request), Object(Closure))
#30 D:\\laragon\\www\\rekap\\vendor\\laravel\\framework\\src\\Illuminate\\Pipeline\\Pipeline.php(126): Illuminate\\Pipeline\\Pipeline->Illuminate\\Pipeline\\{closure}(Object(Illuminate\\Http\\Request))
#31 D:\\laragon\\www\\rekap\\vendor\\laravel\\framework\\src\\Illuminate\\Routing\\Router.php(807): Illuminate\\Pipeline\\Pipeline->then(Object(Closure))
#32 D:\\laragon\\www\\rekap\\vendor\\laravel\\framework\\src\\Illuminate\\Routing\\Router.php(786): Illuminate\\Routing\\Router->runRouteWithinStack(Object(Illuminate\\Routing\\Route), Object(Illuminate\\Http\\Request))
#33 D:\\laragon\\www\\rekap\\vendor\\laravel\\framework\\src\\Illuminate\\Routing\\Router.php(750): Illuminate\\Routing\\Router->runRoute(Object(Illuminate\\Http\\Request), Object(Illuminate\\Routing\\Route))
#34 D:\\laragon\\www\\rekap\\vendor\\laravel\\framework\\src\\Illuminate\\Routing\\Router.php(739): Illuminate\\Routing\\Router->dispatchToRoute(Object(Illuminate\\Http\\Request))
#35 D:\\laragon\\www\\rekap\\vendor\\laravel\\framework\\src\\Illuminate\\Foundation\\Http\\Kernel.php(200): Illuminate\\Routing\\Router->dispatch(Object(Illuminate\\Http\\Request))
#36 D:\\laragon\\www\\rekap\\vendor\\laravel\\framework\\src\\Illuminate\\Pipeline\\Pipeline.php(169): Illuminate\\Foundation\\Http\\Kernel->Illuminate\\Foundation\\Http\\{closure}(Object(Illuminate\\Http\\Request))
#37 D:\\laragon\\www\\rekap\\vendor\\laravel\\framework\\src\\Illuminate\\Foundation\\Http\\Middleware\\TransformsRequest.php(21): Illuminate\\Pipeline\\Pipeline->Illuminate\\Pipeline\\{closure}(Object(Illuminate\\Http\\Request))
#38 D:\\laragon\\www\\rekap\\vendor\\laravel\\framework\\src\\Illuminate\\Foundation\\Http\\Middleware\\ConvertEmptyStringsToNull.php(31): Illuminate\\Foundation\\Http\\Middleware\\TransformsRequest->handle(Object(Illuminate\\Http\\Request), Object(Closure))
#39 D:\\laragon\\www\\rekap\\vendor\\laravel\\framework\\src\\Illuminate\\Pipeline\\Pipeline.php(208): Illuminate\\Foundation\\Http\\Middleware\\ConvertEmptyStringsToNull->handle(Object(Illuminate\\Http\\Request), Object(Closure))
#40 D:\\laragon\\www\\rekap\\vendor\\laravel\\framework\\src\\Illuminate\\Foundation\\Http\\Middleware\\TransformsRequest.php(21): Illuminate\\Pipeline\\Pipeline->Illuminate\\Pipeline\\{closure}(Object(Illuminate\\Http\\Request))
#41 D:\\laragon\\www\\rekap\\vendor\\laravel\\framework\\src\\Illuminate\\Foundation\\Http\\Middleware\\TrimStrings.php(51): Illuminate\\Foundation\\Http\\Middleware\\TransformsRequest->handle(Object(Illuminate\\Http\\Request), Object(Closure))
#42 D:\\laragon\\www\\rekap\\vendor\\laravel\\framework\\src\\Illuminate\\Pipeline\\Pipeline.php(208): Illuminate\\Foundation\\Http\\Middleware\\TrimStrings->handle(Object(Illuminate\\Http\\Request), Object(Closure))
#43 D:\\laragon\\www\\rekap\\vendor\\laravel\\framework\\src\\Illuminate\\Http\\Middleware\\ValidatePostSize.php(27): Illuminate\\Pipeline\\Pipeline->Illuminate\\Pipeline\\{closure}(Object(Illuminate\\Http\\Request))
#44 D:\\laragon\\www\\rekap\\vendor\\laravel\\framework\\src\\Illuminate\\Pipeline\\Pipeline.php(208): Illuminate\\Http\\Middleware\\ValidatePostSize->handle(Object(Illuminate\\Http\\Request), Object(Closure))
#45 D:\\laragon\\www\\rekap\\vendor\\laravel\\framework\\src\\Illuminate\\Foundation\\Http\\Middleware\\PreventRequestsDuringMaintenance.php(109): Illuminate\\Pipeline\\Pipeline->Illuminate\\Pipeline\\{closure}(Object(Illuminate\\Http\\Request))
#46 D:\\laragon\\www\\rekap\\vendor\\laravel\\framework\\src\\Illuminate\\Pipeline\\Pipeline.php(208): Illuminate\\Foundation\\Http\\Middleware\\PreventRequestsDuringMaintenance->handle(Object(Illuminate\\Http\\Request), Object(Closure))
#47 D:\\laragon\\www\\rekap\\vendor\\laravel\\framework\\src\\Illuminate\\Http\\Middleware\\HandleCors.php(48): Illuminate\\Pipeline\\Pipeline->Illuminate\\Pipeline\\{closure}(Object(Illuminate\\Http\\Request))
#48 D:\\laragon\\www\\rekap\\vendor\\laravel\\framework\\src\\Illuminate\\Pipeline\\Pipeline.php(208): Illuminate\\Http\\Middleware\\HandleCors->handle(Object(Illuminate\\Http\\Request), Object(Closure))
#49 D:\\laragon\\www\\rekap\\vendor\\laravel\\framework\\src\\Illuminate\\Http\\Middleware\\TrustProxies.php(58): Illuminate\\Pipeline\\Pipeline->Illuminate\\Pipeline\\{closure}(Object(Illuminate\\Http\\Request))
#50 D:\\laragon\\www\\rekap\\vendor\\laravel\\framework\\src\\Illuminate\\Pipeline\\Pipeline.php(208): Illuminate\\Http\\Middleware\\TrustProxies->handle(Object(Illuminate\\Http\\Request), Object(Closure))
#51 D:\\laragon\\www\\rekap\\vendor\\laravel\\framework\\src\\Illuminate\\Foundation\\Http\\Middleware\\InvokeDeferredCallbacks.php(22): Illuminate\\Pipeline\\Pipeline->Illuminate\\Pipeline\\{closure}(Object(Illuminate\\Http\\Request))
#52 D:\\laragon\\www\\rekap\\vendor\\laravel\\framework\\src\\Illuminate\\Pipeline\\Pipeline.php(208): Illuminate\\Foundation\\Http\\Middleware\\InvokeDeferredCallbacks->handle(Object(Illuminate\\Http\\Request), Object(Closure))
#53 D:\\laragon\\www\\rekap\\vendor\\laravel\\framework\\src\\Illuminate\\Http\\Middleware\\ValidatePathEncoding.php(26): Illuminate\\Pipeline\\Pipeline->Illuminate\\Pipeline\\{closure}(Object(Illuminate\\Http\\Request))
#54 D:\\laragon\\www\\rekap\\vendor\\laravel\\framework\\src\\Illuminate\\Pipeline\\Pipeline.php(208): Illuminate\\Http\\Middleware\\ValidatePathEncoding->handle(Object(Illuminate\\Http\\Request), Object(Closure))
#55 D:\\laragon\\www\\rekap\\vendor\\laravel\\framework\\src\\Illuminate\\Pipeline\\Pipeline.php(126): Illuminate\\Pipeline\\Pipeline->Illuminate\\Pipeline\\{closure}(Object(Illuminate\\Http\\Request))
#56 D:\\laragon\\www\\rekap\\vendor\\laravel\\framework\\src\\Illuminate\\Foundation\\Http\\Kernel.php(175): Illuminate\\Pipeline\\Pipeline->then(Object(Closure))
#57 D:\\laragon\\www\\rekap\\vendor\\laravel\\framework\\src\\Illuminate\\Foundation\\Http\\Kernel.php(144): Illuminate\\Foundation\\Http\\Kernel->sendRequestThroughRouter(Object(Illuminate\\Http\\Request))
#58 D:\\laragon\\www\\rekap\\vendor\\laravel\\framework\\src\\Illuminate\\Foundation\\Application.php(1219): Illuminate\\Foundation\\Http\\Kernel->handle(Object(Illuminate\\Http\\Request))
#59 D:\\laragon\\www\\rekap\\public\\index.php(20): Illuminate\\Foundation\\Application->handleRequest(Object(Illuminate\\Http\\Request))
#60 D:\\laragon\\www\\rekap\\vendor\\laravel\\framework\\src\\Illuminate\\Foundation\\resources\\server.php(23): require_once('D:\\\\laragon\\\\www\\\\...')
#61 {main}
"} 
[2025-07-04 01:40:23] local.ERROR: SQLSTATE[42S22]: Column not found: 1054 Unknown column 'id_karyawan' in 'where clause' (Connection: mysql, SQL: select * from `absensis` where `id_karyawan` = 1 and `tanggal` = 2025-04-08 limit 1) {"exception":"[object] (Illuminate\\Database\\QueryException(code: 42S22): SQLSTATE[42S22]: Column not found: 1054 Unknown column 'id_karyawan' in 'where clause' (Connection: mysql, SQL: select * from `absensis` where `id_karyawan` = 1 and `tanggal` = 2025-04-08 limit 1) at D:\\laragon\\www\\rekap\\vendor\\laravel\\framework\\src\\Illuminate\\Database\\Connection.php:822)
[stacktrace]
#0 D:\\laragon\\www\\rekap\\vendor\\laravel\\framework\\src\\Illuminate\\Database\\Connection.php(776): Illuminate\\Database\\Connection->runQueryCallback('select * from `...', Array, Object(Closure))
#1 D:\\laragon\\www\\rekap\\vendor\\laravel\\framework\\src\\Illuminate\\Database\\Connection.php(395): Illuminate\\Database\\Connection->run('select * from `...', Array, Object(Closure))
#2 D:\\laragon\\www\\rekap\\vendor\\laravel\\framework\\src\\Illuminate\\Database\\Query\\Builder.php(3107): Illuminate\\Database\\Connection->select('select * from `...', Array, true)
#3 D:\\laragon\\www\\rekap\\vendor\\laravel\\framework\\src\\Illuminate\\Database\\Query\\Builder.php(3092): Illuminate\\Database\\Query\\Builder->runSelect()
#4 D:\\laragon\\www\\rekap\\vendor\\laravel\\framework\\src\\Illuminate\\Database\\Query\\Builder.php(3679): Illuminate\\Database\\Query\\Builder->Illuminate\\Database\\Query\\{closure}()
#5 D:\\laragon\\www\\rekap\\vendor\\laravel\\framework\\src\\Illuminate\\Database\\Query\\Builder.php(3091): Illuminate\\Database\\Query\\Builder->onceWithColumns(Array, Object(Closure))
#6 D:\\laragon\\www\\rekap\\vendor\\laravel\\framework\\src\\Illuminate\\Database\\Eloquent\\Builder.php(871): Illuminate\\Database\\Query\\Builder->get(Array)
#7 D:\\laragon\\www\\rekap\\vendor\\laravel\\framework\\src\\Illuminate\\Database\\Eloquent\\Builder.php(853): Illuminate\\Database\\Eloquent\\Builder->getModels(Array)
#8 D:\\laragon\\www\\rekap\\vendor\\laravel\\framework\\src\\Illuminate\\Database\\Concerns\\BuildsQueries.php(366): Illuminate\\Database\\Eloquent\\Builder->get(Array)
#9 D:\\laragon\\www\\rekap\\app\\Http\\Controllers\\AbsensiController.php(101): Illuminate\\Database\\Eloquent\\Builder->first()
#10 D:\\laragon\\www\\rekap\\vendor\\laravel\\framework\\src\\Illuminate\\Routing\\ControllerDispatcher.php(46): App\\Http\\Controllers\\AbsensiController->store(Object(Illuminate\\Http\\Request))
#11 D:\\laragon\\www\\rekap\\vendor\\laravel\\framework\\src\\Illuminate\\Routing\\Route.php(265): Illuminate\\Routing\\ControllerDispatcher->dispatch(Object(Illuminate\\Routing\\Route), Object(App\\Http\\Controllers\\AbsensiController), 'store')
#12 D:\\laragon\\www\\rekap\\vendor\\laravel\\framework\\src\\Illuminate\\Routing\\Route.php(211): Illuminate\\Routing\\Route->runController()
#13 D:\\laragon\\www\\rekap\\vendor\\laravel\\framework\\src\\Illuminate\\Routing\\Router.php(808): Illuminate\\Routing\\Route->run()
#14 D:\\laragon\\www\\rekap\\vendor\\laravel\\framework\\src\\Illuminate\\Pipeline\\Pipeline.php(169): Illuminate\\Routing\\Router->Illuminate\\Routing\\{closure}(Object(Illuminate\\Http\\Request))
#15 D:\\laragon\\www\\rekap\\vendor\\laravel\\framework\\src\\Illuminate\\Routing\\Middleware\\SubstituteBindings.php(50): Illuminate\\Pipeline\\Pipeline->Illuminate\\Pipeline\\{closure}(Object(Illuminate\\Http\\Request))
#16 D:\\laragon\\www\\rekap\\vendor\\laravel\\framework\\src\\Illuminate\\Pipeline\\Pipeline.php(208): Illuminate\\Routing\\Middleware\\SubstituteBindings->handle(Object(Illuminate\\Http\\Request), Object(Closure))
#17 D:\\laragon\\www\\rekap\\vendor\\laravel\\framework\\src\\Illuminate\\Foundation\\Http\\Middleware\\VerifyCsrfToken.php(87): Illuminate\\Pipeline\\Pipeline->Illuminate\\Pipeline\\{closure}(Object(Illuminate\\Http\\Request))
#18 D:\\laragon\\www\\rekap\\vendor\\laravel\\framework\\src\\Illuminate\\Pipeline\\Pipeline.php(208): Illuminate\\Foundation\\Http\\Middleware\\VerifyCsrfToken->handle(Object(Illuminate\\Http\\Request), Object(Closure))
#19 D:\\laragon\\www\\rekap\\vendor\\laravel\\framework\\src\\Illuminate\\View\\Middleware\\ShareErrorsFromSession.php(48): Illuminate\\Pipeline\\Pipeline->Illuminate\\Pipeline\\{closure}(Object(Illuminate\\Http\\Request))
#20 D:\\laragon\\www\\rekap\\vendor\\laravel\\framework\\src\\Illuminate\\Pipeline\\Pipeline.php(208): Illuminate\\View\\Middleware\\ShareErrorsFromSession->handle(Object(Illuminate\\Http\\Request), Object(Closure))
#21 D:\\laragon\\www\\rekap\\vendor\\laravel\\framework\\src\\Illuminate\\Session\\Middleware\\StartSession.php(120): Illuminate\\Pipeline\\Pipeline->Illuminate\\Pipeline\\{closure}(Object(Illuminate\\Http\\Request))
#22 D:\\laragon\\www\\rekap\\vendor\\laravel\\framework\\src\\Illuminate\\Session\\Middleware\\StartSession.php(63): Illuminate\\Session\\Middleware\\StartSession->handleStatefulRequest(Object(Illuminate\\Http\\Request), Object(Illuminate\\Session\\Store), Object(Closure))
#23 D:\\laragon\\www\\rekap\\vendor\\laravel\\framework\\src\\Illuminate\\Pipeline\\Pipeline.php(208): Illuminate\\Session\\Middleware\\StartSession->handle(Object(Illuminate\\Http\\Request), Object(Closure))
#24 D:\\laragon\\www\\rekap\\vendor\\laravel\\framework\\src\\Illuminate\\Cookie\\Middleware\\AddQueuedCookiesToResponse.php(36): Illuminate\\Pipeline\\Pipeline->Illuminate\\Pipeline\\{closure}(Object(Illuminate\\Http\\Request))
#25 D:\\laragon\\www\\rekap\\vendor\\laravel\\framework\\src\\Illuminate\\Pipeline\\Pipeline.php(208): Illuminate\\Cookie\\Middleware\\AddQueuedCookiesToResponse->handle(Object(Illuminate\\Http\\Request), Object(Closure))
#26 D:\\laragon\\www\\rekap\\vendor\\laravel\\framework\\src\\Illuminate\\Cookie\\Middleware\\EncryptCookies.php(74): Illuminate\\Pipeline\\Pipeline->Illuminate\\Pipeline\\{closure}(Object(Illuminate\\Http\\Request))
#27 D:\\laragon\\www\\rekap\\vendor\\laravel\\framework\\src\\Illuminate\\Pipeline\\Pipeline.php(208): Illuminate\\Cookie\\Middleware\\EncryptCookies->handle(Object(Illuminate\\Http\\Request), Object(Closure))
#28 D:\\laragon\\www\\rekap\\vendor\\laravel\\framework\\src\\Illuminate\\Pipeline\\Pipeline.php(126): Illuminate\\Pipeline\\Pipeline->Illuminate\\Pipeline\\{closure}(Object(Illuminate\\Http\\Request))
#29 D:\\laragon\\www\\rekap\\vendor\\laravel\\framework\\src\\Illuminate\\Routing\\Router.php(807): Illuminate\\Pipeline\\Pipeline->then(Object(Closure))
#30 D:\\laragon\\www\\rekap\\vendor\\laravel\\framework\\src\\Illuminate\\Routing\\Router.php(786): Illuminate\\Routing\\Router->runRouteWithinStack(Object(Illuminate\\Routing\\Route), Object(Illuminate\\Http\\Request))
#31 D:\\laragon\\www\\rekap\\vendor\\laravel\\framework\\src\\Illuminate\\Routing\\Router.php(750): Illuminate\\Routing\\Router->runRoute(Object(Illuminate\\Http\\Request), Object(Illuminate\\Routing\\Route))
#32 D:\\laragon\\www\\rekap\\vendor\\laravel\\framework\\src\\Illuminate\\Routing\\Router.php(739): Illuminate\\Routing\\Router->dispatchToRoute(Object(Illuminate\\Http\\Request))
#33 D:\\laragon\\www\\rekap\\vendor\\laravel\\framework\\src\\Illuminate\\Foundation\\Http\\Kernel.php(200): Illuminate\\Routing\\Router->dispatch(Object(Illuminate\\Http\\Request))
#34 D:\\laragon\\www\\rekap\\vendor\\laravel\\framework\\src\\Illuminate\\Pipeline\\Pipeline.php(169): Illuminate\\Foundation\\Http\\Kernel->Illuminate\\Foundation\\Http\\{closure}(Object(Illuminate\\Http\\Request))
#35 D:\\laragon\\www\\rekap\\vendor\\laravel\\framework\\src\\Illuminate\\Foundation\\Http\\Middleware\\TransformsRequest.php(21): Illuminate\\Pipeline\\Pipeline->Illuminate\\Pipeline\\{closure}(Object(Illuminate\\Http\\Request))
#36 D:\\laragon\\www\\rekap\\vendor\\laravel\\framework\\src\\Illuminate\\Foundation\\Http\\Middleware\\ConvertEmptyStringsToNull.php(31): Illuminate\\Foundation\\Http\\Middleware\\TransformsRequest->handle(Object(Illuminate\\Http\\Request), Object(Closure))
#37 D:\\laragon\\www\\rekap\\vendor\\laravel\\framework\\src\\Illuminate\\Pipeline\\Pipeline.php(208): Illuminate\\Foundation\\Http\\Middleware\\ConvertEmptyStringsToNull->handle(Object(Illuminate\\Http\\Request), Object(Closure))
#38 D:\\laragon\\www\\rekap\\vendor\\laravel\\framework\\src\\Illuminate\\Foundation\\Http\\Middleware\\TransformsRequest.php(21): Illuminate\\Pipeline\\Pipeline->Illuminate\\Pipeline\\{closure}(Object(Illuminate\\Http\\Request))
#39 D:\\laragon\\www\\rekap\\vendor\\laravel\\framework\\src\\Illuminate\\Foundation\\Http\\Middleware\\TrimStrings.php(51): Illuminate\\Foundation\\Http\\Middleware\\TransformsRequest->handle(Object(Illuminate\\Http\\Request), Object(Closure))
#40 D:\\laragon\\www\\rekap\\vendor\\laravel\\framework\\src\\Illuminate\\Pipeline\\Pipeline.php(208): Illuminate\\Foundation\\Http\\Middleware\\TrimStrings->handle(Object(Illuminate\\Http\\Request), Object(Closure))
#41 D:\\laragon\\www\\rekap\\vendor\\laravel\\framework\\src\\Illuminate\\Http\\Middleware\\ValidatePostSize.php(27): Illuminate\\Pipeline\\Pipeline->Illuminate\\Pipeline\\{closure}(Object(Illuminate\\Http\\Request))
#42 D:\\laragon\\www\\rekap\\vendor\\laravel\\framework\\src\\Illuminate\\Pipeline\\Pipeline.php(208): Illuminate\\Http\\Middleware\\ValidatePostSize->handle(Object(Illuminate\\Http\\Request), Object(Closure))
#43 D:\\laragon\\www\\rekap\\vendor\\laravel\\framework\\src\\Illuminate\\Foundation\\Http\\Middleware\\PreventRequestsDuringMaintenance.php(109): Illuminate\\Pipeline\\Pipeline->Illuminate\\Pipeline\\{closure}(Object(Illuminate\\Http\\Request))
#44 D:\\laragon\\www\\rekap\\vendor\\laravel\\framework\\src\\Illuminate\\Pipeline\\Pipeline.php(208): Illuminate\\Foundation\\Http\\Middleware\\PreventRequestsDuringMaintenance->handle(Object(Illuminate\\Http\\Request), Object(Closure))
#45 D:\\laragon\\www\\rekap\\vendor\\laravel\\framework\\src\\Illuminate\\Http\\Middleware\\HandleCors.php(48): Illuminate\\Pipeline\\Pipeline->Illuminate\\Pipeline\\{closure}(Object(Illuminate\\Http\\Request))
#46 D:\\laragon\\www\\rekap\\vendor\\laravel\\framework\\src\\Illuminate\\Pipeline\\Pipeline.php(208): Illuminate\\Http\\Middleware\\HandleCors->handle(Object(Illuminate\\Http\\Request), Object(Closure))
#47 D:\\laragon\\www\\rekap\\vendor\\laravel\\framework\\src\\Illuminate\\Http\\Middleware\\TrustProxies.php(58): Illuminate\\Pipeline\\Pipeline->Illuminate\\Pipeline\\{closure}(Object(Illuminate\\Http\\Request))
#48 D:\\laragon\\www\\rekap\\vendor\\laravel\\framework\\src\\Illuminate\\Pipeline\\Pipeline.php(208): Illuminate\\Http\\Middleware\\TrustProxies->handle(Object(Illuminate\\Http\\Request), Object(Closure))
#49 D:\\laragon\\www\\rekap\\vendor\\laravel\\framework\\src\\Illuminate\\Foundation\\Http\\Middleware\\InvokeDeferredCallbacks.php(22): Illuminate\\Pipeline\\Pipeline->Illuminate\\Pipeline\\{closure}(Object(Illuminate\\Http\\Request))
#50 D:\\laragon\\www\\rekap\\vendor\\laravel\\framework\\src\\Illuminate\\Pipeline\\Pipeline.php(208): Illuminate\\Foundation\\Http\\Middleware\\InvokeDeferredCallbacks->handle(Object(Illuminate\\Http\\Request), Object(Closure))
#51 D:\\laragon\\www\\rekap\\vendor\\laravel\\framework\\src\\Illuminate\\Http\\Middleware\\ValidatePathEncoding.php(26): Illuminate\\Pipeline\\Pipeline->Illuminate\\Pipeline\\{closure}(Object(Illuminate\\Http\\Request))
#52 D:\\laragon\\www\\rekap\\vendor\\laravel\\framework\\src\\Illuminate\\Pipeline\\Pipeline.php(208): Illuminate\\Http\\Middleware\\ValidatePathEncoding->handle(Object(Illuminate\\Http\\Request), Object(Closure))
#53 D:\\laragon\\www\\rekap\\vendor\\laravel\\framework\\src\\Illuminate\\Pipeline\\Pipeline.php(126): Illuminate\\Pipeline\\Pipeline->Illuminate\\Pipeline\\{closure}(Object(Illuminate\\Http\\Request))
#54 D:\\laragon\\www\\rekap\\vendor\\laravel\\framework\\src\\Illuminate\\Foundation\\Http\\Kernel.php(175): Illuminate\\Pipeline\\Pipeline->then(Object(Closure))
#55 D:\\laragon\\www\\rekap\\vendor\\laravel\\framework\\src\\Illuminate\\Foundation\\Http\\Kernel.php(144): Illuminate\\Foundation\\Http\\Kernel->sendRequestThroughRouter(Object(Illuminate\\Http\\Request))
#56 D:\\laragon\\www\\rekap\\vendor\\laravel\\framework\\src\\Illuminate\\Foundation\\Application.php(1219): Illuminate\\Foundation\\Http\\Kernel->handle(Object(Illuminate\\Http\\Request))
#57 D:\\laragon\\www\\rekap\\public\\index.php(20): Illuminate\\Foundation\\Application->handleRequest(Object(Illuminate\\Http\\Request))
#58 D:\\laragon\\www\\rekap\\vendor\\laravel\\framework\\src\\Illuminate\\Foundation\\resources\\server.php(23): require_once('D:\\\\laragon\\\\www\\\\...')
#59 {main}

[previous exception] [object] (PDOException(code: 42S22): SQLSTATE[42S22]: Column not found: 1054 Unknown column 'id_karyawan' in 'where clause' at D:\\laragon\\www\\rekap\\vendor\\laravel\\framework\\src\\Illuminate\\Database\\Connection.php:404)
[stacktrace]
#0 D:\\laragon\\www\\rekap\\vendor\\laravel\\framework\\src\\Illuminate\\Database\\Connection.php(404): PDO->prepare('select * from `...')
#1 D:\\laragon\\www\\rekap\\vendor\\laravel\\framework\\src\\Illuminate\\Database\\Connection.php(809): Illuminate\\Database\\Connection->Illuminate\\Database\\{closure}('select * from `...', Array)
#2 D:\\laragon\\www\\rekap\\vendor\\laravel\\framework\\src\\Illuminate\\Database\\Connection.php(776): Illuminate\\Database\\Connection->runQueryCallback('select * from `...', Array, Object(Closure))
#3 D:\\laragon\\www\\rekap\\vendor\\laravel\\framework\\src\\Illuminate\\Database\\Connection.php(395): Illuminate\\Database\\Connection->run('select * from `...', Array, Object(Closure))
#4 D:\\laragon\\www\\rekap\\vendor\\laravel\\framework\\src\\Illuminate\\Database\\Query\\Builder.php(3107): Illuminate\\Database\\Connection->select('select * from `...', Array, true)
#5 D:\\laragon\\www\\rekap\\vendor\\laravel\\framework\\src\\Illuminate\\Database\\Query\\Builder.php(3092): Illuminate\\Database\\Query\\Builder->runSelect()
#6 D:\\laragon\\www\\rekap\\vendor\\laravel\\framework\\src\\Illuminate\\Database\\Query\\Builder.php(3679): Illuminate\\Database\\Query\\Builder->Illuminate\\Database\\Query\\{closure}()
#7 D:\\laragon\\www\\rekap\\vendor\\laravel\\framework\\src\\Illuminate\\Database\\Query\\Builder.php(3091): Illuminate\\Database\\Query\\Builder->onceWithColumns(Array, Object(Closure))
#8 D:\\laragon\\www\\rekap\\vendor\\laravel\\framework\\src\\Illuminate\\Database\\Eloquent\\Builder.php(871): Illuminate\\Database\\Query\\Builder->get(Array)
#9 D:\\laragon\\www\\rekap\\vendor\\laravel\\framework\\src\\Illuminate\\Database\\Eloquent\\Builder.php(853): Illuminate\\Database\\Eloquent\\Builder->getModels(Array)
#10 D:\\laragon\\www\\rekap\\vendor\\laravel\\framework\\src\\Illuminate\\Database\\Concerns\\BuildsQueries.php(366): Illuminate\\Database\\Eloquent\\Builder->get(Array)
#11 D:\\laragon\\www\\rekap\\app\\Http\\Controllers\\AbsensiController.php(101): Illuminate\\Database\\Eloquent\\Builder->first()
#12 D:\\laragon\\www\\rekap\\vendor\\laravel\\framework\\src\\Illuminate\\Routing\\ControllerDispatcher.php(46): App\\Http\\Controllers\\AbsensiController->store(Object(Illuminate\\Http\\Request))
#13 D:\\laragon\\www\\rekap\\vendor\\laravel\\framework\\src\\Illuminate\\Routing\\Route.php(265): Illuminate\\Routing\\ControllerDispatcher->dispatch(Object(Illuminate\\Routing\\Route), Object(App\\Http\\Controllers\\AbsensiController), 'store')
#14 D:\\laragon\\www\\rekap\\vendor\\laravel\\framework\\src\\Illuminate\\Routing\\Route.php(211): Illuminate\\Routing\\Route->runController()
#15 D:\\laragon\\www\\rekap\\vendor\\laravel\\framework\\src\\Illuminate\\Routing\\Router.php(808): Illuminate\\Routing\\Route->run()
#16 D:\\laragon\\www\\rekap\\vendor\\laravel\\framework\\src\\Illuminate\\Pipeline\\Pipeline.php(169): Illuminate\\Routing\\Router->Illuminate\\Routing\\{closure}(Object(Illuminate\\Http\\Request))
#17 D:\\laragon\\www\\rekap\\vendor\\laravel\\framework\\src\\Illuminate\\Routing\\Middleware\\SubstituteBindings.php(50): Illuminate\\Pipeline\\Pipeline->Illuminate\\Pipeline\\{closure}(Object(Illuminate\\Http\\Request))
#18 D:\\laragon\\www\\rekap\\vendor\\laravel\\framework\\src\\Illuminate\\Pipeline\\Pipeline.php(208): Illuminate\\Routing\\Middleware\\SubstituteBindings->handle(Object(Illuminate\\Http\\Request), Object(Closure))
#19 D:\\laragon\\www\\rekap\\vendor\\laravel\\framework\\src\\Illuminate\\Foundation\\Http\\Middleware\\VerifyCsrfToken.php(87): Illuminate\\Pipeline\\Pipeline->Illuminate\\Pipeline\\{closure}(Object(Illuminate\\Http\\Request))
#20 D:\\laragon\\www\\rekap\\vendor\\laravel\\framework\\src\\Illuminate\\Pipeline\\Pipeline.php(208): Illuminate\\Foundation\\Http\\Middleware\\VerifyCsrfToken->handle(Object(Illuminate\\Http\\Request), Object(Closure))
#21 D:\\laragon\\www\\rekap\\vendor\\laravel\\framework\\src\\Illuminate\\View\\Middleware\\ShareErrorsFromSession.php(48): Illuminate\\Pipeline\\Pipeline->Illuminate\\Pipeline\\{closure}(Object(Illuminate\\Http\\Request))
#22 D:\\laragon\\www\\rekap\\vendor\\laravel\\framework\\src\\Illuminate\\Pipeline\\Pipeline.php(208): Illuminate\\View\\Middleware\\ShareErrorsFromSession->handle(Object(Illuminate\\Http\\Request), Object(Closure))
#23 D:\\laragon\\www\\rekap\\vendor\\laravel\\framework\\src\\Illuminate\\Session\\Middleware\\StartSession.php(120): Illuminate\\Pipeline\\Pipeline->Illuminate\\Pipeline\\{closure}(Object(Illuminate\\Http\\Request))
#24 D:\\laragon\\www\\rekap\\vendor\\laravel\\framework\\src\\Illuminate\\Session\\Middleware\\StartSession.php(63): Illuminate\\Session\\Middleware\\StartSession->handleStatefulRequest(Object(Illuminate\\Http\\Request), Object(Illuminate\\Session\\Store), Object(Closure))
#25 D:\\laragon\\www\\rekap\\vendor\\laravel\\framework\\src\\Illuminate\\Pipeline\\Pipeline.php(208): Illuminate\\Session\\Middleware\\StartSession->handle(Object(Illuminate\\Http\\Request), Object(Closure))
#26 D:\\laragon\\www\\rekap\\vendor\\laravel\\framework\\src\\Illuminate\\Cookie\\Middleware\\AddQueuedCookiesToResponse.php(36): Illuminate\\Pipeline\\Pipeline->Illuminate\\Pipeline\\{closure}(Object(Illuminate\\Http\\Request))
#27 D:\\laragon\\www\\rekap\\vendor\\laravel\\framework\\src\\Illuminate\\Pipeline\\Pipeline.php(208): Illuminate\\Cookie\\Middleware\\AddQueuedCookiesToResponse->handle(Object(Illuminate\\Http\\Request), Object(Closure))
#28 D:\\laragon\\www\\rekap\\vendor\\laravel\\framework\\src\\Illuminate\\Cookie\\Middleware\\EncryptCookies.php(74): Illuminate\\Pipeline\\Pipeline->Illuminate\\Pipeline\\{closure}(Object(Illuminate\\Http\\Request))
#29 D:\\laragon\\www\\rekap\\vendor\\laravel\\framework\\src\\Illuminate\\Pipeline\\Pipeline.php(208): Illuminate\\Cookie\\Middleware\\EncryptCookies->handle(Object(Illuminate\\Http\\Request), Object(Closure))
#30 D:\\laragon\\www\\rekap\\vendor\\laravel\\framework\\src\\Illuminate\\Pipeline\\Pipeline.php(126): Illuminate\\Pipeline\\Pipeline->Illuminate\\Pipeline\\{closure}(Object(Illuminate\\Http\\Request))
#31 D:\\laragon\\www\\rekap\\vendor\\laravel\\framework\\src\\Illuminate\\Routing\\Router.php(807): Illuminate\\Pipeline\\Pipeline->then(Object(Closure))
#32 D:\\laragon\\www\\rekap\\vendor\\laravel\\framework\\src\\Illuminate\\Routing\\Router.php(786): Illuminate\\Routing\\Router->runRouteWithinStack(Object(Illuminate\\Routing\\Route), Object(Illuminate\\Http\\Request))
#33 D:\\laragon\\www\\rekap\\vendor\\laravel\\framework\\src\\Illuminate\\Routing\\Router.php(750): Illuminate\\Routing\\Router->runRoute(Object(Illuminate\\Http\\Request), Object(Illuminate\\Routing\\Route))
#34 D:\\laragon\\www\\rekap\\vendor\\laravel\\framework\\src\\Illuminate\\Routing\\Router.php(739): Illuminate\\Routing\\Router->dispatchToRoute(Object(Illuminate\\Http\\Request))
#35 D:\\laragon\\www\\rekap\\vendor\\laravel\\framework\\src\\Illuminate\\Foundation\\Http\\Kernel.php(200): Illuminate\\Routing\\Router->dispatch(Object(Illuminate\\Http\\Request))
#36 D:\\laragon\\www\\rekap\\vendor\\laravel\\framework\\src\\Illuminate\\Pipeline\\Pipeline.php(169): Illuminate\\Foundation\\Http\\Kernel->Illuminate\\Foundation\\Http\\{closure}(Object(Illuminate\\Http\\Request))
#37 D:\\laragon\\www\\rekap\\vendor\\laravel\\framework\\src\\Illuminate\\Foundation\\Http\\Middleware\\TransformsRequest.php(21): Illuminate\\Pipeline\\Pipeline->Illuminate\\Pipeline\\{closure}(Object(Illuminate\\Http\\Request))
#38 D:\\laragon\\www\\rekap\\vendor\\laravel\\framework\\src\\Illuminate\\Foundation\\Http\\Middleware\\ConvertEmptyStringsToNull.php(31): Illuminate\\Foundation\\Http\\Middleware\\TransformsRequest->handle(Object(Illuminate\\Http\\Request), Object(Closure))
#39 D:\\laragon\\www\\rekap\\vendor\\laravel\\framework\\src\\Illuminate\\Pipeline\\Pipeline.php(208): Illuminate\\Foundation\\Http\\Middleware\\ConvertEmptyStringsToNull->handle(Object(Illuminate\\Http\\Request), Object(Closure))
#40 D:\\laragon\\www\\rekap\\vendor\\laravel\\framework\\src\\Illuminate\\Foundation\\Http\\Middleware\\TransformsRequest.php(21): Illuminate\\Pipeline\\Pipeline->Illuminate\\Pipeline\\{closure}(Object(Illuminate\\Http\\Request))
#41 D:\\laragon\\www\\rekap\\vendor\\laravel\\framework\\src\\Illuminate\\Foundation\\Http\\Middleware\\TrimStrings.php(51): Illuminate\\Foundation\\Http\\Middleware\\TransformsRequest->handle(Object(Illuminate\\Http\\Request), Object(Closure))
#42 D:\\laragon\\www\\rekap\\vendor\\laravel\\framework\\src\\Illuminate\\Pipeline\\Pipeline.php(208): Illuminate\\Foundation\\Http\\Middleware\\TrimStrings->handle(Object(Illuminate\\Http\\Request), Object(Closure))
#43 D:\\laragon\\www\\rekap\\vendor\\laravel\\framework\\src\\Illuminate\\Http\\Middleware\\ValidatePostSize.php(27): Illuminate\\Pipeline\\Pipeline->Illuminate\\Pipeline\\{closure}(Object(Illuminate\\Http\\Request))
#44 D:\\laragon\\www\\rekap\\vendor\\laravel\\framework\\src\\Illuminate\\Pipeline\\Pipeline.php(208): Illuminate\\Http\\Middleware\\ValidatePostSize->handle(Object(Illuminate\\Http\\Request), Object(Closure))
#45 D:\\laragon\\www\\rekap\\vendor\\laravel\\framework\\src\\Illuminate\\Foundation\\Http\\Middleware\\PreventRequestsDuringMaintenance.php(109): Illuminate\\Pipeline\\Pipeline->Illuminate\\Pipeline\\{closure}(Object(Illuminate\\Http\\Request))
#46 D:\\laragon\\www\\rekap\\vendor\\laravel\\framework\\src\\Illuminate\\Pipeline\\Pipeline.php(208): Illuminate\\Foundation\\Http\\Middleware\\PreventRequestsDuringMaintenance->handle(Object(Illuminate\\Http\\Request), Object(Closure))
#47 D:\\laragon\\www\\rekap\\vendor\\laravel\\framework\\src\\Illuminate\\Http\\Middleware\\HandleCors.php(48): Illuminate\\Pipeline\\Pipeline->Illuminate\\Pipeline\\{closure}(Object(Illuminate\\Http\\Request))
#48 D:\\laragon\\www\\rekap\\vendor\\laravel\\framework\\src\\Illuminate\\Pipeline\\Pipeline.php(208): Illuminate\\Http\\Middleware\\HandleCors->handle(Object(Illuminate\\Http\\Request), Object(Closure))
#49 D:\\laragon\\www\\rekap\\vendor\\laravel\\framework\\src\\Illuminate\\Http\\Middleware\\TrustProxies.php(58): Illuminate\\Pipeline\\Pipeline->Illuminate\\Pipeline\\{closure}(Object(Illuminate\\Http\\Request))
#50 D:\\laragon\\www\\rekap\\vendor\\laravel\\framework\\src\\Illuminate\\Pipeline\\Pipeline.php(208): Illuminate\\Http\\Middleware\\TrustProxies->handle(Object(Illuminate\\Http\\Request), Object(Closure))
#51 D:\\laragon\\www\\rekap\\vendor\\laravel\\framework\\src\\Illuminate\\Foundation\\Http\\Middleware\\InvokeDeferredCallbacks.php(22): Illuminate\\Pipeline\\Pipeline->Illuminate\\Pipeline\\{closure}(Object(Illuminate\\Http\\Request))
#52 D:\\laragon\\www\\rekap\\vendor\\laravel\\framework\\src\\Illuminate\\Pipeline\\Pipeline.php(208): Illuminate\\Foundation\\Http\\Middleware\\InvokeDeferredCallbacks->handle(Object(Illuminate\\Http\\Request), Object(Closure))
#53 D:\\laragon\\www\\rekap\\vendor\\laravel\\framework\\src\\Illuminate\\Http\\Middleware\\ValidatePathEncoding.php(26): Illuminate\\Pipeline\\Pipeline->Illuminate\\Pipeline\\{closure}(Object(Illuminate\\Http\\Request))
#54 D:\\laragon\\www\\rekap\\vendor\\laravel\\framework\\src\\Illuminate\\Pipeline\\Pipeline.php(208): Illuminate\\Http\\Middleware\\ValidatePathEncoding->handle(Object(Illuminate\\Http\\Request), Object(Closure))
#55 D:\\laragon\\www\\rekap\\vendor\\laravel\\framework\\src\\Illuminate\\Pipeline\\Pipeline.php(126): Illuminate\\Pipeline\\Pipeline->Illuminate\\Pipeline\\{closure}(Object(Illuminate\\Http\\Request))
#56 D:\\laragon\\www\\rekap\\vendor\\laravel\\framework\\src\\Illuminate\\Foundation\\Http\\Kernel.php(175): Illuminate\\Pipeline\\Pipeline->then(Object(Closure))
#57 D:\\laragon\\www\\rekap\\vendor\\laravel\\framework\\src\\Illuminate\\Foundation\\Http\\Kernel.php(144): Illuminate\\Foundation\\Http\\Kernel->sendRequestThroughRouter(Object(Illuminate\\Http\\Request))
#58 D:\\laragon\\www\\rekap\\vendor\\laravel\\framework\\src\\Illuminate\\Foundation\\Application.php(1219): Illuminate\\Foundation\\Http\\Kernel->handle(Object(Illuminate\\Http\\Request))
#59 D:\\laragon\\www\\rekap\\public\\index.php(20): Illuminate\\Foundation\\Application->handleRequest(Object(Illuminate\\Http\\Request))
#60 D:\\laragon\\www\\rekap\\vendor\\laravel\\framework\\src\\Illuminate\\Foundation\\resources\\server.php(23): require_once('D:\\\\laragon\\\\www\\\\...')
#61 {main}
"} 
[2025-07-04 01:40:55] local.ERROR: SQLSTATE[42S22]: Column not found: 1054 Unknown column 'id_karyawan' in 'where clause' (Connection: mysql, SQL: select * from `absensis` where `id_karyawan` = 1 and `tanggal` = 2025-04-08 limit 1) {"exception":"[object] (Illuminate\\Database\\QueryException(code: 42S22): SQLSTATE[42S22]: Column not found: 1054 Unknown column 'id_karyawan' in 'where clause' (Connection: mysql, SQL: select * from `absensis` where `id_karyawan` = 1 and `tanggal` = 2025-04-08 limit 1) at D:\\laragon\\www\\rekap\\vendor\\laravel\\framework\\src\\Illuminate\\Database\\Connection.php:822)
[stacktrace]
#0 D:\\laragon\\www\\rekap\\vendor\\laravel\\framework\\src\\Illuminate\\Database\\Connection.php(776): Illuminate\\Database\\Connection->runQueryCallback('select * from `...', Array, Object(Closure))
#1 D:\\laragon\\www\\rekap\\vendor\\laravel\\framework\\src\\Illuminate\\Database\\Connection.php(395): Illuminate\\Database\\Connection->run('select * from `...', Array, Object(Closure))
#2 D:\\laragon\\www\\rekap\\vendor\\laravel\\framework\\src\\Illuminate\\Database\\Query\\Builder.php(3107): Illuminate\\Database\\Connection->select('select * from `...', Array, true)
#3 D:\\laragon\\www\\rekap\\vendor\\laravel\\framework\\src\\Illuminate\\Database\\Query\\Builder.php(3092): Illuminate\\Database\\Query\\Builder->runSelect()
#4 D:\\laragon\\www\\rekap\\vendor\\laravel\\framework\\src\\Illuminate\\Database\\Query\\Builder.php(3679): Illuminate\\Database\\Query\\Builder->Illuminate\\Database\\Query\\{closure}()
#5 D:\\laragon\\www\\rekap\\vendor\\laravel\\framework\\src\\Illuminate\\Database\\Query\\Builder.php(3091): Illuminate\\Database\\Query\\Builder->onceWithColumns(Array, Object(Closure))
#6 D:\\laragon\\www\\rekap\\vendor\\laravel\\framework\\src\\Illuminate\\Database\\Eloquent\\Builder.php(871): Illuminate\\Database\\Query\\Builder->get(Array)
#7 D:\\laragon\\www\\rekap\\vendor\\laravel\\framework\\src\\Illuminate\\Database\\Eloquent\\Builder.php(853): Illuminate\\Database\\Eloquent\\Builder->getModels(Array)
#8 D:\\laragon\\www\\rekap\\vendor\\laravel\\framework\\src\\Illuminate\\Database\\Concerns\\BuildsQueries.php(366): Illuminate\\Database\\Eloquent\\Builder->get(Array)
#9 D:\\laragon\\www\\rekap\\app\\Http\\Controllers\\AbsensiController.php(101): Illuminate\\Database\\Eloquent\\Builder->first()
#10 D:\\laragon\\www\\rekap\\vendor\\laravel\\framework\\src\\Illuminate\\Routing\\ControllerDispatcher.php(46): App\\Http\\Controllers\\AbsensiController->store(Object(Illuminate\\Http\\Request))
#11 D:\\laragon\\www\\rekap\\vendor\\laravel\\framework\\src\\Illuminate\\Routing\\Route.php(265): Illuminate\\Routing\\ControllerDispatcher->dispatch(Object(Illuminate\\Routing\\Route), Object(App\\Http\\Controllers\\AbsensiController), 'store')
#12 D:\\laragon\\www\\rekap\\vendor\\laravel\\framework\\src\\Illuminate\\Routing\\Route.php(211): Illuminate\\Routing\\Route->runController()
#13 D:\\laragon\\www\\rekap\\vendor\\laravel\\framework\\src\\Illuminate\\Routing\\Router.php(808): Illuminate\\Routing\\Route->run()
#14 D:\\laragon\\www\\rekap\\vendor\\laravel\\framework\\src\\Illuminate\\Pipeline\\Pipeline.php(169): Illuminate\\Routing\\Router->Illuminate\\Routing\\{closure}(Object(Illuminate\\Http\\Request))
#15 D:\\laragon\\www\\rekap\\vendor\\laravel\\framework\\src\\Illuminate\\Routing\\Middleware\\SubstituteBindings.php(50): Illuminate\\Pipeline\\Pipeline->Illuminate\\Pipeline\\{closure}(Object(Illuminate\\Http\\Request))
#16 D:\\laragon\\www\\rekap\\vendor\\laravel\\framework\\src\\Illuminate\\Pipeline\\Pipeline.php(208): Illuminate\\Routing\\Middleware\\SubstituteBindings->handle(Object(Illuminate\\Http\\Request), Object(Closure))
#17 D:\\laragon\\www\\rekap\\vendor\\laravel\\framework\\src\\Illuminate\\Foundation\\Http\\Middleware\\VerifyCsrfToken.php(87): Illuminate\\Pipeline\\Pipeline->Illuminate\\Pipeline\\{closure}(Object(Illuminate\\Http\\Request))
#18 D:\\laragon\\www\\rekap\\vendor\\laravel\\framework\\src\\Illuminate\\Pipeline\\Pipeline.php(208): Illuminate\\Foundation\\Http\\Middleware\\VerifyCsrfToken->handle(Object(Illuminate\\Http\\Request), Object(Closure))
#19 D:\\laragon\\www\\rekap\\vendor\\laravel\\framework\\src\\Illuminate\\View\\Middleware\\ShareErrorsFromSession.php(48): Illuminate\\Pipeline\\Pipeline->Illuminate\\Pipeline\\{closure}(Object(Illuminate\\Http\\Request))
#20 D:\\laragon\\www\\rekap\\vendor\\laravel\\framework\\src\\Illuminate\\Pipeline\\Pipeline.php(208): Illuminate\\View\\Middleware\\ShareErrorsFromSession->handle(Object(Illuminate\\Http\\Request), Object(Closure))
#21 D:\\laragon\\www\\rekap\\vendor\\laravel\\framework\\src\\Illuminate\\Session\\Middleware\\StartSession.php(120): Illuminate\\Pipeline\\Pipeline->Illuminate\\Pipeline\\{closure}(Object(Illuminate\\Http\\Request))
#22 D:\\laragon\\www\\rekap\\vendor\\laravel\\framework\\src\\Illuminate\\Session\\Middleware\\StartSession.php(63): Illuminate\\Session\\Middleware\\StartSession->handleStatefulRequest(Object(Illuminate\\Http\\Request), Object(Illuminate\\Session\\Store), Object(Closure))
#23 D:\\laragon\\www\\rekap\\vendor\\laravel\\framework\\src\\Illuminate\\Pipeline\\Pipeline.php(208): Illuminate\\Session\\Middleware\\StartSession->handle(Object(Illuminate\\Http\\Request), Object(Closure))
#24 D:\\laragon\\www\\rekap\\vendor\\laravel\\framework\\src\\Illuminate\\Cookie\\Middleware\\AddQueuedCookiesToResponse.php(36): Illuminate\\Pipeline\\Pipeline->Illuminate\\Pipeline\\{closure}(Object(Illuminate\\Http\\Request))
#25 D:\\laragon\\www\\rekap\\vendor\\laravel\\framework\\src\\Illuminate\\Pipeline\\Pipeline.php(208): Illuminate\\Cookie\\Middleware\\AddQueuedCookiesToResponse->handle(Object(Illuminate\\Http\\Request), Object(Closure))
#26 D:\\laragon\\www\\rekap\\vendor\\laravel\\framework\\src\\Illuminate\\Cookie\\Middleware\\EncryptCookies.php(74): Illuminate\\Pipeline\\Pipeline->Illuminate\\Pipeline\\{closure}(Object(Illuminate\\Http\\Request))
#27 D:\\laragon\\www\\rekap\\vendor\\laravel\\framework\\src\\Illuminate\\Pipeline\\Pipeline.php(208): Illuminate\\Cookie\\Middleware\\EncryptCookies->handle(Object(Illuminate\\Http\\Request), Object(Closure))
#28 D:\\laragon\\www\\rekap\\vendor\\laravel\\framework\\src\\Illuminate\\Pipeline\\Pipeline.php(126): Illuminate\\Pipeline\\Pipeline->Illuminate\\Pipeline\\{closure}(Object(Illuminate\\Http\\Request))
#29 D:\\laragon\\www\\rekap\\vendor\\laravel\\framework\\src\\Illuminate\\Routing\\Router.php(807): Illuminate\\Pipeline\\Pipeline->then(Object(Closure))
#30 D:\\laragon\\www\\rekap\\vendor\\laravel\\framework\\src\\Illuminate\\Routing\\Router.php(786): Illuminate\\Routing\\Router->runRouteWithinStack(Object(Illuminate\\Routing\\Route), Object(Illuminate\\Http\\Request))
#31 D:\\laragon\\www\\rekap\\vendor\\laravel\\framework\\src\\Illuminate\\Routing\\Router.php(750): Illuminate\\Routing\\Router->runRoute(Object(Illuminate\\Http\\Request), Object(Illuminate\\Routing\\Route))
#32 D:\\laragon\\www\\rekap\\vendor\\laravel\\framework\\src\\Illuminate\\Routing\\Router.php(739): Illuminate\\Routing\\Router->dispatchToRoute(Object(Illuminate\\Http\\Request))
#33 D:\\laragon\\www\\rekap\\vendor\\laravel\\framework\\src\\Illuminate\\Foundation\\Http\\Kernel.php(200): Illuminate\\Routing\\Router->dispatch(Object(Illuminate\\Http\\Request))
#34 D:\\laragon\\www\\rekap\\vendor\\laravel\\framework\\src\\Illuminate\\Pipeline\\Pipeline.php(169): Illuminate\\Foundation\\Http\\Kernel->Illuminate\\Foundation\\Http\\{closure}(Object(Illuminate\\Http\\Request))
#35 D:\\laragon\\www\\rekap\\vendor\\laravel\\framework\\src\\Illuminate\\Foundation\\Http\\Middleware\\TransformsRequest.php(21): Illuminate\\Pipeline\\Pipeline->Illuminate\\Pipeline\\{closure}(Object(Illuminate\\Http\\Request))
#36 D:\\laragon\\www\\rekap\\vendor\\laravel\\framework\\src\\Illuminate\\Foundation\\Http\\Middleware\\ConvertEmptyStringsToNull.php(31): Illuminate\\Foundation\\Http\\Middleware\\TransformsRequest->handle(Object(Illuminate\\Http\\Request), Object(Closure))
#37 D:\\laragon\\www\\rekap\\vendor\\laravel\\framework\\src\\Illuminate\\Pipeline\\Pipeline.php(208): Illuminate\\Foundation\\Http\\Middleware\\ConvertEmptyStringsToNull->handle(Object(Illuminate\\Http\\Request), Object(Closure))
#38 D:\\laragon\\www\\rekap\\vendor\\laravel\\framework\\src\\Illuminate\\Foundation\\Http\\Middleware\\TransformsRequest.php(21): Illuminate\\Pipeline\\Pipeline->Illuminate\\Pipeline\\{closure}(Object(Illuminate\\Http\\Request))
#39 D:\\laragon\\www\\rekap\\vendor\\laravel\\framework\\src\\Illuminate\\Foundation\\Http\\Middleware\\TrimStrings.php(51): Illuminate\\Foundation\\Http\\Middleware\\TransformsRequest->handle(Object(Illuminate\\Http\\Request), Object(Closure))
#40 D:\\laragon\\www\\rekap\\vendor\\laravel\\framework\\src\\Illuminate\\Pipeline\\Pipeline.php(208): Illuminate\\Foundation\\Http\\Middleware\\TrimStrings->handle(Object(Illuminate\\Http\\Request), Object(Closure))
#41 D:\\laragon\\www\\rekap\\vendor\\laravel\\framework\\src\\Illuminate\\Http\\Middleware\\ValidatePostSize.php(27): Illuminate\\Pipeline\\Pipeline->Illuminate\\Pipeline\\{closure}(Object(Illuminate\\Http\\Request))
#42 D:\\laragon\\www\\rekap\\vendor\\laravel\\framework\\src\\Illuminate\\Pipeline\\Pipeline.php(208): Illuminate\\Http\\Middleware\\ValidatePostSize->handle(Object(Illuminate\\Http\\Request), Object(Closure))
#43 D:\\laragon\\www\\rekap\\vendor\\laravel\\framework\\src\\Illuminate\\Foundation\\Http\\Middleware\\PreventRequestsDuringMaintenance.php(109): Illuminate\\Pipeline\\Pipeline->Illuminate\\Pipeline\\{closure}(Object(Illuminate\\Http\\Request))
#44 D:\\laragon\\www\\rekap\\vendor\\laravel\\framework\\src\\Illuminate\\Pipeline\\Pipeline.php(208): Illuminate\\Foundation\\Http\\Middleware\\PreventRequestsDuringMaintenance->handle(Object(Illuminate\\Http\\Request), Object(Closure))
#45 D:\\laragon\\www\\rekap\\vendor\\laravel\\framework\\src\\Illuminate\\Http\\Middleware\\HandleCors.php(48): Illuminate\\Pipeline\\Pipeline->Illuminate\\Pipeline\\{closure}(Object(Illuminate\\Http\\Request))
#46 D:\\laragon\\www\\rekap\\vendor\\laravel\\framework\\src\\Illuminate\\Pipeline\\Pipeline.php(208): Illuminate\\Http\\Middleware\\HandleCors->handle(Object(Illuminate\\Http\\Request), Object(Closure))
#47 D:\\laragon\\www\\rekap\\vendor\\laravel\\framework\\src\\Illuminate\\Http\\Middleware\\TrustProxies.php(58): Illuminate\\Pipeline\\Pipeline->Illuminate\\Pipeline\\{closure}(Object(Illuminate\\Http\\Request))
#48 D:\\laragon\\www\\rekap\\vendor\\laravel\\framework\\src\\Illuminate\\Pipeline\\Pipeline.php(208): Illuminate\\Http\\Middleware\\TrustProxies->handle(Object(Illuminate\\Http\\Request), Object(Closure))
#49 D:\\laragon\\www\\rekap\\vendor\\laravel\\framework\\src\\Illuminate\\Foundation\\Http\\Middleware\\InvokeDeferredCallbacks.php(22): Illuminate\\Pipeline\\Pipeline->Illuminate\\Pipeline\\{closure}(Object(Illuminate\\Http\\Request))
#50 D:\\laragon\\www\\rekap\\vendor\\laravel\\framework\\src\\Illuminate\\Pipeline\\Pipeline.php(208): Illuminate\\Foundation\\Http\\Middleware\\InvokeDeferredCallbacks->handle(Object(Illuminate\\Http\\Request), Object(Closure))
#51 D:\\laragon\\www\\rekap\\vendor\\laravel\\framework\\src\\Illuminate\\Http\\Middleware\\ValidatePathEncoding.php(26): Illuminate\\Pipeline\\Pipeline->Illuminate\\Pipeline\\{closure}(Object(Illuminate\\Http\\Request))
#52 D:\\laragon\\www\\rekap\\vendor\\laravel\\framework\\src\\Illuminate\\Pipeline\\Pipeline.php(208): Illuminate\\Http\\Middleware\\ValidatePathEncoding->handle(Object(Illuminate\\Http\\Request), Object(Closure))
#53 D:\\laragon\\www\\rekap\\vendor\\laravel\\framework\\src\\Illuminate\\Pipeline\\Pipeline.php(126): Illuminate\\Pipeline\\Pipeline->Illuminate\\Pipeline\\{closure}(Object(Illuminate\\Http\\Request))
#54 D:\\laragon\\www\\rekap\\vendor\\laravel\\framework\\src\\Illuminate\\Foundation\\Http\\Kernel.php(175): Illuminate\\Pipeline\\Pipeline->then(Object(Closure))
#55 D:\\laragon\\www\\rekap\\vendor\\laravel\\framework\\src\\Illuminate\\Foundation\\Http\\Kernel.php(144): Illuminate\\Foundation\\Http\\Kernel->sendRequestThroughRouter(Object(Illuminate\\Http\\Request))
#56 D:\\laragon\\www\\rekap\\vendor\\laravel\\framework\\src\\Illuminate\\Foundation\\Application.php(1219): Illuminate\\Foundation\\Http\\Kernel->handle(Object(Illuminate\\Http\\Request))
#57 D:\\laragon\\www\\rekap\\public\\index.php(20): Illuminate\\Foundation\\Application->handleRequest(Object(Illuminate\\Http\\Request))
#58 D:\\laragon\\www\\rekap\\vendor\\laravel\\framework\\src\\Illuminate\\Foundation\\resources\\server.php(23): require_once('D:\\\\laragon\\\\www\\\\...')
#59 {main}

[previous exception] [object] (PDOException(code: 42S22): SQLSTATE[42S22]: Column not found: 1054 Unknown column 'id_karyawan' in 'where clause' at D:\\laragon\\www\\rekap\\vendor\\laravel\\framework\\src\\Illuminate\\Database\\Connection.php:404)
[stacktrace]
#0 D:\\laragon\\www\\rekap\\vendor\\laravel\\framework\\src\\Illuminate\\Database\\Connection.php(404): PDO->prepare('select * from `...')
#1 D:\\laragon\\www\\rekap\\vendor\\laravel\\framework\\src\\Illuminate\\Database\\Connection.php(809): Illuminate\\Database\\Connection->Illuminate\\Database\\{closure}('select * from `...', Array)
#2 D:\\laragon\\www\\rekap\\vendor\\laravel\\framework\\src\\Illuminate\\Database\\Connection.php(776): Illuminate\\Database\\Connection->runQueryCallback('select * from `...', Array, Object(Closure))
#3 D:\\laragon\\www\\rekap\\vendor\\laravel\\framework\\src\\Illuminate\\Database\\Connection.php(395): Illuminate\\Database\\Connection->run('select * from `...', Array, Object(Closure))
#4 D:\\laragon\\www\\rekap\\vendor\\laravel\\framework\\src\\Illuminate\\Database\\Query\\Builder.php(3107): Illuminate\\Database\\Connection->select('select * from `...', Array, true)
#5 D:\\laragon\\www\\rekap\\vendor\\laravel\\framework\\src\\Illuminate\\Database\\Query\\Builder.php(3092): Illuminate\\Database\\Query\\Builder->runSelect()
#6 D:\\laragon\\www\\rekap\\vendor\\laravel\\framework\\src\\Illuminate\\Database\\Query\\Builder.php(3679): Illuminate\\Database\\Query\\Builder->Illuminate\\Database\\Query\\{closure}()
#7 D:\\laragon\\www\\rekap\\vendor\\laravel\\framework\\src\\Illuminate\\Database\\Query\\Builder.php(3091): Illuminate\\Database\\Query\\Builder->onceWithColumns(Array, Object(Closure))
#8 D:\\laragon\\www\\rekap\\vendor\\laravel\\framework\\src\\Illuminate\\Database\\Eloquent\\Builder.php(871): Illuminate\\Database\\Query\\Builder->get(Array)
#9 D:\\laragon\\www\\rekap\\vendor\\laravel\\framework\\src\\Illuminate\\Database\\Eloquent\\Builder.php(853): Illuminate\\Database\\Eloquent\\Builder->getModels(Array)
#10 D:\\laragon\\www\\rekap\\vendor\\laravel\\framework\\src\\Illuminate\\Database\\Concerns\\BuildsQueries.php(366): Illuminate\\Database\\Eloquent\\Builder->get(Array)
#11 D:\\laragon\\www\\rekap\\app\\Http\\Controllers\\AbsensiController.php(101): Illuminate\\Database\\Eloquent\\Builder->first()
#12 D:\\laragon\\www\\rekap\\vendor\\laravel\\framework\\src\\Illuminate\\Routing\\ControllerDispatcher.php(46): App\\Http\\Controllers\\AbsensiController->store(Object(Illuminate\\Http\\Request))
#13 D:\\laragon\\www\\rekap\\vendor\\laravel\\framework\\src\\Illuminate\\Routing\\Route.php(265): Illuminate\\Routing\\ControllerDispatcher->dispatch(Object(Illuminate\\Routing\\Route), Object(App\\Http\\Controllers\\AbsensiController), 'store')
#14 D:\\laragon\\www\\rekap\\vendor\\laravel\\framework\\src\\Illuminate\\Routing\\Route.php(211): Illuminate\\Routing\\Route->runController()
#15 D:\\laragon\\www\\rekap\\vendor\\laravel\\framework\\src\\Illuminate\\Routing\\Router.php(808): Illuminate\\Routing\\Route->run()
#16 D:\\laragon\\www\\rekap\\vendor\\laravel\\framework\\src\\Illuminate\\Pipeline\\Pipeline.php(169): Illuminate\\Routing\\Router->Illuminate\\Routing\\{closure}(Object(Illuminate\\Http\\Request))
#17 D:\\laragon\\www\\rekap\\vendor\\laravel\\framework\\src\\Illuminate\\Routing\\Middleware\\SubstituteBindings.php(50): Illuminate\\Pipeline\\Pipeline->Illuminate\\Pipeline\\{closure}(Object(Illuminate\\Http\\Request))
#18 D:\\laragon\\www\\rekap\\vendor\\laravel\\framework\\src\\Illuminate\\Pipeline\\Pipeline.php(208): Illuminate\\Routing\\Middleware\\SubstituteBindings->handle(Object(Illuminate\\Http\\Request), Object(Closure))
#19 D:\\laragon\\www\\rekap\\vendor\\laravel\\framework\\src\\Illuminate\\Foundation\\Http\\Middleware\\VerifyCsrfToken.php(87): Illuminate\\Pipeline\\Pipeline->Illuminate\\Pipeline\\{closure}(Object(Illuminate\\Http\\Request))
#20 D:\\laragon\\www\\rekap\\vendor\\laravel\\framework\\src\\Illuminate\\Pipeline\\Pipeline.php(208): Illuminate\\Foundation\\Http\\Middleware\\VerifyCsrfToken->handle(Object(Illuminate\\Http\\Request), Object(Closure))
#21 D:\\laragon\\www\\rekap\\vendor\\laravel\\framework\\src\\Illuminate\\View\\Middleware\\ShareErrorsFromSession.php(48): Illuminate\\Pipeline\\Pipeline->Illuminate\\Pipeline\\{closure}(Object(Illuminate\\Http\\Request))
#22 D:\\laragon\\www\\rekap\\vendor\\laravel\\framework\\src\\Illuminate\\Pipeline\\Pipeline.php(208): Illuminate\\View\\Middleware\\ShareErrorsFromSession->handle(Object(Illuminate\\Http\\Request), Object(Closure))
#23 D:\\laragon\\www\\rekap\\vendor\\laravel\\framework\\src\\Illuminate\\Session\\Middleware\\StartSession.php(120): Illuminate\\Pipeline\\Pipeline->Illuminate\\Pipeline\\{closure}(Object(Illuminate\\Http\\Request))
#24 D:\\laragon\\www\\rekap\\vendor\\laravel\\framework\\src\\Illuminate\\Session\\Middleware\\StartSession.php(63): Illuminate\\Session\\Middleware\\StartSession->handleStatefulRequest(Object(Illuminate\\Http\\Request), Object(Illuminate\\Session\\Store), Object(Closure))
#25 D:\\laragon\\www\\rekap\\vendor\\laravel\\framework\\src\\Illuminate\\Pipeline\\Pipeline.php(208): Illuminate\\Session\\Middleware\\StartSession->handle(Object(Illuminate\\Http\\Request), Object(Closure))
#26 D:\\laragon\\www\\rekap\\vendor\\laravel\\framework\\src\\Illuminate\\Cookie\\Middleware\\AddQueuedCookiesToResponse.php(36): Illuminate\\Pipeline\\Pipeline->Illuminate\\Pipeline\\{closure}(Object(Illuminate\\Http\\Request))
#27 D:\\laragon\\www\\rekap\\vendor\\laravel\\framework\\src\\Illuminate\\Pipeline\\Pipeline.php(208): Illuminate\\Cookie\\Middleware\\AddQueuedCookiesToResponse->handle(Object(Illuminate\\Http\\Request), Object(Closure))
#28 D:\\laragon\\www\\rekap\\vendor\\laravel\\framework\\src\\Illuminate\\Cookie\\Middleware\\EncryptCookies.php(74): Illuminate\\Pipeline\\Pipeline->Illuminate\\Pipeline\\{closure}(Object(Illuminate\\Http\\Request))
#29 D:\\laragon\\www\\rekap\\vendor\\laravel\\framework\\src\\Illuminate\\Pipeline\\Pipeline.php(208): Illuminate\\Cookie\\Middleware\\EncryptCookies->handle(Object(Illuminate\\Http\\Request), Object(Closure))
#30 D:\\laragon\\www\\rekap\\vendor\\laravel\\framework\\src\\Illuminate\\Pipeline\\Pipeline.php(126): Illuminate\\Pipeline\\Pipeline->Illuminate\\Pipeline\\{closure}(Object(Illuminate\\Http\\Request))
#31 D:\\laragon\\www\\rekap\\vendor\\laravel\\framework\\src\\Illuminate\\Routing\\Router.php(807): Illuminate\\Pipeline\\Pipeline->then(Object(Closure))
#32 D:\\laragon\\www\\rekap\\vendor\\laravel\\framework\\src\\Illuminate\\Routing\\Router.php(786): Illuminate\\Routing\\Router->runRouteWithinStack(Object(Illuminate\\Routing\\Route), Object(Illuminate\\Http\\Request))
#33 D:\\laragon\\www\\rekap\\vendor\\laravel\\framework\\src\\Illuminate\\Routing\\Router.php(750): Illuminate\\Routing\\Router->runRoute(Object(Illuminate\\Http\\Request), Object(Illuminate\\Routing\\Route))
#34 D:\\laragon\\www\\rekap\\vendor\\laravel\\framework\\src\\Illuminate\\Routing\\Router.php(739): Illuminate\\Routing\\Router->dispatchToRoute(Object(Illuminate\\Http\\Request))
#35 D:\\laragon\\www\\rekap\\vendor\\laravel\\framework\\src\\Illuminate\\Foundation\\Http\\Kernel.php(200): Illuminate\\Routing\\Router->dispatch(Object(Illuminate\\Http\\Request))
#36 D:\\laragon\\www\\rekap\\vendor\\laravel\\framework\\src\\Illuminate\\Pipeline\\Pipeline.php(169): Illuminate\\Foundation\\Http\\Kernel->Illuminate\\Foundation\\Http\\{closure}(Object(Illuminate\\Http\\Request))
#37 D:\\laragon\\www\\rekap\\vendor\\laravel\\framework\\src\\Illuminate\\Foundation\\Http\\Middleware\\TransformsRequest.php(21): Illuminate\\Pipeline\\Pipeline->Illuminate\\Pipeline\\{closure}(Object(Illuminate\\Http\\Request))
#38 D:\\laragon\\www\\rekap\\vendor\\laravel\\framework\\src\\Illuminate\\Foundation\\Http\\Middleware\\ConvertEmptyStringsToNull.php(31): Illuminate\\Foundation\\Http\\Middleware\\TransformsRequest->handle(Object(Illuminate\\Http\\Request), Object(Closure))
#39 D:\\laragon\\www\\rekap\\vendor\\laravel\\framework\\src\\Illuminate\\Pipeline\\Pipeline.php(208): Illuminate\\Foundation\\Http\\Middleware\\ConvertEmptyStringsToNull->handle(Object(Illuminate\\Http\\Request), Object(Closure))
#40 D:\\laragon\\www\\rekap\\vendor\\laravel\\framework\\src\\Illuminate\\Foundation\\Http\\Middleware\\TransformsRequest.php(21): Illuminate\\Pipeline\\Pipeline->Illuminate\\Pipeline\\{closure}(Object(Illuminate\\Http\\Request))
#41 D:\\laragon\\www\\rekap\\vendor\\laravel\\framework\\src\\Illuminate\\Foundation\\Http\\Middleware\\TrimStrings.php(51): Illuminate\\Foundation\\Http\\Middleware\\TransformsRequest->handle(Object(Illuminate\\Http\\Request), Object(Closure))
#42 D:\\laragon\\www\\rekap\\vendor\\laravel\\framework\\src\\Illuminate\\Pipeline\\Pipeline.php(208): Illuminate\\Foundation\\Http\\Middleware\\TrimStrings->handle(Object(Illuminate\\Http\\Request), Object(Closure))
#43 D:\\laragon\\www\\rekap\\vendor\\laravel\\framework\\src\\Illuminate\\Http\\Middleware\\ValidatePostSize.php(27): Illuminate\\Pipeline\\Pipeline->Illuminate\\Pipeline\\{closure}(Object(Illuminate\\Http\\Request))
#44 D:\\laragon\\www\\rekap\\vendor\\laravel\\framework\\src\\Illuminate\\Pipeline\\Pipeline.php(208): Illuminate\\Http\\Middleware\\ValidatePostSize->handle(Object(Illuminate\\Http\\Request), Object(Closure))
#45 D:\\laragon\\www\\rekap\\vendor\\laravel\\framework\\src\\Illuminate\\Foundation\\Http\\Middleware\\PreventRequestsDuringMaintenance.php(109): Illuminate\\Pipeline\\Pipeline->Illuminate\\Pipeline\\{closure}(Object(Illuminate\\Http\\Request))
#46 D:\\laragon\\www\\rekap\\vendor\\laravel\\framework\\src\\Illuminate\\Pipeline\\Pipeline.php(208): Illuminate\\Foundation\\Http\\Middleware\\PreventRequestsDuringMaintenance->handle(Object(Illuminate\\Http\\Request), Object(Closure))
#47 D:\\laragon\\www\\rekap\\vendor\\laravel\\framework\\src\\Illuminate\\Http\\Middleware\\HandleCors.php(48): Illuminate\\Pipeline\\Pipeline->Illuminate\\Pipeline\\{closure}(Object(Illuminate\\Http\\Request))
#48 D:\\laragon\\www\\rekap\\vendor\\laravel\\framework\\src\\Illuminate\\Pipeline\\Pipeline.php(208): Illuminate\\Http\\Middleware\\HandleCors->handle(Object(Illuminate\\Http\\Request), Object(Closure))
#49 D:\\laragon\\www\\rekap\\vendor\\laravel\\framework\\src\\Illuminate\\Http\\Middleware\\TrustProxies.php(58): Illuminate\\Pipeline\\Pipeline->Illuminate\\Pipeline\\{closure}(Object(Illuminate\\Http\\Request))
#50 D:\\laragon\\www\\rekap\\vendor\\laravel\\framework\\src\\Illuminate\\Pipeline\\Pipeline.php(208): Illuminate\\Http\\Middleware\\TrustProxies->handle(Object(Illuminate\\Http\\Request), Object(Closure))
#51 D:\\laragon\\www\\rekap\\vendor\\laravel\\framework\\src\\Illuminate\\Foundation\\Http\\Middleware\\InvokeDeferredCallbacks.php(22): Illuminate\\Pipeline\\Pipeline->Illuminate\\Pipeline\\{closure}(Object(Illuminate\\Http\\Request))
#52 D:\\laragon\\www\\rekap\\vendor\\laravel\\framework\\src\\Illuminate\\Pipeline\\Pipeline.php(208): Illuminate\\Foundation\\Http\\Middleware\\InvokeDeferredCallbacks->handle(Object(Illuminate\\Http\\Request), Object(Closure))
#53 D:\\laragon\\www\\rekap\\vendor\\laravel\\framework\\src\\Illuminate\\Http\\Middleware\\ValidatePathEncoding.php(26): Illuminate\\Pipeline\\Pipeline->Illuminate\\Pipeline\\{closure}(Object(Illuminate\\Http\\Request))
#54 D:\\laragon\\www\\rekap\\vendor\\laravel\\framework\\src\\Illuminate\\Pipeline\\Pipeline.php(208): Illuminate\\Http\\Middleware\\ValidatePathEncoding->handle(Object(Illuminate\\Http\\Request), Object(Closure))
#55 D:\\laragon\\www\\rekap\\vendor\\laravel\\framework\\src\\Illuminate\\Pipeline\\Pipeline.php(126): Illuminate\\Pipeline\\Pipeline->Illuminate\\Pipeline\\{closure}(Object(Illuminate\\Http\\Request))
#56 D:\\laragon\\www\\rekap\\vendor\\laravel\\framework\\src\\Illuminate\\Foundation\\Http\\Kernel.php(175): Illuminate\\Pipeline\\Pipeline->then(Object(Closure))
#57 D:\\laragon\\www\\rekap\\vendor\\laravel\\framework\\src\\Illuminate\\Foundation\\Http\\Kernel.php(144): Illuminate\\Foundation\\Http\\Kernel->sendRequestThroughRouter(Object(Illuminate\\Http\\Request))
#58 D:\\laragon\\www\\rekap\\vendor\\laravel\\framework\\src\\Illuminate\\Foundation\\Application.php(1219): Illuminate\\Foundation\\Http\\Kernel->handle(Object(Illuminate\\Http\\Request))
#59 D:\\laragon\\www\\rekap\\public\\index.php(20): Illuminate\\Foundation\\Application->handleRequest(Object(Illuminate\\Http\\Request))
#60 D:\\laragon\\www\\rekap\\vendor\\laravel\\framework\\src\\Illuminate\\Foundation\\resources\\server.php(23): require_once('D:\\\\laragon\\\\www\\\\...')
#61 {main}
"} 
[2025-07-04 01:42:16] local.ERROR: SQLSTATE[23000]: Integrity constraint violation: 1048 Column 'jam_masuk' cannot be null (Connection: mysql, SQL: insert into `absensis` (`karyawan_id`, `tanggal`, `jam_masuk`, `jam_pulang`, `updated_at`, `created_at`) values (1, 2025-04-28, ?, 15:30, 2025-07-04 01:42:16, 2025-07-04 01:42:16)) {"exception":"[object] (Illuminate\\Database\\QueryException(code: 23000): SQLSTATE[23000]: Integrity constraint violation: 1048 Column 'jam_masuk' cannot be null (Connection: mysql, SQL: insert into `absensis` (`karyawan_id`, `tanggal`, `jam_masuk`, `jam_pulang`, `updated_at`, `created_at`) values (1, 2025-04-28, ?, 15:30, 2025-07-04 01:42:16, 2025-07-04 01:42:16)) at D:\\laragon\\www\\rekap\\vendor\\laravel\\framework\\src\\Illuminate\\Database\\Connection.php:822)
[stacktrace]
#0 D:\\laragon\\www\\rekap\\vendor\\laravel\\framework\\src\\Illuminate\\Database\\Connection.php(776): Illuminate\\Database\\Connection->runQueryCallback('insert into `ab...', Array, Object(Closure))
#1 D:\\laragon\\www\\rekap\\vendor\\laravel\\framework\\src\\Illuminate\\Database\\MySqlConnection.php(42): Illuminate\\Database\\Connection->run('insert into `ab...', Array, Object(Closure))
#2 D:\\laragon\\www\\rekap\\vendor\\laravel\\framework\\src\\Illuminate\\Database\\Query\\Processors\\MySqlProcessor.php(35): Illuminate\\Database\\MySqlConnection->insert('insert into `ab...', Array, 'id')
#3 D:\\laragon\\www\\rekap\\vendor\\laravel\\framework\\src\\Illuminate\\Database\\Query\\Builder.php(3769): Illuminate\\Database\\Query\\Processors\\MySqlProcessor->processInsertGetId(Object(Illuminate\\Database\\Query\\Builder), 'insert into `ab...', Array, 'id')
#4 D:\\laragon\\www\\rekap\\vendor\\laravel\\framework\\src\\Illuminate\\Database\\Eloquent\\Builder.php(2204): Illuminate\\Database\\Query\\Builder->insertGetId(Array, 'id')
#5 D:\\laragon\\www\\rekap\\vendor\\laravel\\framework\\src\\Illuminate\\Database\\Eloquent\\Model.php(1408): Illuminate\\Database\\Eloquent\\Builder->__call('insertGetId', Array)
#6 D:\\laragon\\www\\rekap\\vendor\\laravel\\framework\\src\\Illuminate\\Database\\Eloquent\\Model.php(1373): Illuminate\\Database\\Eloquent\\Model->insertAndSetId(Object(Illuminate\\Database\\Eloquent\\Builder), Array)
#7 D:\\laragon\\www\\rekap\\vendor\\laravel\\framework\\src\\Illuminate\\Database\\Eloquent\\Model.php(1212): Illuminate\\Database\\Eloquent\\Model->performInsert(Object(Illuminate\\Database\\Eloquent\\Builder))
#8 D:\\laragon\\www\\rekap\\vendor\\laravel\\framework\\src\\Illuminate\\Database\\Eloquent\\Builder.php(1188): Illuminate\\Database\\Eloquent\\Model->save()
#9 D:\\laragon\\www\\rekap\\vendor\\laravel\\framework\\src\\Illuminate\\Support\\helpers.php(399): Illuminate\\Database\\Eloquent\\Builder->Illuminate\\Database\\Eloquent\\{closure}(Object(App\\Models\\Absensi))
#10 D:\\laragon\\www\\rekap\\vendor\\laravel\\framework\\src\\Illuminate\\Database\\Eloquent\\Builder.php(1187): tap(Object(App\\Models\\Absensi), Object(Closure))
#11 D:\\laragon\\www\\rekap\\vendor\\laravel\\framework\\src\\Illuminate\\Support\\Traits\\ForwardsCalls.php(23): Illuminate\\Database\\Eloquent\\Builder->create(Array)
#12 D:\\laragon\\www\\rekap\\vendor\\laravel\\framework\\src\\Illuminate\\Database\\Eloquent\\Model.php(2449): Illuminate\\Database\\Eloquent\\Model->forwardCallTo(Object(Illuminate\\Database\\Eloquent\\Builder), 'create', Array)
#13 D:\\laragon\\www\\rekap\\vendor\\laravel\\framework\\src\\Illuminate\\Database\\Eloquent\\Model.php(2465): Illuminate\\Database\\Eloquent\\Model->__call('create', Array)
#14 D:\\laragon\\www\\rekap\\app\\Http\\Controllers\\AbsensiController.php(104): Illuminate\\Database\\Eloquent\\Model::__callStatic('create', Array)
#15 D:\\laragon\\www\\rekap\\vendor\\laravel\\framework\\src\\Illuminate\\Routing\\ControllerDispatcher.php(46): App\\Http\\Controllers\\AbsensiController->store(Object(Illuminate\\Http\\Request))
#16 D:\\laragon\\www\\rekap\\vendor\\laravel\\framework\\src\\Illuminate\\Routing\\Route.php(265): Illuminate\\Routing\\ControllerDispatcher->dispatch(Object(Illuminate\\Routing\\Route), Object(App\\Http\\Controllers\\AbsensiController), 'store')
#17 D:\\laragon\\www\\rekap\\vendor\\laravel\\framework\\src\\Illuminate\\Routing\\Route.php(211): Illuminate\\Routing\\Route->runController()
#18 D:\\laragon\\www\\rekap\\vendor\\laravel\\framework\\src\\Illuminate\\Routing\\Router.php(808): Illuminate\\Routing\\Route->run()
#19 D:\\laragon\\www\\rekap\\vendor\\laravel\\framework\\src\\Illuminate\\Pipeline\\Pipeline.php(169): Illuminate\\Routing\\Router->Illuminate\\Routing\\{closure}(Object(Illuminate\\Http\\Request))
#20 D:\\laragon\\www\\rekap\\vendor\\laravel\\framework\\src\\Illuminate\\Routing\\Middleware\\SubstituteBindings.php(50): Illuminate\\Pipeline\\Pipeline->Illuminate\\Pipeline\\{closure}(Object(Illuminate\\Http\\Request))
#21 D:\\laragon\\www\\rekap\\vendor\\laravel\\framework\\src\\Illuminate\\Pipeline\\Pipeline.php(208): Illuminate\\Routing\\Middleware\\SubstituteBindings->handle(Object(Illuminate\\Http\\Request), Object(Closure))
#22 D:\\laragon\\www\\rekap\\vendor\\laravel\\framework\\src\\Illuminate\\Foundation\\Http\\Middleware\\VerifyCsrfToken.php(87): Illuminate\\Pipeline\\Pipeline->Illuminate\\Pipeline\\{closure}(Object(Illuminate\\Http\\Request))
#23 D:\\laragon\\www\\rekap\\vendor\\laravel\\framework\\src\\Illuminate\\Pipeline\\Pipeline.php(208): Illuminate\\Foundation\\Http\\Middleware\\VerifyCsrfToken->handle(Object(Illuminate\\Http\\Request), Object(Closure))
#24 D:\\laragon\\www\\rekap\\vendor\\laravel\\framework\\src\\Illuminate\\View\\Middleware\\ShareErrorsFromSession.php(48): Illuminate\\Pipeline\\Pipeline->Illuminate\\Pipeline\\{closure}(Object(Illuminate\\Http\\Request))
#25 D:\\laragon\\www\\rekap\\vendor\\laravel\\framework\\src\\Illuminate\\Pipeline\\Pipeline.php(208): Illuminate\\View\\Middleware\\ShareErrorsFromSession->handle(Object(Illuminate\\Http\\Request), Object(Closure))
#26 D:\\laragon\\www\\rekap\\vendor\\laravel\\framework\\src\\Illuminate\\Session\\Middleware\\StartSession.php(120): Illuminate\\Pipeline\\Pipeline->Illuminate\\Pipeline\\{closure}(Object(Illuminate\\Http\\Request))
#27 D:\\laragon\\www\\rekap\\vendor\\laravel\\framework\\src\\Illuminate\\Session\\Middleware\\StartSession.php(63): Illuminate\\Session\\Middleware\\StartSession->handleStatefulRequest(Object(Illuminate\\Http\\Request), Object(Illuminate\\Session\\Store), Object(Closure))
#28 D:\\laragon\\www\\rekap\\vendor\\laravel\\framework\\src\\Illuminate\\Pipeline\\Pipeline.php(208): Illuminate\\Session\\Middleware\\StartSession->handle(Object(Illuminate\\Http\\Request), Object(Closure))
#29 D:\\laragon\\www\\rekap\\vendor\\laravel\\framework\\src\\Illuminate\\Cookie\\Middleware\\AddQueuedCookiesToResponse.php(36): Illuminate\\Pipeline\\Pipeline->Illuminate\\Pipeline\\{closure}(Object(Illuminate\\Http\\Request))
#30 D:\\laragon\\www\\rekap\\vendor\\laravel\\framework\\src\\Illuminate\\Pipeline\\Pipeline.php(208): Illuminate\\Cookie\\Middleware\\AddQueuedCookiesToResponse->handle(Object(Illuminate\\Http\\Request), Object(Closure))
#31 D:\\laragon\\www\\rekap\\vendor\\laravel\\framework\\src\\Illuminate\\Cookie\\Middleware\\EncryptCookies.php(74): Illuminate\\Pipeline\\Pipeline->Illuminate\\Pipeline\\{closure}(Object(Illuminate\\Http\\Request))
#32 D:\\laragon\\www\\rekap\\vendor\\laravel\\framework\\src\\Illuminate\\Pipeline\\Pipeline.php(208): Illuminate\\Cookie\\Middleware\\EncryptCookies->handle(Object(Illuminate\\Http\\Request), Object(Closure))
#33 D:\\laragon\\www\\rekap\\vendor\\laravel\\framework\\src\\Illuminate\\Pipeline\\Pipeline.php(126): Illuminate\\Pipeline\\Pipeline->Illuminate\\Pipeline\\{closure}(Object(Illuminate\\Http\\Request))
#34 D:\\laragon\\www\\rekap\\vendor\\laravel\\framework\\src\\Illuminate\\Routing\\Router.php(807): Illuminate\\Pipeline\\Pipeline->then(Object(Closure))
#35 D:\\laragon\\www\\rekap\\vendor\\laravel\\framework\\src\\Illuminate\\Routing\\Router.php(786): Illuminate\\Routing\\Router->runRouteWithinStack(Object(Illuminate\\Routing\\Route), Object(Illuminate\\Http\\Request))
#36 D:\\laragon\\www\\rekap\\vendor\\laravel\\framework\\src\\Illuminate\\Routing\\Router.php(750): Illuminate\\Routing\\Router->runRoute(Object(Illuminate\\Http\\Request), Object(Illuminate\\Routing\\Route))
#37 D:\\laragon\\www\\rekap\\vendor\\laravel\\framework\\src\\Illuminate\\Routing\\Router.php(739): Illuminate\\Routing\\Router->dispatchToRoute(Object(Illuminate\\Http\\Request))
#38 D:\\laragon\\www\\rekap\\vendor\\laravel\\framework\\src\\Illuminate\\Foundation\\Http\\Kernel.php(200): Illuminate\\Routing\\Router->dispatch(Object(Illuminate\\Http\\Request))
#39 D:\\laragon\\www\\rekap\\vendor\\laravel\\framework\\src\\Illuminate\\Pipeline\\Pipeline.php(169): Illuminate\\Foundation\\Http\\Kernel->Illuminate\\Foundation\\Http\\{closure}(Object(Illuminate\\Http\\Request))
#40 D:\\laragon\\www\\rekap\\vendor\\laravel\\framework\\src\\Illuminate\\Foundation\\Http\\Middleware\\TransformsRequest.php(21): Illuminate\\Pipeline\\Pipeline->Illuminate\\Pipeline\\{closure}(Object(Illuminate\\Http\\Request))
#41 D:\\laragon\\www\\rekap\\vendor\\laravel\\framework\\src\\Illuminate\\Foundation\\Http\\Middleware\\ConvertEmptyStringsToNull.php(31): Illuminate\\Foundation\\Http\\Middleware\\TransformsRequest->handle(Object(Illuminate\\Http\\Request), Object(Closure))
#42 D:\\laragon\\www\\rekap\\vendor\\laravel\\framework\\src\\Illuminate\\Pipeline\\Pipeline.php(208): Illuminate\\Foundation\\Http\\Middleware\\ConvertEmptyStringsToNull->handle(Object(Illuminate\\Http\\Request), Object(Closure))
#43 D:\\laragon\\www\\rekap\\vendor\\laravel\\framework\\src\\Illuminate\\Foundation\\Http\\Middleware\\TransformsRequest.php(21): Illuminate\\Pipeline\\Pipeline->Illuminate\\Pipeline\\{closure}(Object(Illuminate\\Http\\Request))
#44 D:\\laragon\\www\\rekap\\vendor\\laravel\\framework\\src\\Illuminate\\Foundation\\Http\\Middleware\\TrimStrings.php(51): Illuminate\\Foundation\\Http\\Middleware\\TransformsRequest->handle(Object(Illuminate\\Http\\Request), Object(Closure))
#45 D:\\laragon\\www\\rekap\\vendor\\laravel\\framework\\src\\Illuminate\\Pipeline\\Pipeline.php(208): Illuminate\\Foundation\\Http\\Middleware\\TrimStrings->handle(Object(Illuminate\\Http\\Request), Object(Closure))
#46 D:\\laragon\\www\\rekap\\vendor\\laravel\\framework\\src\\Illuminate\\Http\\Middleware\\ValidatePostSize.php(27): Illuminate\\Pipeline\\Pipeline->Illuminate\\Pipeline\\{closure}(Object(Illuminate\\Http\\Request))
#47 D:\\laragon\\www\\rekap\\vendor\\laravel\\framework\\src\\Illuminate\\Pipeline\\Pipeline.php(208): Illuminate\\Http\\Middleware\\ValidatePostSize->handle(Object(Illuminate\\Http\\Request), Object(Closure))
#48 D:\\laragon\\www\\rekap\\vendor\\laravel\\framework\\src\\Illuminate\\Foundation\\Http\\Middleware\\PreventRequestsDuringMaintenance.php(109): Illuminate\\Pipeline\\Pipeline->Illuminate\\Pipeline\\{closure}(Object(Illuminate\\Http\\Request))
#49 D:\\laragon\\www\\rekap\\vendor\\laravel\\framework\\src\\Illuminate\\Pipeline\\Pipeline.php(208): Illuminate\\Foundation\\Http\\Middleware\\PreventRequestsDuringMaintenance->handle(Object(Illuminate\\Http\\Request), Object(Closure))
#50 D:\\laragon\\www\\rekap\\vendor\\laravel\\framework\\src\\Illuminate\\Http\\Middleware\\HandleCors.php(48): Illuminate\\Pipeline\\Pipeline->Illuminate\\Pipeline\\{closure}(Object(Illuminate\\Http\\Request))
#51 D:\\laragon\\www\\rekap\\vendor\\laravel\\framework\\src\\Illuminate\\Pipeline\\Pipeline.php(208): Illuminate\\Http\\Middleware\\HandleCors->handle(Object(Illuminate\\Http\\Request), Object(Closure))
#52 D:\\laragon\\www\\rekap\\vendor\\laravel\\framework\\src\\Illuminate\\Http\\Middleware\\TrustProxies.php(58): Illuminate\\Pipeline\\Pipeline->Illuminate\\Pipeline\\{closure}(Object(Illuminate\\Http\\Request))
#53 D:\\laragon\\www\\rekap\\vendor\\laravel\\framework\\src\\Illuminate\\Pipeline\\Pipeline.php(208): Illuminate\\Http\\Middleware\\TrustProxies->handle(Object(Illuminate\\Http\\Request), Object(Closure))
#54 D:\\laragon\\www\\rekap\\vendor\\laravel\\framework\\src\\Illuminate\\Foundation\\Http\\Middleware\\InvokeDeferredCallbacks.php(22): Illuminate\\Pipeline\\Pipeline->Illuminate\\Pipeline\\{closure}(Object(Illuminate\\Http\\Request))
#55 D:\\laragon\\www\\rekap\\vendor\\laravel\\framework\\src\\Illuminate\\Pipeline\\Pipeline.php(208): Illuminate\\Foundation\\Http\\Middleware\\InvokeDeferredCallbacks->handle(Object(Illuminate\\Http\\Request), Object(Closure))
#56 D:\\laragon\\www\\rekap\\vendor\\laravel\\framework\\src\\Illuminate\\Http\\Middleware\\ValidatePathEncoding.php(26): Illuminate\\Pipeline\\Pipeline->Illuminate\\Pipeline\\{closure}(Object(Illuminate\\Http\\Request))
#57 D:\\laragon\\www\\rekap\\vendor\\laravel\\framework\\src\\Illuminate\\Pipeline\\Pipeline.php(208): Illuminate\\Http\\Middleware\\ValidatePathEncoding->handle(Object(Illuminate\\Http\\Request), Object(Closure))
#58 D:\\laragon\\www\\rekap\\vendor\\laravel\\framework\\src\\Illuminate\\Pipeline\\Pipeline.php(126): Illuminate\\Pipeline\\Pipeline->Illuminate\\Pipeline\\{closure}(Object(Illuminate\\Http\\Request))
#59 D:\\laragon\\www\\rekap\\vendor\\laravel\\framework\\src\\Illuminate\\Foundation\\Http\\Kernel.php(175): Illuminate\\Pipeline\\Pipeline->then(Object(Closure))
#60 D:\\laragon\\www\\rekap\\vendor\\laravel\\framework\\src\\Illuminate\\Foundation\\Http\\Kernel.php(144): Illuminate\\Foundation\\Http\\Kernel->sendRequestThroughRouter(Object(Illuminate\\Http\\Request))
#61 D:\\laragon\\www\\rekap\\vendor\\laravel\\framework\\src\\Illuminate\\Foundation\\Application.php(1219): Illuminate\\Foundation\\Http\\Kernel->handle(Object(Illuminate\\Http\\Request))
#62 D:\\laragon\\www\\rekap\\public\\index.php(20): Illuminate\\Foundation\\Application->handleRequest(Object(Illuminate\\Http\\Request))
#63 D:\\laragon\\www\\rekap\\vendor\\laravel\\framework\\src\\Illuminate\\Foundation\\resources\\server.php(23): require_once('D:\\\\laragon\\\\www\\\\...')
#64 {main}

[previous exception] [object] (PDOException(code: 23000): SQLSTATE[23000]: Integrity constraint violation: 1048 Column 'jam_masuk' cannot be null at D:\\laragon\\www\\rekap\\vendor\\laravel\\framework\\src\\Illuminate\\Database\\MySqlConnection.php:53)
[stacktrace]
#0 D:\\laragon\\www\\rekap\\vendor\\laravel\\framework\\src\\Illuminate\\Database\\MySqlConnection.php(53): PDOStatement->execute()
#1 D:\\laragon\\www\\rekap\\vendor\\laravel\\framework\\src\\Illuminate\\Database\\Connection.php(809): Illuminate\\Database\\MySqlConnection->Illuminate\\Database\\{closure}('insert into `ab...', Array)
#2 D:\\laragon\\www\\rekap\\vendor\\laravel\\framework\\src\\Illuminate\\Database\\Connection.php(776): Illuminate\\Database\\Connection->runQueryCallback('insert into `ab...', Array, Object(Closure))
#3 D:\\laragon\\www\\rekap\\vendor\\laravel\\framework\\src\\Illuminate\\Database\\MySqlConnection.php(42): Illuminate\\Database\\Connection->run('insert into `ab...', Array, Object(Closure))
#4 D:\\laragon\\www\\rekap\\vendor\\laravel\\framework\\src\\Illuminate\\Database\\Query\\Processors\\MySqlProcessor.php(35): Illuminate\\Database\\MySqlConnection->insert('insert into `ab...', Array, 'id')
#5 D:\\laragon\\www\\rekap\\vendor\\laravel\\framework\\src\\Illuminate\\Database\\Query\\Builder.php(3769): Illuminate\\Database\\Query\\Processors\\MySqlProcessor->processInsertGetId(Object(Illuminate\\Database\\Query\\Builder), 'insert into `ab...', Array, 'id')
#6 D:\\laragon\\www\\rekap\\vendor\\laravel\\framework\\src\\Illuminate\\Database\\Eloquent\\Builder.php(2204): Illuminate\\Database\\Query\\Builder->insertGetId(Array, 'id')
#7 D:\\laragon\\www\\rekap\\vendor\\laravel\\framework\\src\\Illuminate\\Database\\Eloquent\\Model.php(1408): Illuminate\\Database\\Eloquent\\Builder->__call('insertGetId', Array)
#8 D:\\laragon\\www\\rekap\\vendor\\laravel\\framework\\src\\Illuminate\\Database\\Eloquent\\Model.php(1373): Illuminate\\Database\\Eloquent\\Model->insertAndSetId(Object(Illuminate\\Database\\Eloquent\\Builder), Array)
#9 D:\\laragon\\www\\rekap\\vendor\\laravel\\framework\\src\\Illuminate\\Database\\Eloquent\\Model.php(1212): Illuminate\\Database\\Eloquent\\Model->performInsert(Object(Illuminate\\Database\\Eloquent\\Builder))
#10 D:\\laragon\\www\\rekap\\vendor\\laravel\\framework\\src\\Illuminate\\Database\\Eloquent\\Builder.php(1188): Illuminate\\Database\\Eloquent\\Model->save()
#11 D:\\laragon\\www\\rekap\\vendor\\laravel\\framework\\src\\Illuminate\\Support\\helpers.php(399): Illuminate\\Database\\Eloquent\\Builder->Illuminate\\Database\\Eloquent\\{closure}(Object(App\\Models\\Absensi))
#12 D:\\laragon\\www\\rekap\\vendor\\laravel\\framework\\src\\Illuminate\\Database\\Eloquent\\Builder.php(1187): tap(Object(App\\Models\\Absensi), Object(Closure))
#13 D:\\laragon\\www\\rekap\\vendor\\laravel\\framework\\src\\Illuminate\\Support\\Traits\\ForwardsCalls.php(23): Illuminate\\Database\\Eloquent\\Builder->create(Array)
#14 D:\\laragon\\www\\rekap\\vendor\\laravel\\framework\\src\\Illuminate\\Database\\Eloquent\\Model.php(2449): Illuminate\\Database\\Eloquent\\Model->forwardCallTo(Object(Illuminate\\Database\\Eloquent\\Builder), 'create', Array)
#15 D:\\laragon\\www\\rekap\\vendor\\laravel\\framework\\src\\Illuminate\\Database\\Eloquent\\Model.php(2465): Illuminate\\Database\\Eloquent\\Model->__call('create', Array)
#16 D:\\laragon\\www\\rekap\\app\\Http\\Controllers\\AbsensiController.php(104): Illuminate\\Database\\Eloquent\\Model::__callStatic('create', Array)
#17 D:\\laragon\\www\\rekap\\vendor\\laravel\\framework\\src\\Illuminate\\Routing\\ControllerDispatcher.php(46): App\\Http\\Controllers\\AbsensiController->store(Object(Illuminate\\Http\\Request))
#18 D:\\laragon\\www\\rekap\\vendor\\laravel\\framework\\src\\Illuminate\\Routing\\Route.php(265): Illuminate\\Routing\\ControllerDispatcher->dispatch(Object(Illuminate\\Routing\\Route), Object(App\\Http\\Controllers\\AbsensiController), 'store')
#19 D:\\laragon\\www\\rekap\\vendor\\laravel\\framework\\src\\Illuminate\\Routing\\Route.php(211): Illuminate\\Routing\\Route->runController()
#20 D:\\laragon\\www\\rekap\\vendor\\laravel\\framework\\src\\Illuminate\\Routing\\Router.php(808): Illuminate\\Routing\\Route->run()
#21 D:\\laragon\\www\\rekap\\vendor\\laravel\\framework\\src\\Illuminate\\Pipeline\\Pipeline.php(169): Illuminate\\Routing\\Router->Illuminate\\Routing\\{closure}(Object(Illuminate\\Http\\Request))
#22 D:\\laragon\\www\\rekap\\vendor\\laravel\\framework\\src\\Illuminate\\Routing\\Middleware\\SubstituteBindings.php(50): Illuminate\\Pipeline\\Pipeline->Illuminate\\Pipeline\\{closure}(Object(Illuminate\\Http\\Request))
#23 D:\\laragon\\www\\rekap\\vendor\\laravel\\framework\\src\\Illuminate\\Pipeline\\Pipeline.php(208): Illuminate\\Routing\\Middleware\\SubstituteBindings->handle(Object(Illuminate\\Http\\Request), Object(Closure))
#24 D:\\laragon\\www\\rekap\\vendor\\laravel\\framework\\src\\Illuminate\\Foundation\\Http\\Middleware\\VerifyCsrfToken.php(87): Illuminate\\Pipeline\\Pipeline->Illuminate\\Pipeline\\{closure}(Object(Illuminate\\Http\\Request))
#25 D:\\laragon\\www\\rekap\\vendor\\laravel\\framework\\src\\Illuminate\\Pipeline\\Pipeline.php(208): Illuminate\\Foundation\\Http\\Middleware\\VerifyCsrfToken->handle(Object(Illuminate\\Http\\Request), Object(Closure))
#26 D:\\laragon\\www\\rekap\\vendor\\laravel\\framework\\src\\Illuminate\\View\\Middleware\\ShareErrorsFromSession.php(48): Illuminate\\Pipeline\\Pipeline->Illuminate\\Pipeline\\{closure}(Object(Illuminate\\Http\\Request))
#27 D:\\laragon\\www\\rekap\\vendor\\laravel\\framework\\src\\Illuminate\\Pipeline\\Pipeline.php(208): Illuminate\\View\\Middleware\\ShareErrorsFromSession->handle(Object(Illuminate\\Http\\Request), Object(Closure))
#28 D:\\laragon\\www\\rekap\\vendor\\laravel\\framework\\src\\Illuminate\\Session\\Middleware\\StartSession.php(120): Illuminate\\Pipeline\\Pipeline->Illuminate\\Pipeline\\{closure}(Object(Illuminate\\Http\\Request))
#29 D:\\laragon\\www\\rekap\\vendor\\laravel\\framework\\src\\Illuminate\\Session\\Middleware\\StartSession.php(63): Illuminate\\Session\\Middleware\\StartSession->handleStatefulRequest(Object(Illuminate\\Http\\Request), Object(Illuminate\\Session\\Store), Object(Closure))
#30 D:\\laragon\\www\\rekap\\vendor\\laravel\\framework\\src\\Illuminate\\Pipeline\\Pipeline.php(208): Illuminate\\Session\\Middleware\\StartSession->handle(Object(Illuminate\\Http\\Request), Object(Closure))
#31 D:\\laragon\\www\\rekap\\vendor\\laravel\\framework\\src\\Illuminate\\Cookie\\Middleware\\AddQueuedCookiesToResponse.php(36): Illuminate\\Pipeline\\Pipeline->Illuminate\\Pipeline\\{closure}(Object(Illuminate\\Http\\Request))
#32 D:\\laragon\\www\\rekap\\vendor\\laravel\\framework\\src\\Illuminate\\Pipeline\\Pipeline.php(208): Illuminate\\Cookie\\Middleware\\AddQueuedCookiesToResponse->handle(Object(Illuminate\\Http\\Request), Object(Closure))
#33 D:\\laragon\\www\\rekap\\vendor\\laravel\\framework\\src\\Illuminate\\Cookie\\Middleware\\EncryptCookies.php(74): Illuminate\\Pipeline\\Pipeline->Illuminate\\Pipeline\\{closure}(Object(Illuminate\\Http\\Request))
#34 D:\\laragon\\www\\rekap\\vendor\\laravel\\framework\\src\\Illuminate\\Pipeline\\Pipeline.php(208): Illuminate\\Cookie\\Middleware\\EncryptCookies->handle(Object(Illuminate\\Http\\Request), Object(Closure))
#35 D:\\laragon\\www\\rekap\\vendor\\laravel\\framework\\src\\Illuminate\\Pipeline\\Pipeline.php(126): Illuminate\\Pipeline\\Pipeline->Illuminate\\Pipeline\\{closure}(Object(Illuminate\\Http\\Request))
#36 D:\\laragon\\www\\rekap\\vendor\\laravel\\framework\\src\\Illuminate\\Routing\\Router.php(807): Illuminate\\Pipeline\\Pipeline->then(Object(Closure))
#37 D:\\laragon\\www\\rekap\\vendor\\laravel\\framework\\src\\Illuminate\\Routing\\Router.php(786): Illuminate\\Routing\\Router->runRouteWithinStack(Object(Illuminate\\Routing\\Route), Object(Illuminate\\Http\\Request))
#38 D:\\laragon\\www\\rekap\\vendor\\laravel\\framework\\src\\Illuminate\\Routing\\Router.php(750): Illuminate\\Routing\\Router->runRoute(Object(Illuminate\\Http\\Request), Object(Illuminate\\Routing\\Route))
#39 D:\\laragon\\www\\rekap\\vendor\\laravel\\framework\\src\\Illuminate\\Routing\\Router.php(739): Illuminate\\Routing\\Router->dispatchToRoute(Object(Illuminate\\Http\\Request))
#40 D:\\laragon\\www\\rekap\\vendor\\laravel\\framework\\src\\Illuminate\\Foundation\\Http\\Kernel.php(200): Illuminate\\Routing\\Router->dispatch(Object(Illuminate\\Http\\Request))
#41 D:\\laragon\\www\\rekap\\vendor\\laravel\\framework\\src\\Illuminate\\Pipeline\\Pipeline.php(169): Illuminate\\Foundation\\Http\\Kernel->Illuminate\\Foundation\\Http\\{closure}(Object(Illuminate\\Http\\Request))
#42 D:\\laragon\\www\\rekap\\vendor\\laravel\\framework\\src\\Illuminate\\Foundation\\Http\\Middleware\\TransformsRequest.php(21): Illuminate\\Pipeline\\Pipeline->Illuminate\\Pipeline\\{closure}(Object(Illuminate\\Http\\Request))
#43 D:\\laragon\\www\\rekap\\vendor\\laravel\\framework\\src\\Illuminate\\Foundation\\Http\\Middleware\\ConvertEmptyStringsToNull.php(31): Illuminate\\Foundation\\Http\\Middleware\\TransformsRequest->handle(Object(Illuminate\\Http\\Request), Object(Closure))
#44 D:\\laragon\\www\\rekap\\vendor\\laravel\\framework\\src\\Illuminate\\Pipeline\\Pipeline.php(208): Illuminate\\Foundation\\Http\\Middleware\\ConvertEmptyStringsToNull->handle(Object(Illuminate\\Http\\Request), Object(Closure))
#45 D:\\laragon\\www\\rekap\\vendor\\laravel\\framework\\src\\Illuminate\\Foundation\\Http\\Middleware\\TransformsRequest.php(21): Illuminate\\Pipeline\\Pipeline->Illuminate\\Pipeline\\{closure}(Object(Illuminate\\Http\\Request))
#46 D:\\laragon\\www\\rekap\\vendor\\laravel\\framework\\src\\Illuminate\\Foundation\\Http\\Middleware\\TrimStrings.php(51): Illuminate\\Foundation\\Http\\Middleware\\TransformsRequest->handle(Object(Illuminate\\Http\\Request), Object(Closure))
#47 D:\\laragon\\www\\rekap\\vendor\\laravel\\framework\\src\\Illuminate\\Pipeline\\Pipeline.php(208): Illuminate\\Foundation\\Http\\Middleware\\TrimStrings->handle(Object(Illuminate\\Http\\Request), Object(Closure))
#48 D:\\laragon\\www\\rekap\\vendor\\laravel\\framework\\src\\Illuminate\\Http\\Middleware\\ValidatePostSize.php(27): Illuminate\\Pipeline\\Pipeline->Illuminate\\Pipeline\\{closure}(Object(Illuminate\\Http\\Request))
#49 D:\\laragon\\www\\rekap\\vendor\\laravel\\framework\\src\\Illuminate\\Pipeline\\Pipeline.php(208): Illuminate\\Http\\Middleware\\ValidatePostSize->handle(Object(Illuminate\\Http\\Request), Object(Closure))
#50 D:\\laragon\\www\\rekap\\vendor\\laravel\\framework\\src\\Illuminate\\Foundation\\Http\\Middleware\\PreventRequestsDuringMaintenance.php(109): Illuminate\\Pipeline\\Pipeline->Illuminate\\Pipeline\\{closure}(Object(Illuminate\\Http\\Request))
#51 D:\\laragon\\www\\rekap\\vendor\\laravel\\framework\\src\\Illuminate\\Pipeline\\Pipeline.php(208): Illuminate\\Foundation\\Http\\Middleware\\PreventRequestsDuringMaintenance->handle(Object(Illuminate\\Http\\Request), Object(Closure))
#52 D:\\laragon\\www\\rekap\\vendor\\laravel\\framework\\src\\Illuminate\\Http\\Middleware\\HandleCors.php(48): Illuminate\\Pipeline\\Pipeline->Illuminate\\Pipeline\\{closure}(Object(Illuminate\\Http\\Request))
#53 D:\\laragon\\www\\rekap\\vendor\\laravel\\framework\\src\\Illuminate\\Pipeline\\Pipeline.php(208): Illuminate\\Http\\Middleware\\HandleCors->handle(Object(Illuminate\\Http\\Request), Object(Closure))
#54 D:\\laragon\\www\\rekap\\vendor\\laravel\\framework\\src\\Illuminate\\Http\\Middleware\\TrustProxies.php(58): Illuminate\\Pipeline\\Pipeline->Illuminate\\Pipeline\\{closure}(Object(Illuminate\\Http\\Request))
#55 D:\\laragon\\www\\rekap\\vendor\\laravel\\framework\\src\\Illuminate\\Pipeline\\Pipeline.php(208): Illuminate\\Http\\Middleware\\TrustProxies->handle(Object(Illuminate\\Http\\Request), Object(Closure))
#56 D:\\laragon\\www\\rekap\\vendor\\laravel\\framework\\src\\Illuminate\\Foundation\\Http\\Middleware\\InvokeDeferredCallbacks.php(22): Illuminate\\Pipeline\\Pipeline->Illuminate\\Pipeline\\{closure}(Object(Illuminate\\Http\\Request))
#57 D:\\laragon\\www\\rekap\\vendor\\laravel\\framework\\src\\Illuminate\\Pipeline\\Pipeline.php(208): Illuminate\\Foundation\\Http\\Middleware\\InvokeDeferredCallbacks->handle(Object(Illuminate\\Http\\Request), Object(Closure))
#58 D:\\laragon\\www\\rekap\\vendor\\laravel\\framework\\src\\Illuminate\\Http\\Middleware\\ValidatePathEncoding.php(26): Illuminate\\Pipeline\\Pipeline->Illuminate\\Pipeline\\{closure}(Object(Illuminate\\Http\\Request))
#59 D:\\laragon\\www\\rekap\\vendor\\laravel\\framework\\src\\Illuminate\\Pipeline\\Pipeline.php(208): Illuminate\\Http\\Middleware\\ValidatePathEncoding->handle(Object(Illuminate\\Http\\Request), Object(Closure))
#60 D:\\laragon\\www\\rekap\\vendor\\laravel\\framework\\src\\Illuminate\\Pipeline\\Pipeline.php(126): Illuminate\\Pipeline\\Pipeline->Illuminate\\Pipeline\\{closure}(Object(Illuminate\\Http\\Request))
#61 D:\\laragon\\www\\rekap\\vendor\\laravel\\framework\\src\\Illuminate\\Foundation\\Http\\Kernel.php(175): Illuminate\\Pipeline\\Pipeline->then(Object(Closure))
#62 D:\\laragon\\www\\rekap\\vendor\\laravel\\framework\\src\\Illuminate\\Foundation\\Http\\Kernel.php(144): Illuminate\\Foundation\\Http\\Kernel->sendRequestThroughRouter(Object(Illuminate\\Http\\Request))
#63 D:\\laragon\\www\\rekap\\vendor\\laravel\\framework\\src\\Illuminate\\Foundation\\Application.php(1219): Illuminate\\Foundation\\Http\\Kernel->handle(Object(Illuminate\\Http\\Request))
#64 D:\\laragon\\www\\rekap\\public\\index.php(20): Illuminate\\Foundation\\Application->handleRequest(Object(Illuminate\\Http\\Request))
#65 D:\\laragon\\www\\rekap\\vendor\\laravel\\framework\\src\\Illuminate\\Foundation\\resources\\server.php(23): require_once('D:\\\\laragon\\\\www\\\\...')
#66 {main}
"} 
[2025-07-04 02:09:32] local.ERROR: Call to undefined method App\Http\Controllers\AbsensiController::formUpload() {"exception":"[object] (Error(code: 0): Call to undefined method App\\Http\\Controllers\\AbsensiController::formUpload() at C:\\shuriza\\rekap\\rekap\\vendor\\laravel\\framework\\src\\Illuminate\\Routing\\ControllerDispatcher.php:46)
[stacktrace]
#0 C:\\shuriza\\rekap\\rekap\\vendor\\laravel\\framework\\src\\Illuminate\\Routing\\Route.php(265): Illuminate\\Routing\\ControllerDispatcher->dispatch(Object(Illuminate\\Routing\\Route), Object(App\\Http\\Controllers\\AbsensiController), 'formUpload')
#1 C:\\shuriza\\rekap\\rekap\\vendor\\laravel\\framework\\src\\Illuminate\\Routing\\Route.php(211): Illuminate\\Routing\\Route->runController()
#2 C:\\shuriza\\rekap\\rekap\\vendor\\laravel\\framework\\src\\Illuminate\\Routing\\Router.php(808): Illuminate\\Routing\\Route->run()
#3 C:\\shuriza\\rekap\\rekap\\vendor\\laravel\\framework\\src\\Illuminate\\Pipeline\\Pipeline.php(169): Illuminate\\Routing\\Router->Illuminate\\Routing\\{closure}(Object(Illuminate\\Http\\Request))
#4 C:\\shuriza\\rekap\\rekap\\vendor\\laravel\\framework\\src\\Illuminate\\Routing\\Middleware\\SubstituteBindings.php(50): Illuminate\\Pipeline\\Pipeline->Illuminate\\Pipeline\\{closure}(Object(Illuminate\\Http\\Request))
#5 C:\\shuriza\\rekap\\rekap\\vendor\\laravel\\framework\\src\\Illuminate\\Pipeline\\Pipeline.php(208): Illuminate\\Routing\\Middleware\\SubstituteBindings->handle(Object(Illuminate\\Http\\Request), Object(Closure))
#6 C:\\shuriza\\rekap\\rekap\\vendor\\laravel\\framework\\src\\Illuminate\\Foundation\\Http\\Middleware\\VerifyCsrfToken.php(87): Illuminate\\Pipeline\\Pipeline->Illuminate\\Pipeline\\{closure}(Object(Illuminate\\Http\\Request))
#7 C:\\shuriza\\rekap\\rekap\\vendor\\laravel\\framework\\src\\Illuminate\\Pipeline\\Pipeline.php(208): Illuminate\\Foundation\\Http\\Middleware\\VerifyCsrfToken->handle(Object(Illuminate\\Http\\Request), Object(Closure))
#8 C:\\shuriza\\rekap\\rekap\\vendor\\laravel\\framework\\src\\Illuminate\\View\\Middleware\\ShareErrorsFromSession.php(48): Illuminate\\Pipeline\\Pipeline->Illuminate\\Pipeline\\{closure}(Object(Illuminate\\Http\\Request))
#9 C:\\shuriza\\rekap\\rekap\\vendor\\laravel\\framework\\src\\Illuminate\\Pipeline\\Pipeline.php(208): Illuminate\\View\\Middleware\\ShareErrorsFromSession->handle(Object(Illuminate\\Http\\Request), Object(Closure))
#10 C:\\shuriza\\rekap\\rekap\\vendor\\laravel\\framework\\src\\Illuminate\\Session\\Middleware\\StartSession.php(120): Illuminate\\Pipeline\\Pipeline->Illuminate\\Pipeline\\{closure}(Object(Illuminate\\Http\\Request))
#11 C:\\shuriza\\rekap\\rekap\\vendor\\laravel\\framework\\src\\Illuminate\\Session\\Middleware\\StartSession.php(63): Illuminate\\Session\\Middleware\\StartSession->handleStatefulRequest(Object(Illuminate\\Http\\Request), Object(Illuminate\\Session\\Store), Object(Closure))
#12 C:\\shuriza\\rekap\\rekap\\vendor\\laravel\\framework\\src\\Illuminate\\Pipeline\\Pipeline.php(208): Illuminate\\Session\\Middleware\\StartSession->handle(Object(Illuminate\\Http\\Request), Object(Closure))
#13 C:\\shuriza\\rekap\\rekap\\vendor\\laravel\\framework\\src\\Illuminate\\Cookie\\Middleware\\AddQueuedCookiesToResponse.php(36): Illuminate\\Pipeline\\Pipeline->Illuminate\\Pipeline\\{closure}(Object(Illuminate\\Http\\Request))
#14 C:\\shuriza\\rekap\\rekap\\vendor\\laravel\\framework\\src\\Illuminate\\Pipeline\\Pipeline.php(208): Illuminate\\Cookie\\Middleware\\AddQueuedCookiesToResponse->handle(Object(Illuminate\\Http\\Request), Object(Closure))
#15 C:\\shuriza\\rekap\\rekap\\vendor\\laravel\\framework\\src\\Illuminate\\Cookie\\Middleware\\EncryptCookies.php(74): Illuminate\\Pipeline\\Pipeline->Illuminate\\Pipeline\\{closure}(Object(Illuminate\\Http\\Request))
#16 C:\\shuriza\\rekap\\rekap\\vendor\\laravel\\framework\\src\\Illuminate\\Pipeline\\Pipeline.php(208): Illuminate\\Cookie\\Middleware\\EncryptCookies->handle(Object(Illuminate\\Http\\Request), Object(Closure))
#17 C:\\shuriza\\rekap\\rekap\\vendor\\laravel\\framework\\src\\Illuminate\\Pipeline\\Pipeline.php(126): Illuminate\\Pipeline\\Pipeline->Illuminate\\Pipeline\\{closure}(Object(Illuminate\\Http\\Request))
#18 C:\\shuriza\\rekap\\rekap\\vendor\\laravel\\framework\\src\\Illuminate\\Routing\\Router.php(807): Illuminate\\Pipeline\\Pipeline->then(Object(Closure))
#19 C:\\shuriza\\rekap\\rekap\\vendor\\laravel\\framework\\src\\Illuminate\\Routing\\Router.php(786): Illuminate\\Routing\\Router->runRouteWithinStack(Object(Illuminate\\Routing\\Route), Object(Illuminate\\Http\\Request))
#20 C:\\shuriza\\rekap\\rekap\\vendor\\laravel\\framework\\src\\Illuminate\\Routing\\Router.php(750): Illuminate\\Routing\\Router->runRoute(Object(Illuminate\\Http\\Request), Object(Illuminate\\Routing\\Route))
#21 C:\\shuriza\\rekap\\rekap\\vendor\\laravel\\framework\\src\\Illuminate\\Routing\\Router.php(739): Illuminate\\Routing\\Router->dispatchToRoute(Object(Illuminate\\Http\\Request))
#22 C:\\shuriza\\rekap\\rekap\\vendor\\laravel\\framework\\src\\Illuminate\\Foundation\\Http\\Kernel.php(200): Illuminate\\Routing\\Router->dispatch(Object(Illuminate\\Http\\Request))
#23 C:\\shuriza\\rekap\\rekap\\vendor\\laravel\\framework\\src\\Illuminate\\Pipeline\\Pipeline.php(169): Illuminate\\Foundation\\Http\\Kernel->Illuminate\\Foundation\\Http\\{closure}(Object(Illuminate\\Http\\Request))
#24 C:\\shuriza\\rekap\\rekap\\vendor\\laravel\\framework\\src\\Illuminate\\Foundation\\Http\\Middleware\\TransformsRequest.php(21): Illuminate\\Pipeline\\Pipeline->Illuminate\\Pipeline\\{closure}(Object(Illuminate\\Http\\Request))
#25 C:\\shuriza\\rekap\\rekap\\vendor\\laravel\\framework\\src\\Illuminate\\Foundation\\Http\\Middleware\\ConvertEmptyStringsToNull.php(31): Illuminate\\Foundation\\Http\\Middleware\\TransformsRequest->handle(Object(Illuminate\\Http\\Request), Object(Closure))
#26 C:\\shuriza\\rekap\\rekap\\vendor\\laravel\\framework\\src\\Illuminate\\Pipeline\\Pipeline.php(208): Illuminate\\Foundation\\Http\\Middleware\\ConvertEmptyStringsToNull->handle(Object(Illuminate\\Http\\Request), Object(Closure))
#27 C:\\shuriza\\rekap\\rekap\\vendor\\laravel\\framework\\src\\Illuminate\\Foundation\\Http\\Middleware\\TransformsRequest.php(21): Illuminate\\Pipeline\\Pipeline->Illuminate\\Pipeline\\{closure}(Object(Illuminate\\Http\\Request))
#28 C:\\shuriza\\rekap\\rekap\\vendor\\laravel\\framework\\src\\Illuminate\\Foundation\\Http\\Middleware\\TrimStrings.php(51): Illuminate\\Foundation\\Http\\Middleware\\TransformsRequest->handle(Object(Illuminate\\Http\\Request), Object(Closure))
#29 C:\\shuriza\\rekap\\rekap\\vendor\\laravel\\framework\\src\\Illuminate\\Pipeline\\Pipeline.php(208): Illuminate\\Foundation\\Http\\Middleware\\TrimStrings->handle(Object(Illuminate\\Http\\Request), Object(Closure))
#30 C:\\shuriza\\rekap\\rekap\\vendor\\laravel\\framework\\src\\Illuminate\\Http\\Middleware\\ValidatePostSize.php(27): Illuminate\\Pipeline\\Pipeline->Illuminate\\Pipeline\\{closure}(Object(Illuminate\\Http\\Request))
#31 C:\\shuriza\\rekap\\rekap\\vendor\\laravel\\framework\\src\\Illuminate\\Pipeline\\Pipeline.php(208): Illuminate\\Http\\Middleware\\ValidatePostSize->handle(Object(Illuminate\\Http\\Request), Object(Closure))
#32 C:\\shuriza\\rekap\\rekap\\vendor\\laravel\\framework\\src\\Illuminate\\Foundation\\Http\\Middleware\\PreventRequestsDuringMaintenance.php(109): Illuminate\\Pipeline\\Pipeline->Illuminate\\Pipeline\\{closure}(Object(Illuminate\\Http\\Request))
#33 C:\\shuriza\\rekap\\rekap\\vendor\\laravel\\framework\\src\\Illuminate\\Pipeline\\Pipeline.php(208): Illuminate\\Foundation\\Http\\Middleware\\PreventRequestsDuringMaintenance->handle(Object(Illuminate\\Http\\Request), Object(Closure))
#34 C:\\shuriza\\rekap\\rekap\\vendor\\laravel\\framework\\src\\Illuminate\\Http\\Middleware\\HandleCors.php(48): Illuminate\\Pipeline\\Pipeline->Illuminate\\Pipeline\\{closure}(Object(Illuminate\\Http\\Request))
#35 C:\\shuriza\\rekap\\rekap\\vendor\\laravel\\framework\\src\\Illuminate\\Pipeline\\Pipeline.php(208): Illuminate\\Http\\Middleware\\HandleCors->handle(Object(Illuminate\\Http\\Request), Object(Closure))
#36 C:\\shuriza\\rekap\\rekap\\vendor\\laravel\\framework\\src\\Illuminate\\Http\\Middleware\\TrustProxies.php(58): Illuminate\\Pipeline\\Pipeline->Illuminate\\Pipeline\\{closure}(Object(Illuminate\\Http\\Request))
#37 C:\\shuriza\\rekap\\rekap\\vendor\\laravel\\framework\\src\\Illuminate\\Pipeline\\Pipeline.php(208): Illuminate\\Http\\Middleware\\TrustProxies->handle(Object(Illuminate\\Http\\Request), Object(Closure))
#38 C:\\shuriza\\rekap\\rekap\\vendor\\laravel\\framework\\src\\Illuminate\\Foundation\\Http\\Middleware\\InvokeDeferredCallbacks.php(22): Illuminate\\Pipeline\\Pipeline->Illuminate\\Pipeline\\{closure}(Object(Illuminate\\Http\\Request))
#39 C:\\shuriza\\rekap\\rekap\\vendor\\laravel\\framework\\src\\Illuminate\\Pipeline\\Pipeline.php(208): Illuminate\\Foundation\\Http\\Middleware\\InvokeDeferredCallbacks->handle(Object(Illuminate\\Http\\Request), Object(Closure))
#40 C:\\shuriza\\rekap\\rekap\\vendor\\laravel\\framework\\src\\Illuminate\\Http\\Middleware\\ValidatePathEncoding.php(26): Illuminate\\Pipeline\\Pipeline->Illuminate\\Pipeline\\{closure}(Object(Illuminate\\Http\\Request))
#41 C:\\shuriza\\rekap\\rekap\\vendor\\laravel\\framework\\src\\Illuminate\\Pipeline\\Pipeline.php(208): Illuminate\\Http\\Middleware\\ValidatePathEncoding->handle(Object(Illuminate\\Http\\Request), Object(Closure))
#42 C:\\shuriza\\rekap\\rekap\\vendor\\laravel\\framework\\src\\Illuminate\\Pipeline\\Pipeline.php(126): Illuminate\\Pipeline\\Pipeline->Illuminate\\Pipeline\\{closure}(Object(Illuminate\\Http\\Request))
#43 C:\\shuriza\\rekap\\rekap\\vendor\\laravel\\framework\\src\\Illuminate\\Foundation\\Http\\Kernel.php(175): Illuminate\\Pipeline\\Pipeline->then(Object(Closure))
#44 C:\\shuriza\\rekap\\rekap\\vendor\\laravel\\framework\\src\\Illuminate\\Foundation\\Http\\Kernel.php(144): Illuminate\\Foundation\\Http\\Kernel->sendRequestThroughRouter(Object(Illuminate\\Http\\Request))
#45 C:\\shuriza\\rekap\\rekap\\vendor\\laravel\\framework\\src\\Illuminate\\Foundation\\Application.php(1219): Illuminate\\Foundation\\Http\\Kernel->handle(Object(Illuminate\\Http\\Request))
#46 C:\\shuriza\\rekap\\rekap\\public\\index.php(20): Illuminate\\Foundation\\Application->handleRequest(Object(Illuminate\\Http\\Request))
#47 C:\\shuriza\\rekap\\rekap\\vendor\\laravel\\framework\\src\\Illuminate\\Foundation\\resources\\server.php(23): require_once('C:\\\\shuriza\\\\reka...')
#48 {main}
"} 
[2025-07-04 02:13:41] local.ERROR: Call to undefined method App\Http\Controllers\AbsensiController::formUpload() {"exception":"[object] (Error(code: 0): Call to undefined method App\\Http\\Controllers\\AbsensiController::formUpload() at C:\\shuriza\\rekap\\rekap\\vendor\\laravel\\framework\\src\\Illuminate\\Routing\\ControllerDispatcher.php:46)
[stacktrace]
#0 C:\\shuriza\\rekap\\rekap\\vendor\\laravel\\framework\\src\\Illuminate\\Routing\\Route.php(265): Illuminate\\Routing\\ControllerDispatcher->dispatch(Object(Illuminate\\Routing\\Route), Object(App\\Http\\Controllers\\AbsensiController), 'formUpload')
#1 C:\\shuriza\\rekap\\rekap\\vendor\\laravel\\framework\\src\\Illuminate\\Routing\\Route.php(211): Illuminate\\Routing\\Route->runController()
#2 C:\\shuriza\\rekap\\rekap\\vendor\\laravel\\framework\\src\\Illuminate\\Routing\\Router.php(808): Illuminate\\Routing\\Route->run()
#3 C:\\shuriza\\rekap\\rekap\\vendor\\laravel\\framework\\src\\Illuminate\\Pipeline\\Pipeline.php(169): Illuminate\\Routing\\Router->Illuminate\\Routing\\{closure}(Object(Illuminate\\Http\\Request))
#4 C:\\shuriza\\rekap\\rekap\\vendor\\laravel\\framework\\src\\Illuminate\\Routing\\Middleware\\SubstituteBindings.php(50): Illuminate\\Pipeline\\Pipeline->Illuminate\\Pipeline\\{closure}(Object(Illuminate\\Http\\Request))
#5 C:\\shuriza\\rekap\\rekap\\vendor\\laravel\\framework\\src\\Illuminate\\Pipeline\\Pipeline.php(208): Illuminate\\Routing\\Middleware\\SubstituteBindings->handle(Object(Illuminate\\Http\\Request), Object(Closure))
#6 C:\\shuriza\\rekap\\rekap\\vendor\\laravel\\framework\\src\\Illuminate\\Foundation\\Http\\Middleware\\VerifyCsrfToken.php(87): Illuminate\\Pipeline\\Pipeline->Illuminate\\Pipeline\\{closure}(Object(Illuminate\\Http\\Request))
#7 C:\\shuriza\\rekap\\rekap\\vendor\\laravel\\framework\\src\\Illuminate\\Pipeline\\Pipeline.php(208): Illuminate\\Foundation\\Http\\Middleware\\VerifyCsrfToken->handle(Object(Illuminate\\Http\\Request), Object(Closure))
#8 C:\\shuriza\\rekap\\rekap\\vendor\\laravel\\framework\\src\\Illuminate\\View\\Middleware\\ShareErrorsFromSession.php(48): Illuminate\\Pipeline\\Pipeline->Illuminate\\Pipeline\\{closure}(Object(Illuminate\\Http\\Request))
#9 C:\\shuriza\\rekap\\rekap\\vendor\\laravel\\framework\\src\\Illuminate\\Pipeline\\Pipeline.php(208): Illuminate\\View\\Middleware\\ShareErrorsFromSession->handle(Object(Illuminate\\Http\\Request), Object(Closure))
#10 C:\\shuriza\\rekap\\rekap\\vendor\\laravel\\framework\\src\\Illuminate\\Session\\Middleware\\StartSession.php(120): Illuminate\\Pipeline\\Pipeline->Illuminate\\Pipeline\\{closure}(Object(Illuminate\\Http\\Request))
#11 C:\\shuriza\\rekap\\rekap\\vendor\\laravel\\framework\\src\\Illuminate\\Session\\Middleware\\StartSession.php(63): Illuminate\\Session\\Middleware\\StartSession->handleStatefulRequest(Object(Illuminate\\Http\\Request), Object(Illuminate\\Session\\Store), Object(Closure))
#12 C:\\shuriza\\rekap\\rekap\\vendor\\laravel\\framework\\src\\Illuminate\\Pipeline\\Pipeline.php(208): Illuminate\\Session\\Middleware\\StartSession->handle(Object(Illuminate\\Http\\Request), Object(Closure))
#13 C:\\shuriza\\rekap\\rekap\\vendor\\laravel\\framework\\src\\Illuminate\\Cookie\\Middleware\\AddQueuedCookiesToResponse.php(36): Illuminate\\Pipeline\\Pipeline->Illuminate\\Pipeline\\{closure}(Object(Illuminate\\Http\\Request))
#14 C:\\shuriza\\rekap\\rekap\\vendor\\laravel\\framework\\src\\Illuminate\\Pipeline\\Pipeline.php(208): Illuminate\\Cookie\\Middleware\\AddQueuedCookiesToResponse->handle(Object(Illuminate\\Http\\Request), Object(Closure))
#15 C:\\shuriza\\rekap\\rekap\\vendor\\laravel\\framework\\src\\Illuminate\\Cookie\\Middleware\\EncryptCookies.php(74): Illuminate\\Pipeline\\Pipeline->Illuminate\\Pipeline\\{closure}(Object(Illuminate\\Http\\Request))
#16 C:\\shuriza\\rekap\\rekap\\vendor\\laravel\\framework\\src\\Illuminate\\Pipeline\\Pipeline.php(208): Illuminate\\Cookie\\Middleware\\EncryptCookies->handle(Object(Illuminate\\Http\\Request), Object(Closure))
#17 C:\\shuriza\\rekap\\rekap\\vendor\\laravel\\framework\\src\\Illuminate\\Pipeline\\Pipeline.php(126): Illuminate\\Pipeline\\Pipeline->Illuminate\\Pipeline\\{closure}(Object(Illuminate\\Http\\Request))
#18 C:\\shuriza\\rekap\\rekap\\vendor\\laravel\\framework\\src\\Illuminate\\Routing\\Router.php(807): Illuminate\\Pipeline\\Pipeline->then(Object(Closure))
#19 C:\\shuriza\\rekap\\rekap\\vendor\\laravel\\framework\\src\\Illuminate\\Routing\\Router.php(786): Illuminate\\Routing\\Router->runRouteWithinStack(Object(Illuminate\\Routing\\Route), Object(Illuminate\\Http\\Request))
#20 C:\\shuriza\\rekap\\rekap\\vendor\\laravel\\framework\\src\\Illuminate\\Routing\\Router.php(750): Illuminate\\Routing\\Router->runRoute(Object(Illuminate\\Http\\Request), Object(Illuminate\\Routing\\Route))
#21 C:\\shuriza\\rekap\\rekap\\vendor\\laravel\\framework\\src\\Illuminate\\Routing\\Router.php(739): Illuminate\\Routing\\Router->dispatchToRoute(Object(Illuminate\\Http\\Request))
#22 C:\\shuriza\\rekap\\rekap\\vendor\\laravel\\framework\\src\\Illuminate\\Foundation\\Http\\Kernel.php(200): Illuminate\\Routing\\Router->dispatch(Object(Illuminate\\Http\\Request))
#23 C:\\shuriza\\rekap\\rekap\\vendor\\laravel\\framework\\src\\Illuminate\\Pipeline\\Pipeline.php(169): Illuminate\\Foundation\\Http\\Kernel->Illuminate\\Foundation\\Http\\{closure}(Object(Illuminate\\Http\\Request))
#24 C:\\shuriza\\rekap\\rekap\\vendor\\laravel\\framework\\src\\Illuminate\\Foundation\\Http\\Middleware\\TransformsRequest.php(21): Illuminate\\Pipeline\\Pipeline->Illuminate\\Pipeline\\{closure}(Object(Illuminate\\Http\\Request))
#25 C:\\shuriza\\rekap\\rekap\\vendor\\laravel\\framework\\src\\Illuminate\\Foundation\\Http\\Middleware\\ConvertEmptyStringsToNull.php(31): Illuminate\\Foundation\\Http\\Middleware\\TransformsRequest->handle(Object(Illuminate\\Http\\Request), Object(Closure))
#26 C:\\shuriza\\rekap\\rekap\\vendor\\laravel\\framework\\src\\Illuminate\\Pipeline\\Pipeline.php(208): Illuminate\\Foundation\\Http\\Middleware\\ConvertEmptyStringsToNull->handle(Object(Illuminate\\Http\\Request), Object(Closure))
#27 C:\\shuriza\\rekap\\rekap\\vendor\\laravel\\framework\\src\\Illuminate\\Foundation\\Http\\Middleware\\TransformsRequest.php(21): Illuminate\\Pipeline\\Pipeline->Illuminate\\Pipeline\\{closure}(Object(Illuminate\\Http\\Request))
#28 C:\\shuriza\\rekap\\rekap\\vendor\\laravel\\framework\\src\\Illuminate\\Foundation\\Http\\Middleware\\TrimStrings.php(51): Illuminate\\Foundation\\Http\\Middleware\\TransformsRequest->handle(Object(Illuminate\\Http\\Request), Object(Closure))
#29 C:\\shuriza\\rekap\\rekap\\vendor\\laravel\\framework\\src\\Illuminate\\Pipeline\\Pipeline.php(208): Illuminate\\Foundation\\Http\\Middleware\\TrimStrings->handle(Object(Illuminate\\Http\\Request), Object(Closure))
#30 C:\\shuriza\\rekap\\rekap\\vendor\\laravel\\framework\\src\\Illuminate\\Http\\Middleware\\ValidatePostSize.php(27): Illuminate\\Pipeline\\Pipeline->Illuminate\\Pipeline\\{closure}(Object(Illuminate\\Http\\Request))
#31 C:\\shuriza\\rekap\\rekap\\vendor\\laravel\\framework\\src\\Illuminate\\Pipeline\\Pipeline.php(208): Illuminate\\Http\\Middleware\\ValidatePostSize->handle(Object(Illuminate\\Http\\Request), Object(Closure))
#32 C:\\shuriza\\rekap\\rekap\\vendor\\laravel\\framework\\src\\Illuminate\\Foundation\\Http\\Middleware\\PreventRequestsDuringMaintenance.php(109): Illuminate\\Pipeline\\Pipeline->Illuminate\\Pipeline\\{closure}(Object(Illuminate\\Http\\Request))
#33 C:\\shuriza\\rekap\\rekap\\vendor\\laravel\\framework\\src\\Illuminate\\Pipeline\\Pipeline.php(208): Illuminate\\Foundation\\Http\\Middleware\\PreventRequestsDuringMaintenance->handle(Object(Illuminate\\Http\\Request), Object(Closure))
#34 C:\\shuriza\\rekap\\rekap\\vendor\\laravel\\framework\\src\\Illuminate\\Http\\Middleware\\HandleCors.php(48): Illuminate\\Pipeline\\Pipeline->Illuminate\\Pipeline\\{closure}(Object(Illuminate\\Http\\Request))
#35 C:\\shuriza\\rekap\\rekap\\vendor\\laravel\\framework\\src\\Illuminate\\Pipeline\\Pipeline.php(208): Illuminate\\Http\\Middleware\\HandleCors->handle(Object(Illuminate\\Http\\Request), Object(Closure))
#36 C:\\shuriza\\rekap\\rekap\\vendor\\laravel\\framework\\src\\Illuminate\\Http\\Middleware\\TrustProxies.php(58): Illuminate\\Pipeline\\Pipeline->Illuminate\\Pipeline\\{closure}(Object(Illuminate\\Http\\Request))
#37 C:\\shuriza\\rekap\\rekap\\vendor\\laravel\\framework\\src\\Illuminate\\Pipeline\\Pipeline.php(208): Illuminate\\Http\\Middleware\\TrustProxies->handle(Object(Illuminate\\Http\\Request), Object(Closure))
#38 C:\\shuriza\\rekap\\rekap\\vendor\\laravel\\framework\\src\\Illuminate\\Foundation\\Http\\Middleware\\InvokeDeferredCallbacks.php(22): Illuminate\\Pipeline\\Pipeline->Illuminate\\Pipeline\\{closure}(Object(Illuminate\\Http\\Request))
#39 C:\\shuriza\\rekap\\rekap\\vendor\\laravel\\framework\\src\\Illuminate\\Pipeline\\Pipeline.php(208): Illuminate\\Foundation\\Http\\Middleware\\InvokeDeferredCallbacks->handle(Object(Illuminate\\Http\\Request), Object(Closure))
#40 C:\\shuriza\\rekap\\rekap\\vendor\\laravel\\framework\\src\\Illuminate\\Http\\Middleware\\ValidatePathEncoding.php(26): Illuminate\\Pipeline\\Pipeline->Illuminate\\Pipeline\\{closure}(Object(Illuminate\\Http\\Request))
#41 C:\\shuriza\\rekap\\rekap\\vendor\\laravel\\framework\\src\\Illuminate\\Pipeline\\Pipeline.php(208): Illuminate\\Http\\Middleware\\ValidatePathEncoding->handle(Object(Illuminate\\Http\\Request), Object(Closure))
#42 C:\\shuriza\\rekap\\rekap\\vendor\\laravel\\framework\\src\\Illuminate\\Pipeline\\Pipeline.php(126): Illuminate\\Pipeline\\Pipeline->Illuminate\\Pipeline\\{closure}(Object(Illuminate\\Http\\Request))
#43 C:\\shuriza\\rekap\\rekap\\vendor\\laravel\\framework\\src\\Illuminate\\Foundation\\Http\\Kernel.php(175): Illuminate\\Pipeline\\Pipeline->then(Object(Closure))
#44 C:\\shuriza\\rekap\\rekap\\vendor\\laravel\\framework\\src\\Illuminate\\Foundation\\Http\\Kernel.php(144): Illuminate\\Foundation\\Http\\Kernel->sendRequestThroughRouter(Object(Illuminate\\Http\\Request))
#45 C:\\shuriza\\rekap\\rekap\\vendor\\laravel\\framework\\src\\Illuminate\\Foundation\\Application.php(1219): Illuminate\\Foundation\\Http\\Kernel->handle(Object(Illuminate\\Http\\Request))
#46 C:\\shuriza\\rekap\\rekap\\public\\index.php(20): Illuminate\\Foundation\\Application->handleRequest(Object(Illuminate\\Http\\Request))
#47 C:\\shuriza\\rekap\\rekap\\vendor\\laravel\\framework\\src\\Illuminate\\Foundation\\resources\\server.php(23): require_once('C:\\\\shuriza\\\\reka...')
#48 {main}
"} 
[2025-07-04 02:26:17] local.ERROR: Call to undefined method App\Http\Controllers\AbsensiController::formUpload() {"exception":"[object] (Error(code: 0): Call to undefined method App\\Http\\Controllers\\AbsensiController::formUpload() at C:\\shuriza\\rekap\\rekap\\vendor\\laravel\\framework\\src\\Illuminate\\Routing\\ControllerDispatcher.php:46)
[stacktrace]
#0 C:\\shuriza\\rekap\\rekap\\vendor\\laravel\\framework\\src\\Illuminate\\Routing\\Route.php(265): Illuminate\\Routing\\ControllerDispatcher->dispatch(Object(Illuminate\\Routing\\Route), Object(App\\Http\\Controllers\\AbsensiController), 'formUpload')
#1 C:\\shuriza\\rekap\\rekap\\vendor\\laravel\\framework\\src\\Illuminate\\Routing\\Route.php(211): Illuminate\\Routing\\Route->runController()
#2 C:\\shuriza\\rekap\\rekap\\vendor\\laravel\\framework\\src\\Illuminate\\Routing\\Router.php(808): Illuminate\\Routing\\Route->run()
#3 C:\\shuriza\\rekap\\rekap\\vendor\\laravel\\framework\\src\\Illuminate\\Pipeline\\Pipeline.php(169): Illuminate\\Routing\\Router->Illuminate\\Routing\\{closure}(Object(Illuminate\\Http\\Request))
#4 C:\\shuriza\\rekap\\rekap\\vendor\\laravel\\framework\\src\\Illuminate\\Routing\\Middleware\\SubstituteBindings.php(50): Illuminate\\Pipeline\\Pipeline->Illuminate\\Pipeline\\{closure}(Object(Illuminate\\Http\\Request))
#5 C:\\shuriza\\rekap\\rekap\\vendor\\laravel\\framework\\src\\Illuminate\\Pipeline\\Pipeline.php(208): Illuminate\\Routing\\Middleware\\SubstituteBindings->handle(Object(Illuminate\\Http\\Request), Object(Closure))
#6 C:\\shuriza\\rekap\\rekap\\vendor\\laravel\\framework\\src\\Illuminate\\Foundation\\Http\\Middleware\\VerifyCsrfToken.php(87): Illuminate\\Pipeline\\Pipeline->Illuminate\\Pipeline\\{closure}(Object(Illuminate\\Http\\Request))
#7 C:\\shuriza\\rekap\\rekap\\vendor\\laravel\\framework\\src\\Illuminate\\Pipeline\\Pipeline.php(208): Illuminate\\Foundation\\Http\\Middleware\\VerifyCsrfToken->handle(Object(Illuminate\\Http\\Request), Object(Closure))
#8 C:\\shuriza\\rekap\\rekap\\vendor\\laravel\\framework\\src\\Illuminate\\View\\Middleware\\ShareErrorsFromSession.php(48): Illuminate\\Pipeline\\Pipeline->Illuminate\\Pipeline\\{closure}(Object(Illuminate\\Http\\Request))
#9 C:\\shuriza\\rekap\\rekap\\vendor\\laravel\\framework\\src\\Illuminate\\Pipeline\\Pipeline.php(208): Illuminate\\View\\Middleware\\ShareErrorsFromSession->handle(Object(Illuminate\\Http\\Request), Object(Closure))
#10 C:\\shuriza\\rekap\\rekap\\vendor\\laravel\\framework\\src\\Illuminate\\Session\\Middleware\\StartSession.php(120): Illuminate\\Pipeline\\Pipeline->Illuminate\\Pipeline\\{closure}(Object(Illuminate\\Http\\Request))
#11 C:\\shuriza\\rekap\\rekap\\vendor\\laravel\\framework\\src\\Illuminate\\Session\\Middleware\\StartSession.php(63): Illuminate\\Session\\Middleware\\StartSession->handleStatefulRequest(Object(Illuminate\\Http\\Request), Object(Illuminate\\Session\\Store), Object(Closure))
#12 C:\\shuriza\\rekap\\rekap\\vendor\\laravel\\framework\\src\\Illuminate\\Pipeline\\Pipeline.php(208): Illuminate\\Session\\Middleware\\StartSession->handle(Object(Illuminate\\Http\\Request), Object(Closure))
#13 C:\\shuriza\\rekap\\rekap\\vendor\\laravel\\framework\\src\\Illuminate\\Cookie\\Middleware\\AddQueuedCookiesToResponse.php(36): Illuminate\\Pipeline\\Pipeline->Illuminate\\Pipeline\\{closure}(Object(Illuminate\\Http\\Request))
#14 C:\\shuriza\\rekap\\rekap\\vendor\\laravel\\framework\\src\\Illuminate\\Pipeline\\Pipeline.php(208): Illuminate\\Cookie\\Middleware\\AddQueuedCookiesToResponse->handle(Object(Illuminate\\Http\\Request), Object(Closure))
#15 C:\\shuriza\\rekap\\rekap\\vendor\\laravel\\framework\\src\\Illuminate\\Cookie\\Middleware\\EncryptCookies.php(74): Illuminate\\Pipeline\\Pipeline->Illuminate\\Pipeline\\{closure}(Object(Illuminate\\Http\\Request))
#16 C:\\shuriza\\rekap\\rekap\\vendor\\laravel\\framework\\src\\Illuminate\\Pipeline\\Pipeline.php(208): Illuminate\\Cookie\\Middleware\\EncryptCookies->handle(Object(Illuminate\\Http\\Request), Object(Closure))
#17 C:\\shuriza\\rekap\\rekap\\vendor\\laravel\\framework\\src\\Illuminate\\Pipeline\\Pipeline.php(126): Illuminate\\Pipeline\\Pipeline->Illuminate\\Pipeline\\{closure}(Object(Illuminate\\Http\\Request))
#18 C:\\shuriza\\rekap\\rekap\\vendor\\laravel\\framework\\src\\Illuminate\\Routing\\Router.php(807): Illuminate\\Pipeline\\Pipeline->then(Object(Closure))
#19 C:\\shuriza\\rekap\\rekap\\vendor\\laravel\\framework\\src\\Illuminate\\Routing\\Router.php(786): Illuminate\\Routing\\Router->runRouteWithinStack(Object(Illuminate\\Routing\\Route), Object(Illuminate\\Http\\Request))
#20 C:\\shuriza\\rekap\\rekap\\vendor\\laravel\\framework\\src\\Illuminate\\Routing\\Router.php(750): Illuminate\\Routing\\Router->runRoute(Object(Illuminate\\Http\\Request), Object(Illuminate\\Routing\\Route))
#21 C:\\shuriza\\rekap\\rekap\\vendor\\laravel\\framework\\src\\Illuminate\\Routing\\Router.php(739): Illuminate\\Routing\\Router->dispatchToRoute(Object(Illuminate\\Http\\Request))
#22 C:\\shuriza\\rekap\\rekap\\vendor\\laravel\\framework\\src\\Illuminate\\Foundation\\Http\\Kernel.php(200): Illuminate\\Routing\\Router->dispatch(Object(Illuminate\\Http\\Request))
#23 C:\\shuriza\\rekap\\rekap\\vendor\\laravel\\framework\\src\\Illuminate\\Pipeline\\Pipeline.php(169): Illuminate\\Foundation\\Http\\Kernel->Illuminate\\Foundation\\Http\\{closure}(Object(Illuminate\\Http\\Request))
#24 C:\\shuriza\\rekap\\rekap\\vendor\\laravel\\framework\\src\\Illuminate\\Foundation\\Http\\Middleware\\TransformsRequest.php(21): Illuminate\\Pipeline\\Pipeline->Illuminate\\Pipeline\\{closure}(Object(Illuminate\\Http\\Request))
#25 C:\\shuriza\\rekap\\rekap\\vendor\\laravel\\framework\\src\\Illuminate\\Foundation\\Http\\Middleware\\ConvertEmptyStringsToNull.php(31): Illuminate\\Foundation\\Http\\Middleware\\TransformsRequest->handle(Object(Illuminate\\Http\\Request), Object(Closure))
#26 C:\\shuriza\\rekap\\rekap\\vendor\\laravel\\framework\\src\\Illuminate\\Pipeline\\Pipeline.php(208): Illuminate\\Foundation\\Http\\Middleware\\ConvertEmptyStringsToNull->handle(Object(Illuminate\\Http\\Request), Object(Closure))
#27 C:\\shuriza\\rekap\\rekap\\vendor\\laravel\\framework\\src\\Illuminate\\Foundation\\Http\\Middleware\\TransformsRequest.php(21): Illuminate\\Pipeline\\Pipeline->Illuminate\\Pipeline\\{closure}(Object(Illuminate\\Http\\Request))
#28 C:\\shuriza\\rekap\\rekap\\vendor\\laravel\\framework\\src\\Illuminate\\Foundation\\Http\\Middleware\\TrimStrings.php(51): Illuminate\\Foundation\\Http\\Middleware\\TransformsRequest->handle(Object(Illuminate\\Http\\Request), Object(Closure))
#29 C:\\shuriza\\rekap\\rekap\\vendor\\laravel\\framework\\src\\Illuminate\\Pipeline\\Pipeline.php(208): Illuminate\\Foundation\\Http\\Middleware\\TrimStrings->handle(Object(Illuminate\\Http\\Request), Object(Closure))
#30 C:\\shuriza\\rekap\\rekap\\vendor\\laravel\\framework\\src\\Illuminate\\Http\\Middleware\\ValidatePostSize.php(27): Illuminate\\Pipeline\\Pipeline->Illuminate\\Pipeline\\{closure}(Object(Illuminate\\Http\\Request))
#31 C:\\shuriza\\rekap\\rekap\\vendor\\laravel\\framework\\src\\Illuminate\\Pipeline\\Pipeline.php(208): Illuminate\\Http\\Middleware\\ValidatePostSize->handle(Object(Illuminate\\Http\\Request), Object(Closure))
#32 C:\\shuriza\\rekap\\rekap\\vendor\\laravel\\framework\\src\\Illuminate\\Foundation\\Http\\Middleware\\PreventRequestsDuringMaintenance.php(109): Illuminate\\Pipeline\\Pipeline->Illuminate\\Pipeline\\{closure}(Object(Illuminate\\Http\\Request))
#33 C:\\shuriza\\rekap\\rekap\\vendor\\laravel\\framework\\src\\Illuminate\\Pipeline\\Pipeline.php(208): Illuminate\\Foundation\\Http\\Middleware\\PreventRequestsDuringMaintenance->handle(Object(Illuminate\\Http\\Request), Object(Closure))
#34 C:\\shuriza\\rekap\\rekap\\vendor\\laravel\\framework\\src\\Illuminate\\Http\\Middleware\\HandleCors.php(48): Illuminate\\Pipeline\\Pipeline->Illuminate\\Pipeline\\{closure}(Object(Illuminate\\Http\\Request))
#35 C:\\shuriza\\rekap\\rekap\\vendor\\laravel\\framework\\src\\Illuminate\\Pipeline\\Pipeline.php(208): Illuminate\\Http\\Middleware\\HandleCors->handle(Object(Illuminate\\Http\\Request), Object(Closure))
#36 C:\\shuriza\\rekap\\rekap\\vendor\\laravel\\framework\\src\\Illuminate\\Http\\Middleware\\TrustProxies.php(58): Illuminate\\Pipeline\\Pipeline->Illuminate\\Pipeline\\{closure}(Object(Illuminate\\Http\\Request))
#37 C:\\shuriza\\rekap\\rekap\\vendor\\laravel\\framework\\src\\Illuminate\\Pipeline\\Pipeline.php(208): Illuminate\\Http\\Middleware\\TrustProxies->handle(Object(Illuminate\\Http\\Request), Object(Closure))
#38 C:\\shuriza\\rekap\\rekap\\vendor\\laravel\\framework\\src\\Illuminate\\Foundation\\Http\\Middleware\\InvokeDeferredCallbacks.php(22): Illuminate\\Pipeline\\Pipeline->Illuminate\\Pipeline\\{closure}(Object(Illuminate\\Http\\Request))
#39 C:\\shuriza\\rekap\\rekap\\vendor\\laravel\\framework\\src\\Illuminate\\Pipeline\\Pipeline.php(208): Illuminate\\Foundation\\Http\\Middleware\\InvokeDeferredCallbacks->handle(Object(Illuminate\\Http\\Request), Object(Closure))
#40 C:\\shuriza\\rekap\\rekap\\vendor\\laravel\\framework\\src\\Illuminate\\Http\\Middleware\\ValidatePathEncoding.php(26): Illuminate\\Pipeline\\Pipeline->Illuminate\\Pipeline\\{closure}(Object(Illuminate\\Http\\Request))
#41 C:\\shuriza\\rekap\\rekap\\vendor\\laravel\\framework\\src\\Illuminate\\Pipeline\\Pipeline.php(208): Illuminate\\Http\\Middleware\\ValidatePathEncoding->handle(Object(Illuminate\\Http\\Request), Object(Closure))
#42 C:\\shuriza\\rekap\\rekap\\vendor\\laravel\\framework\\src\\Illuminate\\Pipeline\\Pipeline.php(126): Illuminate\\Pipeline\\Pipeline->Illuminate\\Pipeline\\{closure}(Object(Illuminate\\Http\\Request))
#43 C:\\shuriza\\rekap\\rekap\\vendor\\laravel\\framework\\src\\Illuminate\\Foundation\\Http\\Kernel.php(175): Illuminate\\Pipeline\\Pipeline->then(Object(Closure))
#44 C:\\shuriza\\rekap\\rekap\\vendor\\laravel\\framework\\src\\Illuminate\\Foundation\\Http\\Kernel.php(144): Illuminate\\Foundation\\Http\\Kernel->sendRequestThroughRouter(Object(Illuminate\\Http\\Request))
#45 C:\\shuriza\\rekap\\rekap\\vendor\\laravel\\framework\\src\\Illuminate\\Foundation\\Application.php(1219): Illuminate\\Foundation\\Http\\Kernel->handle(Object(Illuminate\\Http\\Request))
#46 C:\\shuriza\\rekap\\rekap\\public\\index.php(20): Illuminate\\Foundation\\Application->handleRequest(Object(Illuminate\\Http\\Request))
#47 C:\\shuriza\\rekap\\rekap\\vendor\\laravel\\framework\\src\\Illuminate\\Foundation\\resources\\server.php(23): require_once('C:\\\\shuriza\\\\reka...')
#48 {main}
"} 
[2025-07-04 03:02:36] local.ERROR: SQLSTATE[HY000]: General error: 1824 Failed to open the referenced table 'users' (Connection: mysql, SQL: alter table `permissions` add constraint `permissions_user_id_foreign` foreign key (`user_id`) references `users` (`id`) on delete cascade) {"exception":"[object] (Illuminate\\Database\\QueryException(code: HY000): SQLSTATE[HY000]: General error: 1824 Failed to open the referenced table 'users' (Connection: mysql, SQL: alter table `permissions` add constraint `permissions_user_id_foreign` foreign key (`user_id`) references `users` (`id`) on delete cascade) at C:\\shuriza\\rekap\\rekap\\vendor\\laravel\\framework\\src\\Illuminate\\Database\\Connection.php:822)
[stacktrace]
#0 C:\\shuriza\\rekap\\rekap\\vendor\\laravel\\framework\\src\\Illuminate\\Database\\Connection.php(776): Illuminate\\Database\\Connection->runQueryCallback('alter table `pe...', Array, Object(Closure))
#1 C:\\shuriza\\rekap\\rekap\\vendor\\laravel\\framework\\src\\Illuminate\\Database\\Connection.php(557): Illuminate\\Database\\Connection->run('alter table `pe...', Array, Object(Closure))
#2 C:\\shuriza\\rekap\\rekap\\vendor\\laravel\\framework\\src\\Illuminate\\Database\\Schema\\Blueprint.php(119): Illuminate\\Database\\Connection->statement('alter table `pe...')
#3 C:\\shuriza\\rekap\\rekap\\vendor\\laravel\\framework\\src\\Illuminate\\Database\\Schema\\Builder.php(618): Illuminate\\Database\\Schema\\Blueprint->build()
#4 C:\\shuriza\\rekap\\rekap\\vendor\\laravel\\framework\\src\\Illuminate\\Database\\Schema\\Builder.php(472): Illuminate\\Database\\Schema\\Builder->build(Object(Illuminate\\Database\\Schema\\Blueprint))
#5 C:\\shuriza\\rekap\\rekap\\vendor\\laravel\\framework\\src\\Illuminate\\Support\\Facades\\Facade.php(361): Illuminate\\Database\\Schema\\Builder->create('permissions', Object(Closure))
#6 C:\\shuriza\\rekap\\rekap\\database\\migrations\\2025_07_04_030205_create_permissions_table.php(11): Illuminate\\Support\\Facades\\Facade::__callStatic('create', Array)
#7 C:\\shuriza\\rekap\\rekap\\vendor\\laravel\\framework\\src\\Illuminate\\Database\\Migrations\\Migrator.php(514): CreatePermissionsTable->up()
#8 C:\\shuriza\\rekap\\rekap\\vendor\\laravel\\framework\\src\\Illuminate\\Database\\Migrations\\Migrator.php(439): Illuminate\\Database\\Migrations\\Migrator->runMethod(Object(Illuminate\\Database\\MySqlConnection), Object(CreatePermissionsTable), 'up')
#9 C:\\shuriza\\rekap\\rekap\\vendor\\laravel\\framework\\src\\Illuminate\\Database\\Migrations\\Migrator.php(448): Illuminate\\Database\\Migrations\\Migrator->Illuminate\\Database\\Migrations\\{closure}()
#10 C:\\shuriza\\rekap\\rekap\\vendor\\laravel\\framework\\src\\Illuminate\\Database\\Migrations\\Migrator.php(250): Illuminate\\Database\\Migrations\\Migrator->runMigration(Object(CreatePermissionsTable), 'up')
#11 C:\\shuriza\\rekap\\rekap\\vendor\\laravel\\framework\\src\\Illuminate\\Console\\View\\Components\\Task.php(41): Illuminate\\Database\\Migrations\\Migrator->Illuminate\\Database\\Migrations\\{closure}()
#12 C:\\shuriza\\rekap\\rekap\\vendor\\laravel\\framework\\src\\Illuminate\\Database\\Migrations\\Migrator.php(805): Illuminate\\Console\\View\\Components\\Task->render('2025_07_04_0302...', Object(Closure))
#13 C:\\shuriza\\rekap\\rekap\\vendor\\laravel\\framework\\src\\Illuminate\\Database\\Migrations\\Migrator.php(250): Illuminate\\Database\\Migrations\\Migrator->write('Illuminate\\\\Cons...', '2025_07_04_0302...', Object(Closure))
#14 C:\\shuriza\\rekap\\rekap\\vendor\\laravel\\framework\\src\\Illuminate\\Database\\Migrations\\Migrator.php(210): Illuminate\\Database\\Migrations\\Migrator->runUp('C:\\\\shuriza\\\\reka...', 3, false)
#15 C:\\shuriza\\rekap\\rekap\\vendor\\laravel\\framework\\src\\Illuminate\\Database\\Migrations\\Migrator.php(137): Illuminate\\Database\\Migrations\\Migrator->runPending(Array, Array)
#16 C:\\shuriza\\rekap\\rekap\\vendor\\laravel\\framework\\src\\Illuminate\\Database\\Console\\Migrations\\MigrateCommand.php(116): Illuminate\\Database\\Migrations\\Migrator->run(Array, Array)
#17 C:\\shuriza\\rekap\\rekap\\vendor\\laravel\\framework\\src\\Illuminate\\Database\\Migrations\\Migrator.php(665): Illuminate\\Database\\Console\\Migrations\\MigrateCommand->Illuminate\\Database\\Console\\Migrations\\{closure}()
#18 C:\\shuriza\\rekap\\rekap\\vendor\\laravel\\framework\\src\\Illuminate\\Database\\Console\\Migrations\\MigrateCommand.php(109): Illuminate\\Database\\Migrations\\Migrator->usingConnection(NULL, Object(Closure))
#19 C:\\shuriza\\rekap\\rekap\\vendor\\laravel\\framework\\src\\Illuminate\\Database\\Console\\Migrations\\MigrateCommand.php(88): Illuminate\\Database\\Console\\Migrations\\MigrateCommand->runMigrations()
#20 C:\\shuriza\\rekap\\rekap\\vendor\\laravel\\framework\\src\\Illuminate\\Container\\BoundMethod.php(36): Illuminate\\Database\\Console\\Migrations\\MigrateCommand->handle()
#21 C:\\shuriza\\rekap\\rekap\\vendor\\laravel\\framework\\src\\Illuminate\\Container\\Util.php(43): Illuminate\\Container\\BoundMethod::Illuminate\\Container\\{closure}()
#22 C:\\shuriza\\rekap\\rekap\\vendor\\laravel\\framework\\src\\Illuminate\\Container\\BoundMethod.php(96): Illuminate\\Container\\Util::unwrapIfClosure(Object(Closure))
#23 C:\\shuriza\\rekap\\rekap\\vendor\\laravel\\framework\\src\\Illuminate\\Container\\BoundMethod.php(35): Illuminate\\Container\\BoundMethod::callBoundMethod(Object(Illuminate\\Foundation\\Application), Array, Object(Closure))
#24 C:\\shuriza\\rekap\\rekap\\vendor\\laravel\\framework\\src\\Illuminate\\Container\\Container.php(754): Illuminate\\Container\\BoundMethod::call(Object(Illuminate\\Foundation\\Application), Array, Array, NULL)
#25 C:\\shuriza\\rekap\\rekap\\vendor\\laravel\\framework\\src\\Illuminate\\Console\\Command.php(211): Illuminate\\Container\\Container->call(Array)
#26 C:\\shuriza\\rekap\\rekap\\vendor\\symfony\\console\\Command\\Command.php(279): Illuminate\\Console\\Command->execute(Object(Symfony\\Component\\Console\\Input\\ArgvInput), Object(Illuminate\\Console\\OutputStyle))
#27 C:\\shuriza\\rekap\\rekap\\vendor\\laravel\\framework\\src\\Illuminate\\Console\\Command.php(180): Symfony\\Component\\Console\\Command\\Command->run(Object(Symfony\\Component\\Console\\Input\\ArgvInput), Object(Illuminate\\Console\\OutputStyle))
#28 C:\\shuriza\\rekap\\rekap\\vendor\\symfony\\console\\Application.php(1094): Illuminate\\Console\\Command->run(Object(Symfony\\Component\\Console\\Input\\ArgvInput), Object(Symfony\\Component\\Console\\Output\\ConsoleOutput))
#29 C:\\shuriza\\rekap\\rekap\\vendor\\symfony\\console\\Application.php(342): Symfony\\Component\\Console\\Application->doRunCommand(Object(Illuminate\\Database\\Console\\Migrations\\MigrateCommand), Object(Symfony\\Component\\Console\\Input\\ArgvInput), Object(Symfony\\Component\\Console\\Output\\ConsoleOutput))
#30 C:\\shuriza\\rekap\\rekap\\vendor\\symfony\\console\\Application.php(193): Symfony\\Component\\Console\\Application->doRun(Object(Symfony\\Component\\Console\\Input\\ArgvInput), Object(Symfony\\Component\\Console\\Output\\ConsoleOutput))
#31 C:\\shuriza\\rekap\\rekap\\vendor\\laravel\\framework\\src\\Illuminate\\Foundation\\Console\\Kernel.php(197): Symfony\\Component\\Console\\Application->run(Object(Symfony\\Component\\Console\\Input\\ArgvInput), Object(Symfony\\Component\\Console\\Output\\ConsoleOutput))
#32 C:\\shuriza\\rekap\\rekap\\vendor\\laravel\\framework\\src\\Illuminate\\Foundation\\Application.php(1234): Illuminate\\Foundation\\Console\\Kernel->handle(Object(Symfony\\Component\\Console\\Input\\ArgvInput), Object(Symfony\\Component\\Console\\Output\\ConsoleOutput))
#33 C:\\shuriza\\rekap\\rekap\\artisan(16): Illuminate\\Foundation\\Application->handleCommand(Object(Symfony\\Component\\Console\\Input\\ArgvInput))
#34 {main}

[previous exception] [object] (PDOException(code: HY000): SQLSTATE[HY000]: General error: 1824 Failed to open the referenced table 'users' at C:\\shuriza\\rekap\\rekap\\vendor\\laravel\\framework\\src\\Illuminate\\Database\\Connection.php:568)
[stacktrace]
#0 C:\\shuriza\\rekap\\rekap\\vendor\\laravel\\framework\\src\\Illuminate\\Database\\Connection.php(568): PDOStatement->execute()
#1 C:\\shuriza\\rekap\\rekap\\vendor\\laravel\\framework\\src\\Illuminate\\Database\\Connection.php(809): Illuminate\\Database\\Connection->Illuminate\\Database\\{closure}('alter table `pe...', Array)
#2 C:\\shuriza\\rekap\\rekap\\vendor\\laravel\\framework\\src\\Illuminate\\Database\\Connection.php(776): Illuminate\\Database\\Connection->runQueryCallback('alter table `pe...', Array, Object(Closure))
#3 C:\\shuriza\\rekap\\rekap\\vendor\\laravel\\framework\\src\\Illuminate\\Database\\Connection.php(557): Illuminate\\Database\\Connection->run('alter table `pe...', Array, Object(Closure))
#4 C:\\shuriza\\rekap\\rekap\\vendor\\laravel\\framework\\src\\Illuminate\\Database\\Schema\\Blueprint.php(119): Illuminate\\Database\\Connection->statement('alter table `pe...')
#5 C:\\shuriza\\rekap\\rekap\\vendor\\laravel\\framework\\src\\Illuminate\\Database\\Schema\\Builder.php(618): Illuminate\\Database\\Schema\\Blueprint->build()
#6 C:\\shuriza\\rekap\\rekap\\vendor\\laravel\\framework\\src\\Illuminate\\Database\\Schema\\Builder.php(472): Illuminate\\Database\\Schema\\Builder->build(Object(Illuminate\\Database\\Schema\\Blueprint))
#7 C:\\shuriza\\rekap\\rekap\\vendor\\laravel\\framework\\src\\Illuminate\\Support\\Facades\\Facade.php(361): Illuminate\\Database\\Schema\\Builder->create('permissions', Object(Closure))
#8 C:\\shuriza\\rekap\\rekap\\database\\migrations\\2025_07_04_030205_create_permissions_table.php(11): Illuminate\\Support\\Facades\\Facade::__callStatic('create', Array)
#9 C:\\shuriza\\rekap\\rekap\\vendor\\laravel\\framework\\src\\Illuminate\\Database\\Migrations\\Migrator.php(514): CreatePermissionsTable->up()
#10 C:\\shuriza\\rekap\\rekap\\vendor\\laravel\\framework\\src\\Illuminate\\Database\\Migrations\\Migrator.php(439): Illuminate\\Database\\Migrations\\Migrator->runMethod(Object(Illuminate\\Database\\MySqlConnection), Object(CreatePermissionsTable), 'up')
#11 C:\\shuriza\\rekap\\rekap\\vendor\\laravel\\framework\\src\\Illuminate\\Database\\Migrations\\Migrator.php(448): Illuminate\\Database\\Migrations\\Migrator->Illuminate\\Database\\Migrations\\{closure}()
#12 C:\\shuriza\\rekap\\rekap\\vendor\\laravel\\framework\\src\\Illuminate\\Database\\Migrations\\Migrator.php(250): Illuminate\\Database\\Migrations\\Migrator->runMigration(Object(CreatePermissionsTable), 'up')
#13 C:\\shuriza\\rekap\\rekap\\vendor\\laravel\\framework\\src\\Illuminate\\Console\\View\\Components\\Task.php(41): Illuminate\\Database\\Migrations\\Migrator->Illuminate\\Database\\Migrations\\{closure}()
#14 C:\\shuriza\\rekap\\rekap\\vendor\\laravel\\framework\\src\\Illuminate\\Database\\Migrations\\Migrator.php(805): Illuminate\\Console\\View\\Components\\Task->render('2025_07_04_0302...', Object(Closure))
#15 C:\\shuriza\\rekap\\rekap\\vendor\\laravel\\framework\\src\\Illuminate\\Database\\Migrations\\Migrator.php(250): Illuminate\\Database\\Migrations\\Migrator->write('Illuminate\\\\Cons...', '2025_07_04_0302...', Object(Closure))
#16 C:\\shuriza\\rekap\\rekap\\vendor\\laravel\\framework\\src\\Illuminate\\Database\\Migrations\\Migrator.php(210): Illuminate\\Database\\Migrations\\Migrator->runUp('C:\\\\shuriza\\\\reka...', 3, false)
#17 C:\\shuriza\\rekap\\rekap\\vendor\\laravel\\framework\\src\\Illuminate\\Database\\Migrations\\Migrator.php(137): Illuminate\\Database\\Migrations\\Migrator->runPending(Array, Array)
#18 C:\\shuriza\\rekap\\rekap\\vendor\\laravel\\framework\\src\\Illuminate\\Database\\Console\\Migrations\\MigrateCommand.php(116): Illuminate\\Database\\Migrations\\Migrator->run(Array, Array)
#19 C:\\shuriza\\rekap\\rekap\\vendor\\laravel\\framework\\src\\Illuminate\\Database\\Migrations\\Migrator.php(665): Illuminate\\Database\\Console\\Migrations\\MigrateCommand->Illuminate\\Database\\Console\\Migrations\\{closure}()
#20 C:\\shuriza\\rekap\\rekap\\vendor\\laravel\\framework\\src\\Illuminate\\Database\\Console\\Migrations\\MigrateCommand.php(109): Illuminate\\Database\\Migrations\\Migrator->usingConnection(NULL, Object(Closure))
#21 C:\\shuriza\\rekap\\rekap\\vendor\\laravel\\framework\\src\\Illuminate\\Database\\Console\\Migrations\\MigrateCommand.php(88): Illuminate\\Database\\Console\\Migrations\\MigrateCommand->runMigrations()
#22 C:\\shuriza\\rekap\\rekap\\vendor\\laravel\\framework\\src\\Illuminate\\Container\\BoundMethod.php(36): Illuminate\\Database\\Console\\Migrations\\MigrateCommand->handle()
#23 C:\\shuriza\\rekap\\rekap\\vendor\\laravel\\framework\\src\\Illuminate\\Container\\Util.php(43): Illuminate\\Container\\BoundMethod::Illuminate\\Container\\{closure}()
#24 C:\\shuriza\\rekap\\rekap\\vendor\\laravel\\framework\\src\\Illuminate\\Container\\BoundMethod.php(96): Illuminate\\Container\\Util::unwrapIfClosure(Object(Closure))
#25 C:\\shuriza\\rekap\\rekap\\vendor\\laravel\\framework\\src\\Illuminate\\Container\\BoundMethod.php(35): Illuminate\\Container\\BoundMethod::callBoundMethod(Object(Illuminate\\Foundation\\Application), Array, Object(Closure))
#26 C:\\shuriza\\rekap\\rekap\\vendor\\laravel\\framework\\src\\Illuminate\\Container\\Container.php(754): Illuminate\\Container\\BoundMethod::call(Object(Illuminate\\Foundation\\Application), Array, Array, NULL)
#27 C:\\shuriza\\rekap\\rekap\\vendor\\laravel\\framework\\src\\Illuminate\\Console\\Command.php(211): Illuminate\\Container\\Container->call(Array)
#28 C:\\shuriza\\rekap\\rekap\\vendor\\symfony\\console\\Command\\Command.php(279): Illuminate\\Console\\Command->execute(Object(Symfony\\Component\\Console\\Input\\ArgvInput), Object(Illuminate\\Console\\OutputStyle))
#29 C:\\shuriza\\rekap\\rekap\\vendor\\laravel\\framework\\src\\Illuminate\\Console\\Command.php(180): Symfony\\Component\\Console\\Command\\Command->run(Object(Symfony\\Component\\Console\\Input\\ArgvInput), Object(Illuminate\\Console\\OutputStyle))
#30 C:\\shuriza\\rekap\\rekap\\vendor\\symfony\\console\\Application.php(1094): Illuminate\\Console\\Command->run(Object(Symfony\\Component\\Console\\Input\\ArgvInput), Object(Symfony\\Component\\Console\\Output\\ConsoleOutput))
#31 C:\\shuriza\\rekap\\rekap\\vendor\\symfony\\console\\Application.php(342): Symfony\\Component\\Console\\Application->doRunCommand(Object(Illuminate\\Database\\Console\\Migrations\\MigrateCommand), Object(Symfony\\Component\\Console\\Input\\ArgvInput), Object(Symfony\\Component\\Console\\Output\\ConsoleOutput))
#32 C:\\shuriza\\rekap\\rekap\\vendor\\symfony\\console\\Application.php(193): Symfony\\Component\\Console\\Application->doRun(Object(Symfony\\Component\\Console\\Input\\ArgvInput), Object(Symfony\\Component\\Console\\Output\\ConsoleOutput))
#33 C:\\shuriza\\rekap\\rekap\\vendor\\laravel\\framework\\src\\Illuminate\\Foundation\\Console\\Kernel.php(197): Symfony\\Component\\Console\\Application->run(Object(Symfony\\Component\\Console\\Input\\ArgvInput), Object(Symfony\\Component\\Console\\Output\\ConsoleOutput))
#34 C:\\shuriza\\rekap\\rekap\\vendor\\laravel\\framework\\src\\Illuminate\\Foundation\\Application.php(1234): Illuminate\\Foundation\\Console\\Kernel->handle(Object(Symfony\\Component\\Console\\Input\\ArgvInput), Object(Symfony\\Component\\Console\\Output\\ConsoleOutput))
#35 C:\\shuriza\\rekap\\rekap\\artisan(16): Illuminate\\Foundation\\Application->handleCommand(Object(Symfony\\Component\\Console\\Input\\ArgvInput))
#36 {main}
"} 
[2025-07-04 03:17:15] local.ERROR: SQLSTATE[42S02]: Base table or view not found: 1146 Table 'rekap.karyawan' doesn't exist (Connection: mysql, SQL: alter table `karyawan` add `nip` varchar(255) not null after `id`) {"exception":"[object] (Illuminate\\Database\\QueryException(code: 42S02): SQLSTATE[42S02]: Base table or view not found: 1146 Table 'rekap.karyawan' doesn't exist (Connection: mysql, SQL: alter table `karyawan` add `nip` varchar(255) not null after `id`) at C:\\shuriza\\rekap\\rekap\\vendor\\laravel\\framework\\src\\Illuminate\\Database\\Connection.php:822)
[stacktrace]
#0 C:\\shuriza\\rekap\\rekap\\vendor\\laravel\\framework\\src\\Illuminate\\Database\\Connection.php(776): Illuminate\\Database\\Connection->runQueryCallback('alter table `ka...', Array, Object(Closure))
#1 C:\\shuriza\\rekap\\rekap\\vendor\\laravel\\framework\\src\\Illuminate\\Database\\Connection.php(557): Illuminate\\Database\\Connection->run('alter table `ka...', Array, Object(Closure))
#2 C:\\shuriza\\rekap\\rekap\\vendor\\laravel\\framework\\src\\Illuminate\\Database\\Schema\\Blueprint.php(119): Illuminate\\Database\\Connection->statement('alter table `ka...')
#3 C:\\shuriza\\rekap\\rekap\\vendor\\laravel\\framework\\src\\Illuminate\\Database\\Schema\\Builder.php(618): Illuminate\\Database\\Schema\\Blueprint->build()
#4 C:\\shuriza\\rekap\\rekap\\vendor\\laravel\\framework\\src\\Illuminate\\Database\\Schema\\Builder.php(460): Illuminate\\Database\\Schema\\Builder->build(Object(Illuminate\\Database\\Schema\\Blueprint))
#5 C:\\shuriza\\rekap\\rekap\\vendor\\laravel\\framework\\src\\Illuminate\\Support\\Facades\\Facade.php(361): Illuminate\\Database\\Schema\\Builder->table('karyawan', Object(Closure))
#6 C:\\shuriza\\rekap\\rekap\\database\\migrations\\2025_07_04_031609_add_nip_to_karyawan_table.php(14): Illuminate\\Support\\Facades\\Facade::__callStatic('table', Array)
#7 C:\\shuriza\\rekap\\rekap\\vendor\\laravel\\framework\\src\\Illuminate\\Database\\Migrations\\Migrator.php(514): Illuminate\\Database\\Migrations\\Migration@anonymous->up()
#8 C:\\shuriza\\rekap\\rekap\\vendor\\laravel\\framework\\src\\Illuminate\\Database\\Migrations\\Migrator.php(439): Illuminate\\Database\\Migrations\\Migrator->runMethod(Object(Illuminate\\Database\\MySqlConnection), Object(Illuminate\\Database\\Migrations\\Migration@anonymous), 'up')
#9 C:\\shuriza\\rekap\\rekap\\vendor\\laravel\\framework\\src\\Illuminate\\Database\\Migrations\\Migrator.php(448): Illuminate\\Database\\Migrations\\Migrator->Illuminate\\Database\\Migrations\\{closure}()
#10 C:\\shuriza\\rekap\\rekap\\vendor\\laravel\\framework\\src\\Illuminate\\Database\\Migrations\\Migrator.php(250): Illuminate\\Database\\Migrations\\Migrator->runMigration(Object(Illuminate\\Database\\Migrations\\Migration@anonymous), 'up')
#11 C:\\shuriza\\rekap\\rekap\\vendor\\laravel\\framework\\src\\Illuminate\\Console\\View\\Components\\Task.php(41): Illuminate\\Database\\Migrations\\Migrator->Illuminate\\Database\\Migrations\\{closure}()
#12 C:\\shuriza\\rekap\\rekap\\vendor\\laravel\\framework\\src\\Illuminate\\Database\\Migrations\\Migrator.php(805): Illuminate\\Console\\View\\Components\\Task->render('2025_07_04_0316...', Object(Closure))
#13 C:\\shuriza\\rekap\\rekap\\vendor\\laravel\\framework\\src\\Illuminate\\Database\\Migrations\\Migrator.php(250): Illuminate\\Database\\Migrations\\Migrator->write('Illuminate\\\\Cons...', '2025_07_04_0316...', Object(Closure))
#14 C:\\shuriza\\rekap\\rekap\\vendor\\laravel\\framework\\src\\Illuminate\\Database\\Migrations\\Migrator.php(210): Illuminate\\Database\\Migrations\\Migrator->runUp('C:\\\\shuriza\\\\reka...', 4, false)
#15 C:\\shuriza\\rekap\\rekap\\vendor\\laravel\\framework\\src\\Illuminate\\Database\\Migrations\\Migrator.php(137): Illuminate\\Database\\Migrations\\Migrator->runPending(Array, Array)
#16 C:\\shuriza\\rekap\\rekap\\vendor\\laravel\\framework\\src\\Illuminate\\Database\\Console\\Migrations\\MigrateCommand.php(116): Illuminate\\Database\\Migrations\\Migrator->run(Array, Array)
#17 C:\\shuriza\\rekap\\rekap\\vendor\\laravel\\framework\\src\\Illuminate\\Database\\Migrations\\Migrator.php(665): Illuminate\\Database\\Console\\Migrations\\MigrateCommand->Illuminate\\Database\\Console\\Migrations\\{closure}()
#18 C:\\shuriza\\rekap\\rekap\\vendor\\laravel\\framework\\src\\Illuminate\\Database\\Console\\Migrations\\MigrateCommand.php(109): Illuminate\\Database\\Migrations\\Migrator->usingConnection(NULL, Object(Closure))
#19 C:\\shuriza\\rekap\\rekap\\vendor\\laravel\\framework\\src\\Illuminate\\Database\\Console\\Migrations\\MigrateCommand.php(88): Illuminate\\Database\\Console\\Migrations\\MigrateCommand->runMigrations()
#20 C:\\shuriza\\rekap\\rekap\\vendor\\laravel\\framework\\src\\Illuminate\\Container\\BoundMethod.php(36): Illuminate\\Database\\Console\\Migrations\\MigrateCommand->handle()
#21 C:\\shuriza\\rekap\\rekap\\vendor\\laravel\\framework\\src\\Illuminate\\Container\\Util.php(43): Illuminate\\Container\\BoundMethod::Illuminate\\Container\\{closure}()
#22 C:\\shuriza\\rekap\\rekap\\vendor\\laravel\\framework\\src\\Illuminate\\Container\\BoundMethod.php(96): Illuminate\\Container\\Util::unwrapIfClosure(Object(Closure))
#23 C:\\shuriza\\rekap\\rekap\\vendor\\laravel\\framework\\src\\Illuminate\\Container\\BoundMethod.php(35): Illuminate\\Container\\BoundMethod::callBoundMethod(Object(Illuminate\\Foundation\\Application), Array, Object(Closure))
#24 C:\\shuriza\\rekap\\rekap\\vendor\\laravel\\framework\\src\\Illuminate\\Container\\Container.php(754): Illuminate\\Container\\BoundMethod::call(Object(Illuminate\\Foundation\\Application), Array, Array, NULL)
#25 C:\\shuriza\\rekap\\rekap\\vendor\\laravel\\framework\\src\\Illuminate\\Console\\Command.php(211): Illuminate\\Container\\Container->call(Array)
#26 C:\\shuriza\\rekap\\rekap\\vendor\\symfony\\console\\Command\\Command.php(279): Illuminate\\Console\\Command->execute(Object(Symfony\\Component\\Console\\Input\\ArgvInput), Object(Illuminate\\Console\\OutputStyle))
#27 C:\\shuriza\\rekap\\rekap\\vendor\\laravel\\framework\\src\\Illuminate\\Console\\Command.php(180): Symfony\\Component\\Console\\Command\\Command->run(Object(Symfony\\Component\\Console\\Input\\ArgvInput), Object(Illuminate\\Console\\OutputStyle))
#28 C:\\shuriza\\rekap\\rekap\\vendor\\symfony\\console\\Application.php(1094): Illuminate\\Console\\Command->run(Object(Symfony\\Component\\Console\\Input\\ArgvInput), Object(Symfony\\Component\\Console\\Output\\ConsoleOutput))
#29 C:\\shuriza\\rekap\\rekap\\vendor\\symfony\\console\\Application.php(342): Symfony\\Component\\Console\\Application->doRunCommand(Object(Illuminate\\Database\\Console\\Migrations\\MigrateCommand), Object(Symfony\\Component\\Console\\Input\\ArgvInput), Object(Symfony\\Component\\Console\\Output\\ConsoleOutput))
#30 C:\\shuriza\\rekap\\rekap\\vendor\\symfony\\console\\Application.php(193): Symfony\\Component\\Console\\Application->doRun(Object(Symfony\\Component\\Console\\Input\\ArgvInput), Object(Symfony\\Component\\Console\\Output\\ConsoleOutput))
#31 C:\\shuriza\\rekap\\rekap\\vendor\\laravel\\framework\\src\\Illuminate\\Foundation\\Console\\Kernel.php(197): Symfony\\Component\\Console\\Application->run(Object(Symfony\\Component\\Console\\Input\\ArgvInput), Object(Symfony\\Component\\Console\\Output\\ConsoleOutput))
#32 C:\\shuriza\\rekap\\rekap\\vendor\\laravel\\framework\\src\\Illuminate\\Foundation\\Application.php(1234): Illuminate\\Foundation\\Console\\Kernel->handle(Object(Symfony\\Component\\Console\\Input\\ArgvInput), Object(Symfony\\Component\\Console\\Output\\ConsoleOutput))
#33 C:\\shuriza\\rekap\\rekap\\artisan(16): Illuminate\\Foundation\\Application->handleCommand(Object(Symfony\\Component\\Console\\Input\\ArgvInput))
#34 {main}

[previous exception] [object] (PDOException(code: 42S02): SQLSTATE[42S02]: Base table or view not found: 1146 Table 'rekap.karyawan' doesn't exist at C:\\shuriza\\rekap\\rekap\\vendor\\laravel\\framework\\src\\Illuminate\\Database\\Connection.php:568)
[stacktrace]
#0 C:\\shuriza\\rekap\\rekap\\vendor\\laravel\\framework\\src\\Illuminate\\Database\\Connection.php(568): PDOStatement->execute()
#1 C:\\shuriza\\rekap\\rekap\\vendor\\laravel\\framework\\src\\Illuminate\\Database\\Connection.php(809): Illuminate\\Database\\Connection->Illuminate\\Database\\{closure}('alter table `ka...', Array)
#2 C:\\shuriza\\rekap\\rekap\\vendor\\laravel\\framework\\src\\Illuminate\\Database\\Connection.php(776): Illuminate\\Database\\Connection->runQueryCallback('alter table `ka...', Array, Object(Closure))
#3 C:\\shuriza\\rekap\\rekap\\vendor\\laravel\\framework\\src\\Illuminate\\Database\\Connection.php(557): Illuminate\\Database\\Connection->run('alter table `ka...', Array, Object(Closure))
#4 C:\\shuriza\\rekap\\rekap\\vendor\\laravel\\framework\\src\\Illuminate\\Database\\Schema\\Blueprint.php(119): Illuminate\\Database\\Connection->statement('alter table `ka...')
#5 C:\\shuriza\\rekap\\rekap\\vendor\\laravel\\framework\\src\\Illuminate\\Database\\Schema\\Builder.php(618): Illuminate\\Database\\Schema\\Blueprint->build()
#6 C:\\shuriza\\rekap\\rekap\\vendor\\laravel\\framework\\src\\Illuminate\\Database\\Schema\\Builder.php(460): Illuminate\\Database\\Schema\\Builder->build(Object(Illuminate\\Database\\Schema\\Blueprint))
#7 C:\\shuriza\\rekap\\rekap\\vendor\\laravel\\framework\\src\\Illuminate\\Support\\Facades\\Facade.php(361): Illuminate\\Database\\Schema\\Builder->table('karyawan', Object(Closure))
#8 C:\\shuriza\\rekap\\rekap\\database\\migrations\\2025_07_04_031609_add_nip_to_karyawan_table.php(14): Illuminate\\Support\\Facades\\Facade::__callStatic('table', Array)
#9 C:\\shuriza\\rekap\\rekap\\vendor\\laravel\\framework\\src\\Illuminate\\Database\\Migrations\\Migrator.php(514): Illuminate\\Database\\Migrations\\Migration@anonymous->up()
#10 C:\\shuriza\\rekap\\rekap\\vendor\\laravel\\framework\\src\\Illuminate\\Database\\Migrations\\Migrator.php(439): Illuminate\\Database\\Migrations\\Migrator->runMethod(Object(Illuminate\\Database\\MySqlConnection), Object(Illuminate\\Database\\Migrations\\Migration@anonymous), 'up')
#11 C:\\shuriza\\rekap\\rekap\\vendor\\laravel\\framework\\src\\Illuminate\\Database\\Migrations\\Migrator.php(448): Illuminate\\Database\\Migrations\\Migrator->Illuminate\\Database\\Migrations\\{closure}()
#12 C:\\shuriza\\rekap\\rekap\\vendor\\laravel\\framework\\src\\Illuminate\\Database\\Migrations\\Migrator.php(250): Illuminate\\Database\\Migrations\\Migrator->runMigration(Object(Illuminate\\Database\\Migrations\\Migration@anonymous), 'up')
#13 C:\\shuriza\\rekap\\rekap\\vendor\\laravel\\framework\\src\\Illuminate\\Console\\View\\Components\\Task.php(41): Illuminate\\Database\\Migrations\\Migrator->Illuminate\\Database\\Migrations\\{closure}()
#14 C:\\shuriza\\rekap\\rekap\\vendor\\laravel\\framework\\src\\Illuminate\\Database\\Migrations\\Migrator.php(805): Illuminate\\Console\\View\\Components\\Task->render('2025_07_04_0316...', Object(Closure))
#15 C:\\shuriza\\rekap\\rekap\\vendor\\laravel\\framework\\src\\Illuminate\\Database\\Migrations\\Migrator.php(250): Illuminate\\Database\\Migrations\\Migrator->write('Illuminate\\\\Cons...', '2025_07_04_0316...', Object(Closure))
#16 C:\\shuriza\\rekap\\rekap\\vendor\\laravel\\framework\\src\\Illuminate\\Database\\Migrations\\Migrator.php(210): Illuminate\\Database\\Migrations\\Migrator->runUp('C:\\\\shuriza\\\\reka...', 4, false)
#17 C:\\shuriza\\rekap\\rekap\\vendor\\laravel\\framework\\src\\Illuminate\\Database\\Migrations\\Migrator.php(137): Illuminate\\Database\\Migrations\\Migrator->runPending(Array, Array)
#18 C:\\shuriza\\rekap\\rekap\\vendor\\laravel\\framework\\src\\Illuminate\\Database\\Console\\Migrations\\MigrateCommand.php(116): Illuminate\\Database\\Migrations\\Migrator->run(Array, Array)
#19 C:\\shuriza\\rekap\\rekap\\vendor\\laravel\\framework\\src\\Illuminate\\Database\\Migrations\\Migrator.php(665): Illuminate\\Database\\Console\\Migrations\\MigrateCommand->Illuminate\\Database\\Console\\Migrations\\{closure}()
#20 C:\\shuriza\\rekap\\rekap\\vendor\\laravel\\framework\\src\\Illuminate\\Database\\Console\\Migrations\\MigrateCommand.php(109): Illuminate\\Database\\Migrations\\Migrator->usingConnection(NULL, Object(Closure))
#21 C:\\shuriza\\rekap\\rekap\\vendor\\laravel\\framework\\src\\Illuminate\\Database\\Console\\Migrations\\MigrateCommand.php(88): Illuminate\\Database\\Console\\Migrations\\MigrateCommand->runMigrations()
#22 C:\\shuriza\\rekap\\rekap\\vendor\\laravel\\framework\\src\\Illuminate\\Container\\BoundMethod.php(36): Illuminate\\Database\\Console\\Migrations\\MigrateCommand->handle()
#23 C:\\shuriza\\rekap\\rekap\\vendor\\laravel\\framework\\src\\Illuminate\\Container\\Util.php(43): Illuminate\\Container\\BoundMethod::Illuminate\\Container\\{closure}()
#24 C:\\shuriza\\rekap\\rekap\\vendor\\laravel\\framework\\src\\Illuminate\\Container\\BoundMethod.php(96): Illuminate\\Container\\Util::unwrapIfClosure(Object(Closure))
#25 C:\\shuriza\\rekap\\rekap\\vendor\\laravel\\framework\\src\\Illuminate\\Container\\BoundMethod.php(35): Illuminate\\Container\\BoundMethod::callBoundMethod(Object(Illuminate\\Foundation\\Application), Array, Object(Closure))
#26 C:\\shuriza\\rekap\\rekap\\vendor\\laravel\\framework\\src\\Illuminate\\Container\\Container.php(754): Illuminate\\Container\\BoundMethod::call(Object(Illuminate\\Foundation\\Application), Array, Array, NULL)
#27 C:\\shuriza\\rekap\\rekap\\vendor\\laravel\\framework\\src\\Illuminate\\Console\\Command.php(211): Illuminate\\Container\\Container->call(Array)
#28 C:\\shuriza\\rekap\\rekap\\vendor\\symfony\\console\\Command\\Command.php(279): Illuminate\\Console\\Command->execute(Object(Symfony\\Component\\Console\\Input\\ArgvInput), Object(Illuminate\\Console\\OutputStyle))
#29 C:\\shuriza\\rekap\\rekap\\vendor\\laravel\\framework\\src\\Illuminate\\Console\\Command.php(180): Symfony\\Component\\Console\\Command\\Command->run(Object(Symfony\\Component\\Console\\Input\\ArgvInput), Object(Illuminate\\Console\\OutputStyle))
#30 C:\\shuriza\\rekap\\rekap\\vendor\\symfony\\console\\Application.php(1094): Illuminate\\Console\\Command->run(Object(Symfony\\Component\\Console\\Input\\ArgvInput), Object(Symfony\\Component\\Console\\Output\\ConsoleOutput))
#31 C:\\shuriza\\rekap\\rekap\\vendor\\symfony\\console\\Application.php(342): Symfony\\Component\\Console\\Application->doRunCommand(Object(Illuminate\\Database\\Console\\Migrations\\MigrateCommand), Object(Symfony\\Component\\Console\\Input\\ArgvInput), Object(Symfony\\Component\\Console\\Output\\ConsoleOutput))
#32 C:\\shuriza\\rekap\\rekap\\vendor\\symfony\\console\\Application.php(193): Symfony\\Component\\Console\\Application->doRun(Object(Symfony\\Component\\Console\\Input\\ArgvInput), Object(Symfony\\Component\\Console\\Output\\ConsoleOutput))
#33 C:\\shuriza\\rekap\\rekap\\vendor\\laravel\\framework\\src\\Illuminate\\Foundation\\Console\\Kernel.php(197): Symfony\\Component\\Console\\Application->run(Object(Symfony\\Component\\Console\\Input\\ArgvInput), Object(Symfony\\Component\\Console\\Output\\ConsoleOutput))
#34 C:\\shuriza\\rekap\\rekap\\vendor\\laravel\\framework\\src\\Illuminate\\Foundation\\Application.php(1234): Illuminate\\Foundation\\Console\\Kernel->handle(Object(Symfony\\Component\\Console\\Input\\ArgvInput), Object(Symfony\\Component\\Console\\Output\\ConsoleOutput))
#35 C:\\shuriza\\rekap\\rekap\\artisan(16): Illuminate\\Foundation\\Application->handleCommand(Object(Symfony\\Component\\Console\\Input\\ArgvInput))
#36 {main}
"} 
[2025-07-04 03:19:09] local.ERROR: SQLSTATE[23000]: Integrity constraint violation: 1062 Duplicate entry '' for key 'karyawans.karyawans_nip_unique' (Connection: mysql, SQL: alter table `karyawans` add unique `karyawans_nip_unique`(`nip`)) {"exception":"[object] (Illuminate\\Database\\UniqueConstraintViolationException(code: 23000): SQLSTATE[23000]: Integrity constraint violation: 1062 Duplicate entry '' for key 'karyawans.karyawans_nip_unique' (Connection: mysql, SQL: alter table `karyawans` add unique `karyawans_nip_unique`(`nip`)) at C:\\shuriza\\rekap\\rekap\\vendor\\laravel\\framework\\src\\Illuminate\\Database\\Connection.php:817)
[stacktrace]
#0 C:\\shuriza\\rekap\\rekap\\vendor\\laravel\\framework\\src\\Illuminate\\Database\\Connection.php(776): Illuminate\\Database\\Connection->runQueryCallback('alter table `ka...', Array, Object(Closure))
#1 C:\\shuriza\\rekap\\rekap\\vendor\\laravel\\framework\\src\\Illuminate\\Database\\Connection.php(557): Illuminate\\Database\\Connection->run('alter table `ka...', Array, Object(Closure))
#2 C:\\shuriza\\rekap\\rekap\\vendor\\laravel\\framework\\src\\Illuminate\\Database\\Schema\\Blueprint.php(119): Illuminate\\Database\\Connection->statement('alter table `ka...')
#3 C:\\shuriza\\rekap\\rekap\\vendor\\laravel\\framework\\src\\Illuminate\\Database\\Schema\\Builder.php(618): Illuminate\\Database\\Schema\\Blueprint->build()
#4 C:\\shuriza\\rekap\\rekap\\vendor\\laravel\\framework\\src\\Illuminate\\Database\\Schema\\Builder.php(460): Illuminate\\Database\\Schema\\Builder->build(Object(Illuminate\\Database\\Schema\\Blueprint))
#5 C:\\shuriza\\rekap\\rekap\\vendor\\laravel\\framework\\src\\Illuminate\\Support\\Facades\\Facade.php(361): Illuminate\\Database\\Schema\\Builder->table('karyawans', Object(Closure))
#6 C:\\shuriza\\rekap\\rekap\\database\\migrations\\2025_07_04_031609_add_nip_to_karyawan_table.php(14): Illuminate\\Support\\Facades\\Facade::__callStatic('table', Array)
#7 C:\\shuriza\\rekap\\rekap\\vendor\\laravel\\framework\\src\\Illuminate\\Database\\Migrations\\Migrator.php(514): Illuminate\\Database\\Migrations\\Migration@anonymous->up()
#8 C:\\shuriza\\rekap\\rekap\\vendor\\laravel\\framework\\src\\Illuminate\\Database\\Migrations\\Migrator.php(439): Illuminate\\Database\\Migrations\\Migrator->runMethod(Object(Illuminate\\Database\\MySqlConnection), Object(Illuminate\\Database\\Migrations\\Migration@anonymous), 'up')
#9 C:\\shuriza\\rekap\\rekap\\vendor\\laravel\\framework\\src\\Illuminate\\Database\\Migrations\\Migrator.php(448): Illuminate\\Database\\Migrations\\Migrator->Illuminate\\Database\\Migrations\\{closure}()
#10 C:\\shuriza\\rekap\\rekap\\vendor\\laravel\\framework\\src\\Illuminate\\Database\\Migrations\\Migrator.php(250): Illuminate\\Database\\Migrations\\Migrator->runMigration(Object(Illuminate\\Database\\Migrations\\Migration@anonymous), 'up')
#11 C:\\shuriza\\rekap\\rekap\\vendor\\laravel\\framework\\src\\Illuminate\\Console\\View\\Components\\Task.php(41): Illuminate\\Database\\Migrations\\Migrator->Illuminate\\Database\\Migrations\\{closure}()
#12 C:\\shuriza\\rekap\\rekap\\vendor\\laravel\\framework\\src\\Illuminate\\Database\\Migrations\\Migrator.php(805): Illuminate\\Console\\View\\Components\\Task->render('2025_07_04_0316...', Object(Closure))
#13 C:\\shuriza\\rekap\\rekap\\vendor\\laravel\\framework\\src\\Illuminate\\Database\\Migrations\\Migrator.php(250): Illuminate\\Database\\Migrations\\Migrator->write('Illuminate\\\\Cons...', '2025_07_04_0316...', Object(Closure))
#14 C:\\shuriza\\rekap\\rekap\\vendor\\laravel\\framework\\src\\Illuminate\\Database\\Migrations\\Migrator.php(210): Illuminate\\Database\\Migrations\\Migrator->runUp('C:\\\\shuriza\\\\reka...', 4, false)
#15 C:\\shuriza\\rekap\\rekap\\vendor\\laravel\\framework\\src\\Illuminate\\Database\\Migrations\\Migrator.php(137): Illuminate\\Database\\Migrations\\Migrator->runPending(Array, Array)
#16 C:\\shuriza\\rekap\\rekap\\vendor\\laravel\\framework\\src\\Illuminate\\Database\\Console\\Migrations\\MigrateCommand.php(116): Illuminate\\Database\\Migrations\\Migrator->run(Array, Array)
#17 C:\\shuriza\\rekap\\rekap\\vendor\\laravel\\framework\\src\\Illuminate\\Database\\Migrations\\Migrator.php(665): Illuminate\\Database\\Console\\Migrations\\MigrateCommand->Illuminate\\Database\\Console\\Migrations\\{closure}()
#18 C:\\shuriza\\rekap\\rekap\\vendor\\laravel\\framework\\src\\Illuminate\\Database\\Console\\Migrations\\MigrateCommand.php(109): Illuminate\\Database\\Migrations\\Migrator->usingConnection(NULL, Object(Closure))
#19 C:\\shuriza\\rekap\\rekap\\vendor\\laravel\\framework\\src\\Illuminate\\Database\\Console\\Migrations\\MigrateCommand.php(88): Illuminate\\Database\\Console\\Migrations\\MigrateCommand->runMigrations()
#20 C:\\shuriza\\rekap\\rekap\\vendor\\laravel\\framework\\src\\Illuminate\\Container\\BoundMethod.php(36): Illuminate\\Database\\Console\\Migrations\\MigrateCommand->handle()
#21 C:\\shuriza\\rekap\\rekap\\vendor\\laravel\\framework\\src\\Illuminate\\Container\\Util.php(43): Illuminate\\Container\\BoundMethod::Illuminate\\Container\\{closure}()
#22 C:\\shuriza\\rekap\\rekap\\vendor\\laravel\\framework\\src\\Illuminate\\Container\\BoundMethod.php(96): Illuminate\\Container\\Util::unwrapIfClosure(Object(Closure))
#23 C:\\shuriza\\rekap\\rekap\\vendor\\laravel\\framework\\src\\Illuminate\\Container\\BoundMethod.php(35): Illuminate\\Container\\BoundMethod::callBoundMethod(Object(Illuminate\\Foundation\\Application), Array, Object(Closure))
#24 C:\\shuriza\\rekap\\rekap\\vendor\\laravel\\framework\\src\\Illuminate\\Container\\Container.php(754): Illuminate\\Container\\BoundMethod::call(Object(Illuminate\\Foundation\\Application), Array, Array, NULL)
#25 C:\\shuriza\\rekap\\rekap\\vendor\\laravel\\framework\\src\\Illuminate\\Console\\Command.php(211): Illuminate\\Container\\Container->call(Array)
#26 C:\\shuriza\\rekap\\rekap\\vendor\\symfony\\console\\Command\\Command.php(279): Illuminate\\Console\\Command->execute(Object(Symfony\\Component\\Console\\Input\\ArgvInput), Object(Illuminate\\Console\\OutputStyle))
#27 C:\\shuriza\\rekap\\rekap\\vendor\\laravel\\framework\\src\\Illuminate\\Console\\Command.php(180): Symfony\\Component\\Console\\Command\\Command->run(Object(Symfony\\Component\\Console\\Input\\ArgvInput), Object(Illuminate\\Console\\OutputStyle))
#28 C:\\shuriza\\rekap\\rekap\\vendor\\symfony\\console\\Application.php(1094): Illuminate\\Console\\Command->run(Object(Symfony\\Component\\Console\\Input\\ArgvInput), Object(Symfony\\Component\\Console\\Output\\ConsoleOutput))
#29 C:\\shuriza\\rekap\\rekap\\vendor\\symfony\\console\\Application.php(342): Symfony\\Component\\Console\\Application->doRunCommand(Object(Illuminate\\Database\\Console\\Migrations\\MigrateCommand), Object(Symfony\\Component\\Console\\Input\\ArgvInput), Object(Symfony\\Component\\Console\\Output\\ConsoleOutput))
#30 C:\\shuriza\\rekap\\rekap\\vendor\\symfony\\console\\Application.php(193): Symfony\\Component\\Console\\Application->doRun(Object(Symfony\\Component\\Console\\Input\\ArgvInput), Object(Symfony\\Component\\Console\\Output\\ConsoleOutput))
#31 C:\\shuriza\\rekap\\rekap\\vendor\\laravel\\framework\\src\\Illuminate\\Foundation\\Console\\Kernel.php(197): Symfony\\Component\\Console\\Application->run(Object(Symfony\\Component\\Console\\Input\\ArgvInput), Object(Symfony\\Component\\Console\\Output\\ConsoleOutput))
#32 C:\\shuriza\\rekap\\rekap\\vendor\\laravel\\framework\\src\\Illuminate\\Foundation\\Application.php(1234): Illuminate\\Foundation\\Console\\Kernel->handle(Object(Symfony\\Component\\Console\\Input\\ArgvInput), Object(Symfony\\Component\\Console\\Output\\ConsoleOutput))
#33 C:\\shuriza\\rekap\\rekap\\artisan(16): Illuminate\\Foundation\\Application->handleCommand(Object(Symfony\\Component\\Console\\Input\\ArgvInput))
#34 {main}

[previous exception] [object] (PDOException(code: 23000): SQLSTATE[23000]: Integrity constraint violation: 1062 Duplicate entry '' for key 'karyawans.karyawans_nip_unique' at C:\\shuriza\\rekap\\rekap\\vendor\\laravel\\framework\\src\\Illuminate\\Database\\Connection.php:568)
[stacktrace]
#0 C:\\shuriza\\rekap\\rekap\\vendor\\laravel\\framework\\src\\Illuminate\\Database\\Connection.php(568): PDOStatement->execute()
#1 C:\\shuriza\\rekap\\rekap\\vendor\\laravel\\framework\\src\\Illuminate\\Database\\Connection.php(809): Illuminate\\Database\\Connection->Illuminate\\Database\\{closure}('alter table `ka...', Array)
#2 C:\\shuriza\\rekap\\rekap\\vendor\\laravel\\framework\\src\\Illuminate\\Database\\Connection.php(776): Illuminate\\Database\\Connection->runQueryCallback('alter table `ka...', Array, Object(Closure))
#3 C:\\shuriza\\rekap\\rekap\\vendor\\laravel\\framework\\src\\Illuminate\\Database\\Connection.php(557): Illuminate\\Database\\Connection->run('alter table `ka...', Array, Object(Closure))
#4 C:\\shuriza\\rekap\\rekap\\vendor\\laravel\\framework\\src\\Illuminate\\Database\\Schema\\Blueprint.php(119): Illuminate\\Database\\Connection->statement('alter table `ka...')
#5 C:\\shuriza\\rekap\\rekap\\vendor\\laravel\\framework\\src\\Illuminate\\Database\\Schema\\Builder.php(618): Illuminate\\Database\\Schema\\Blueprint->build()
#6 C:\\shuriza\\rekap\\rekap\\vendor\\laravel\\framework\\src\\Illuminate\\Database\\Schema\\Builder.php(460): Illuminate\\Database\\Schema\\Builder->build(Object(Illuminate\\Database\\Schema\\Blueprint))
#7 C:\\shuriza\\rekap\\rekap\\vendor\\laravel\\framework\\src\\Illuminate\\Support\\Facades\\Facade.php(361): Illuminate\\Database\\Schema\\Builder->table('karyawans', Object(Closure))
#8 C:\\shuriza\\rekap\\rekap\\database\\migrations\\2025_07_04_031609_add_nip_to_karyawan_table.php(14): Illuminate\\Support\\Facades\\Facade::__callStatic('table', Array)
#9 C:\\shuriza\\rekap\\rekap\\vendor\\laravel\\framework\\src\\Illuminate\\Database\\Migrations\\Migrator.php(514): Illuminate\\Database\\Migrations\\Migration@anonymous->up()
#10 C:\\shuriza\\rekap\\rekap\\vendor\\laravel\\framework\\src\\Illuminate\\Database\\Migrations\\Migrator.php(439): Illuminate\\Database\\Migrations\\Migrator->runMethod(Object(Illuminate\\Database\\MySqlConnection), Object(Illuminate\\Database\\Migrations\\Migration@anonymous), 'up')
#11 C:\\shuriza\\rekap\\rekap\\vendor\\laravel\\framework\\src\\Illuminate\\Database\\Migrations\\Migrator.php(448): Illuminate\\Database\\Migrations\\Migrator->Illuminate\\Database\\Migrations\\{closure}()
#12 C:\\shuriza\\rekap\\rekap\\vendor\\laravel\\framework\\src\\Illuminate\\Database\\Migrations\\Migrator.php(250): Illuminate\\Database\\Migrations\\Migrator->runMigration(Object(Illuminate\\Database\\Migrations\\Migration@anonymous), 'up')
#13 C:\\shuriza\\rekap\\rekap\\vendor\\laravel\\framework\\src\\Illuminate\\Console\\View\\Components\\Task.php(41): Illuminate\\Database\\Migrations\\Migrator->Illuminate\\Database\\Migrations\\{closure}()
#14 C:\\shuriza\\rekap\\rekap\\vendor\\laravel\\framework\\src\\Illuminate\\Database\\Migrations\\Migrator.php(805): Illuminate\\Console\\View\\Components\\Task->render('2025_07_04_0316...', Object(Closure))
#15 C:\\shuriza\\rekap\\rekap\\vendor\\laravel\\framework\\src\\Illuminate\\Database\\Migrations\\Migrator.php(250): Illuminate\\Database\\Migrations\\Migrator->write('Illuminate\\\\Cons...', '2025_07_04_0316...', Object(Closure))
#16 C:\\shuriza\\rekap\\rekap\\vendor\\laravel\\framework\\src\\Illuminate\\Database\\Migrations\\Migrator.php(210): Illuminate\\Database\\Migrations\\Migrator->runUp('C:\\\\shuriza\\\\reka...', 4, false)
#17 C:\\shuriza\\rekap\\rekap\\vendor\\laravel\\framework\\src\\Illuminate\\Database\\Migrations\\Migrator.php(137): Illuminate\\Database\\Migrations\\Migrator->runPending(Array, Array)
#18 C:\\shuriza\\rekap\\rekap\\vendor\\laravel\\framework\\src\\Illuminate\\Database\\Console\\Migrations\\MigrateCommand.php(116): Illuminate\\Database\\Migrations\\Migrator->run(Array, Array)
#19 C:\\shuriza\\rekap\\rekap\\vendor\\laravel\\framework\\src\\Illuminate\\Database\\Migrations\\Migrator.php(665): Illuminate\\Database\\Console\\Migrations\\MigrateCommand->Illuminate\\Database\\Console\\Migrations\\{closure}()
#20 C:\\shuriza\\rekap\\rekap\\vendor\\laravel\\framework\\src\\Illuminate\\Database\\Console\\Migrations\\MigrateCommand.php(109): Illuminate\\Database\\Migrations\\Migrator->usingConnection(NULL, Object(Closure))
#21 C:\\shuriza\\rekap\\rekap\\vendor\\laravel\\framework\\src\\Illuminate\\Database\\Console\\Migrations\\MigrateCommand.php(88): Illuminate\\Database\\Console\\Migrations\\MigrateCommand->runMigrations()
#22 C:\\shuriza\\rekap\\rekap\\vendor\\laravel\\framework\\src\\Illuminate\\Container\\BoundMethod.php(36): Illuminate\\Database\\Console\\Migrations\\MigrateCommand->handle()
#23 C:\\shuriza\\rekap\\rekap\\vendor\\laravel\\framework\\src\\Illuminate\\Container\\Util.php(43): Illuminate\\Container\\BoundMethod::Illuminate\\Container\\{closure}()
#24 C:\\shuriza\\rekap\\rekap\\vendor\\laravel\\framework\\src\\Illuminate\\Container\\BoundMethod.php(96): Illuminate\\Container\\Util::unwrapIfClosure(Object(Closure))
#25 C:\\shuriza\\rekap\\rekap\\vendor\\laravel\\framework\\src\\Illuminate\\Container\\BoundMethod.php(35): Illuminate\\Container\\BoundMethod::callBoundMethod(Object(Illuminate\\Foundation\\Application), Array, Object(Closure))
#26 C:\\shuriza\\rekap\\rekap\\vendor\\laravel\\framework\\src\\Illuminate\\Container\\Container.php(754): Illuminate\\Container\\BoundMethod::call(Object(Illuminate\\Foundation\\Application), Array, Array, NULL)
#27 C:\\shuriza\\rekap\\rekap\\vendor\\laravel\\framework\\src\\Illuminate\\Console\\Command.php(211): Illuminate\\Container\\Container->call(Array)
#28 C:\\shuriza\\rekap\\rekap\\vendor\\symfony\\console\\Command\\Command.php(279): Illuminate\\Console\\Command->execute(Object(Symfony\\Component\\Console\\Input\\ArgvInput), Object(Illuminate\\Console\\OutputStyle))
#29 C:\\shuriza\\rekap\\rekap\\vendor\\laravel\\framework\\src\\Illuminate\\Console\\Command.php(180): Symfony\\Component\\Console\\Command\\Command->run(Object(Symfony\\Component\\Console\\Input\\ArgvInput), Object(Illuminate\\Console\\OutputStyle))
#30 C:\\shuriza\\rekap\\rekap\\vendor\\symfony\\console\\Application.php(1094): Illuminate\\Console\\Command->run(Object(Symfony\\Component\\Console\\Input\\ArgvInput), Object(Symfony\\Component\\Console\\Output\\ConsoleOutput))
#31 C:\\shuriza\\rekap\\rekap\\vendor\\symfony\\console\\Application.php(342): Symfony\\Component\\Console\\Application->doRunCommand(Object(Illuminate\\Database\\Console\\Migrations\\MigrateCommand), Object(Symfony\\Component\\Console\\Input\\ArgvInput), Object(Symfony\\Component\\Console\\Output\\ConsoleOutput))
#32 C:\\shuriza\\rekap\\rekap\\vendor\\symfony\\console\\Application.php(193): Symfony\\Component\\Console\\Application->doRun(Object(Symfony\\Component\\Console\\Input\\ArgvInput), Object(Symfony\\Component\\Console\\Output\\ConsoleOutput))
#33 C:\\shuriza\\rekap\\rekap\\vendor\\laravel\\framework\\src\\Illuminate\\Foundation\\Console\\Kernel.php(197): Symfony\\Component\\Console\\Application->run(Object(Symfony\\Component\\Console\\Input\\ArgvInput), Object(Symfony\\Component\\Console\\Output\\ConsoleOutput))
#34 C:\\shuriza\\rekap\\rekap\\vendor\\laravel\\framework\\src\\Illuminate\\Foundation\\Application.php(1234): Illuminate\\Foundation\\Console\\Kernel->handle(Object(Symfony\\Component\\Console\\Input\\ArgvInput), Object(Symfony\\Component\\Console\\Output\\ConsoleOutput))
#35 C:\\shuriza\\rekap\\rekap\\artisan(16): Illuminate\\Foundation\\Application->handleCommand(Object(Symfony\\Component\\Console\\Input\\ArgvInput))
#36 {main}
"} 
[2025-07-04 03:19:43] local.ERROR: SQLSTATE[42S21]: Column already exists: 1060 Duplicate column name 'nip' (Connection: mysql, SQL: alter table `karyawans` add `nip` varchar(255) not null after `id`) {"exception":"[object] (Illuminate\\Database\\QueryException(code: 42S21): SQLSTATE[42S21]: Column already exists: 1060 Duplicate column name 'nip' (Connection: mysql, SQL: alter table `karyawans` add `nip` varchar(255) not null after `id`) at C:\\shuriza\\rekap\\rekap\\vendor\\laravel\\framework\\src\\Illuminate\\Database\\Connection.php:822)
[stacktrace]
#0 C:\\shuriza\\rekap\\rekap\\vendor\\laravel\\framework\\src\\Illuminate\\Database\\Connection.php(776): Illuminate\\Database\\Connection->runQueryCallback('alter table `ka...', Array, Object(Closure))
#1 C:\\shuriza\\rekap\\rekap\\vendor\\laravel\\framework\\src\\Illuminate\\Database\\Connection.php(557): Illuminate\\Database\\Connection->run('alter table `ka...', Array, Object(Closure))
#2 C:\\shuriza\\rekap\\rekap\\vendor\\laravel\\framework\\src\\Illuminate\\Database\\Schema\\Blueprint.php(119): Illuminate\\Database\\Connection->statement('alter table `ka...')
#3 C:\\shuriza\\rekap\\rekap\\vendor\\laravel\\framework\\src\\Illuminate\\Database\\Schema\\Builder.php(618): Illuminate\\Database\\Schema\\Blueprint->build()
#4 C:\\shuriza\\rekap\\rekap\\vendor\\laravel\\framework\\src\\Illuminate\\Database\\Schema\\Builder.php(460): Illuminate\\Database\\Schema\\Builder->build(Object(Illuminate\\Database\\Schema\\Blueprint))
#5 C:\\shuriza\\rekap\\rekap\\vendor\\laravel\\framework\\src\\Illuminate\\Support\\Facades\\Facade.php(361): Illuminate\\Database\\Schema\\Builder->table('karyawans', Object(Closure))
#6 C:\\shuriza\\rekap\\rekap\\database\\migrations\\2025_07_04_031609_add_nip_to_karyawan_table.php(14): Illuminate\\Support\\Facades\\Facade::__callStatic('table', Array)
#7 C:\\shuriza\\rekap\\rekap\\vendor\\laravel\\framework\\src\\Illuminate\\Database\\Migrations\\Migrator.php(514): Illuminate\\Database\\Migrations\\Migration@anonymous->up()
#8 C:\\shuriza\\rekap\\rekap\\vendor\\laravel\\framework\\src\\Illuminate\\Database\\Migrations\\Migrator.php(439): Illuminate\\Database\\Migrations\\Migrator->runMethod(Object(Illuminate\\Database\\MySqlConnection), Object(Illuminate\\Database\\Migrations\\Migration@anonymous), 'up')
#9 C:\\shuriza\\rekap\\rekap\\vendor\\laravel\\framework\\src\\Illuminate\\Database\\Migrations\\Migrator.php(448): Illuminate\\Database\\Migrations\\Migrator->Illuminate\\Database\\Migrations\\{closure}()
#10 C:\\shuriza\\rekap\\rekap\\vendor\\laravel\\framework\\src\\Illuminate\\Database\\Migrations\\Migrator.php(250): Illuminate\\Database\\Migrations\\Migrator->runMigration(Object(Illuminate\\Database\\Migrations\\Migration@anonymous), 'up')
#11 C:\\shuriza\\rekap\\rekap\\vendor\\laravel\\framework\\src\\Illuminate\\Console\\View\\Components\\Task.php(41): Illuminate\\Database\\Migrations\\Migrator->Illuminate\\Database\\Migrations\\{closure}()
#12 C:\\shuriza\\rekap\\rekap\\vendor\\laravel\\framework\\src\\Illuminate\\Database\\Migrations\\Migrator.php(805): Illuminate\\Console\\View\\Components\\Task->render('2025_07_04_0316...', Object(Closure))
#13 C:\\shuriza\\rekap\\rekap\\vendor\\laravel\\framework\\src\\Illuminate\\Database\\Migrations\\Migrator.php(250): Illuminate\\Database\\Migrations\\Migrator->write('Illuminate\\\\Cons...', '2025_07_04_0316...', Object(Closure))
#14 C:\\shuriza\\rekap\\rekap\\vendor\\laravel\\framework\\src\\Illuminate\\Database\\Migrations\\Migrator.php(210): Illuminate\\Database\\Migrations\\Migrator->runUp('C:\\\\shuriza\\\\reka...', 4, false)
#15 C:\\shuriza\\rekap\\rekap\\vendor\\laravel\\framework\\src\\Illuminate\\Database\\Migrations\\Migrator.php(137): Illuminate\\Database\\Migrations\\Migrator->runPending(Array, Array)
#16 C:\\shuriza\\rekap\\rekap\\vendor\\laravel\\framework\\src\\Illuminate\\Database\\Console\\Migrations\\MigrateCommand.php(116): Illuminate\\Database\\Migrations\\Migrator->run(Array, Array)
#17 C:\\shuriza\\rekap\\rekap\\vendor\\laravel\\framework\\src\\Illuminate\\Database\\Migrations\\Migrator.php(665): Illuminate\\Database\\Console\\Migrations\\MigrateCommand->Illuminate\\Database\\Console\\Migrations\\{closure}()
#18 C:\\shuriza\\rekap\\rekap\\vendor\\laravel\\framework\\src\\Illuminate\\Database\\Console\\Migrations\\MigrateCommand.php(109): Illuminate\\Database\\Migrations\\Migrator->usingConnection(NULL, Object(Closure))
#19 C:\\shuriza\\rekap\\rekap\\vendor\\laravel\\framework\\src\\Illuminate\\Database\\Console\\Migrations\\MigrateCommand.php(88): Illuminate\\Database\\Console\\Migrations\\MigrateCommand->runMigrations()
#20 C:\\shuriza\\rekap\\rekap\\vendor\\laravel\\framework\\src\\Illuminate\\Container\\BoundMethod.php(36): Illuminate\\Database\\Console\\Migrations\\MigrateCommand->handle()
#21 C:\\shuriza\\rekap\\rekap\\vendor\\laravel\\framework\\src\\Illuminate\\Container\\Util.php(43): Illuminate\\Container\\BoundMethod::Illuminate\\Container\\{closure}()
#22 C:\\shuriza\\rekap\\rekap\\vendor\\laravel\\framework\\src\\Illuminate\\Container\\BoundMethod.php(96): Illuminate\\Container\\Util::unwrapIfClosure(Object(Closure))
#23 C:\\shuriza\\rekap\\rekap\\vendor\\laravel\\framework\\src\\Illuminate\\Container\\BoundMethod.php(35): Illuminate\\Container\\BoundMethod::callBoundMethod(Object(Illuminate\\Foundation\\Application), Array, Object(Closure))
#24 C:\\shuriza\\rekap\\rekap\\vendor\\laravel\\framework\\src\\Illuminate\\Container\\Container.php(754): Illuminate\\Container\\BoundMethod::call(Object(Illuminate\\Foundation\\Application), Array, Array, NULL)
#25 C:\\shuriza\\rekap\\rekap\\vendor\\laravel\\framework\\src\\Illuminate\\Console\\Command.php(211): Illuminate\\Container\\Container->call(Array)
#26 C:\\shuriza\\rekap\\rekap\\vendor\\symfony\\console\\Command\\Command.php(279): Illuminate\\Console\\Command->execute(Object(Symfony\\Component\\Console\\Input\\ArgvInput), Object(Illuminate\\Console\\OutputStyle))
#27 C:\\shuriza\\rekap\\rekap\\vendor\\laravel\\framework\\src\\Illuminate\\Console\\Command.php(180): Symfony\\Component\\Console\\Command\\Command->run(Object(Symfony\\Component\\Console\\Input\\ArgvInput), Object(Illuminate\\Console\\OutputStyle))
#28 C:\\shuriza\\rekap\\rekap\\vendor\\symfony\\console\\Application.php(1094): Illuminate\\Console\\Command->run(Object(Symfony\\Component\\Console\\Input\\ArgvInput), Object(Symfony\\Component\\Console\\Output\\ConsoleOutput))
#29 C:\\shuriza\\rekap\\rekap\\vendor\\symfony\\console\\Application.php(342): Symfony\\Component\\Console\\Application->doRunCommand(Object(Illuminate\\Database\\Console\\Migrations\\MigrateCommand), Object(Symfony\\Component\\Console\\Input\\ArgvInput), Object(Symfony\\Component\\Console\\Output\\ConsoleOutput))
#30 C:\\shuriza\\rekap\\rekap\\vendor\\symfony\\console\\Application.php(193): Symfony\\Component\\Console\\Application->doRun(Object(Symfony\\Component\\Console\\Input\\ArgvInput), Object(Symfony\\Component\\Console\\Output\\ConsoleOutput))
#31 C:\\shuriza\\rekap\\rekap\\vendor\\laravel\\framework\\src\\Illuminate\\Foundation\\Console\\Kernel.php(197): Symfony\\Component\\Console\\Application->run(Object(Symfony\\Component\\Console\\Input\\ArgvInput), Object(Symfony\\Component\\Console\\Output\\ConsoleOutput))
#32 C:\\shuriza\\rekap\\rekap\\vendor\\laravel\\framework\\src\\Illuminate\\Foundation\\Application.php(1234): Illuminate\\Foundation\\Console\\Kernel->handle(Object(Symfony\\Component\\Console\\Input\\ArgvInput), Object(Symfony\\Component\\Console\\Output\\ConsoleOutput))
#33 C:\\shuriza\\rekap\\rekap\\artisan(16): Illuminate\\Foundation\\Application->handleCommand(Object(Symfony\\Component\\Console\\Input\\ArgvInput))
#34 {main}

[previous exception] [object] (PDOException(code: 42S21): SQLSTATE[42S21]: Column already exists: 1060 Duplicate column name 'nip' at C:\\shuriza\\rekap\\rekap\\vendor\\laravel\\framework\\src\\Illuminate\\Database\\Connection.php:568)
[stacktrace]
#0 C:\\shuriza\\rekap\\rekap\\vendor\\laravel\\framework\\src\\Illuminate\\Database\\Connection.php(568): PDOStatement->execute()
#1 C:\\shuriza\\rekap\\rekap\\vendor\\laravel\\framework\\src\\Illuminate\\Database\\Connection.php(809): Illuminate\\Database\\Connection->Illuminate\\Database\\{closure}('alter table `ka...', Array)
#2 C:\\shuriza\\rekap\\rekap\\vendor\\laravel\\framework\\src\\Illuminate\\Database\\Connection.php(776): Illuminate\\Database\\Connection->runQueryCallback('alter table `ka...', Array, Object(Closure))
#3 C:\\shuriza\\rekap\\rekap\\vendor\\laravel\\framework\\src\\Illuminate\\Database\\Connection.php(557): Illuminate\\Database\\Connection->run('alter table `ka...', Array, Object(Closure))
#4 C:\\shuriza\\rekap\\rekap\\vendor\\laravel\\framework\\src\\Illuminate\\Database\\Schema\\Blueprint.php(119): Illuminate\\Database\\Connection->statement('alter table `ka...')
#5 C:\\shuriza\\rekap\\rekap\\vendor\\laravel\\framework\\src\\Illuminate\\Database\\Schema\\Builder.php(618): Illuminate\\Database\\Schema\\Blueprint->build()
#6 C:\\shuriza\\rekap\\rekap\\vendor\\laravel\\framework\\src\\Illuminate\\Database\\Schema\\Builder.php(460): Illuminate\\Database\\Schema\\Builder->build(Object(Illuminate\\Database\\Schema\\Blueprint))
#7 C:\\shuriza\\rekap\\rekap\\vendor\\laravel\\framework\\src\\Illuminate\\Support\\Facades\\Facade.php(361): Illuminate\\Database\\Schema\\Builder->table('karyawans', Object(Closure))
#8 C:\\shuriza\\rekap\\rekap\\database\\migrations\\2025_07_04_031609_add_nip_to_karyawan_table.php(14): Illuminate\\Support\\Facades\\Facade::__callStatic('table', Array)
#9 C:\\shuriza\\rekap\\rekap\\vendor\\laravel\\framework\\src\\Illuminate\\Database\\Migrations\\Migrator.php(514): Illuminate\\Database\\Migrations\\Migration@anonymous->up()
#10 C:\\shuriza\\rekap\\rekap\\vendor\\laravel\\framework\\src\\Illuminate\\Database\\Migrations\\Migrator.php(439): Illuminate\\Database\\Migrations\\Migrator->runMethod(Object(Illuminate\\Database\\MySqlConnection), Object(Illuminate\\Database\\Migrations\\Migration@anonymous), 'up')
#11 C:\\shuriza\\rekap\\rekap\\vendor\\laravel\\framework\\src\\Illuminate\\Database\\Migrations\\Migrator.php(448): Illuminate\\Database\\Migrations\\Migrator->Illuminate\\Database\\Migrations\\{closure}()
#12 C:\\shuriza\\rekap\\rekap\\vendor\\laravel\\framework\\src\\Illuminate\\Database\\Migrations\\Migrator.php(250): Illuminate\\Database\\Migrations\\Migrator->runMigration(Object(Illuminate\\Database\\Migrations\\Migration@anonymous), 'up')
#13 C:\\shuriza\\rekap\\rekap\\vendor\\laravel\\framework\\src\\Illuminate\\Console\\View\\Components\\Task.php(41): Illuminate\\Database\\Migrations\\Migrator->Illuminate\\Database\\Migrations\\{closure}()
#14 C:\\shuriza\\rekap\\rekap\\vendor\\laravel\\framework\\src\\Illuminate\\Database\\Migrations\\Migrator.php(805): Illuminate\\Console\\View\\Components\\Task->render('2025_07_04_0316...', Object(Closure))
#15 C:\\shuriza\\rekap\\rekap\\vendor\\laravel\\framework\\src\\Illuminate\\Database\\Migrations\\Migrator.php(250): Illuminate\\Database\\Migrations\\Migrator->write('Illuminate\\\\Cons...', '2025_07_04_0316...', Object(Closure))
#16 C:\\shuriza\\rekap\\rekap\\vendor\\laravel\\framework\\src\\Illuminate\\Database\\Migrations\\Migrator.php(210): Illuminate\\Database\\Migrations\\Migrator->runUp('C:\\\\shuriza\\\\reka...', 4, false)
#17 C:\\shuriza\\rekap\\rekap\\vendor\\laravel\\framework\\src\\Illuminate\\Database\\Migrations\\Migrator.php(137): Illuminate\\Database\\Migrations\\Migrator->runPending(Array, Array)
#18 C:\\shuriza\\rekap\\rekap\\vendor\\laravel\\framework\\src\\Illuminate\\Database\\Console\\Migrations\\MigrateCommand.php(116): Illuminate\\Database\\Migrations\\Migrator->run(Array, Array)
#19 C:\\shuriza\\rekap\\rekap\\vendor\\laravel\\framework\\src\\Illuminate\\Database\\Migrations\\Migrator.php(665): Illuminate\\Database\\Console\\Migrations\\MigrateCommand->Illuminate\\Database\\Console\\Migrations\\{closure}()
#20 C:\\shuriza\\rekap\\rekap\\vendor\\laravel\\framework\\src\\Illuminate\\Database\\Console\\Migrations\\MigrateCommand.php(109): Illuminate\\Database\\Migrations\\Migrator->usingConnection(NULL, Object(Closure))
#21 C:\\shuriza\\rekap\\rekap\\vendor\\laravel\\framework\\src\\Illuminate\\Database\\Console\\Migrations\\MigrateCommand.php(88): Illuminate\\Database\\Console\\Migrations\\MigrateCommand->runMigrations()
#22 C:\\shuriza\\rekap\\rekap\\vendor\\laravel\\framework\\src\\Illuminate\\Container\\BoundMethod.php(36): Illuminate\\Database\\Console\\Migrations\\MigrateCommand->handle()
#23 C:\\shuriza\\rekap\\rekap\\vendor\\laravel\\framework\\src\\Illuminate\\Container\\Util.php(43): Illuminate\\Container\\BoundMethod::Illuminate\\Container\\{closure}()
#24 C:\\shuriza\\rekap\\rekap\\vendor\\laravel\\framework\\src\\Illuminate\\Container\\BoundMethod.php(96): Illuminate\\Container\\Util::unwrapIfClosure(Object(Closure))
#25 C:\\shuriza\\rekap\\rekap\\vendor\\laravel\\framework\\src\\Illuminate\\Container\\BoundMethod.php(35): Illuminate\\Container\\BoundMethod::callBoundMethod(Object(Illuminate\\Foundation\\Application), Array, Object(Closure))
#26 C:\\shuriza\\rekap\\rekap\\vendor\\laravel\\framework\\src\\Illuminate\\Container\\Container.php(754): Illuminate\\Container\\BoundMethod::call(Object(Illuminate\\Foundation\\Application), Array, Array, NULL)
#27 C:\\shuriza\\rekap\\rekap\\vendor\\laravel\\framework\\src\\Illuminate\\Console\\Command.php(211): Illuminate\\Container\\Container->call(Array)
#28 C:\\shuriza\\rekap\\rekap\\vendor\\symfony\\console\\Command\\Command.php(279): Illuminate\\Console\\Command->execute(Object(Symfony\\Component\\Console\\Input\\ArgvInput), Object(Illuminate\\Console\\OutputStyle))
#29 C:\\shuriza\\rekap\\rekap\\vendor\\laravel\\framework\\src\\Illuminate\\Console\\Command.php(180): Symfony\\Component\\Console\\Command\\Command->run(Object(Symfony\\Component\\Console\\Input\\ArgvInput), Object(Illuminate\\Console\\OutputStyle))
#30 C:\\shuriza\\rekap\\rekap\\vendor\\symfony\\console\\Application.php(1094): Illuminate\\Console\\Command->run(Object(Symfony\\Component\\Console\\Input\\ArgvInput), Object(Symfony\\Component\\Console\\Output\\ConsoleOutput))
#31 C:\\shuriza\\rekap\\rekap\\vendor\\symfony\\console\\Application.php(342): Symfony\\Component\\Console\\Application->doRunCommand(Object(Illuminate\\Database\\Console\\Migrations\\MigrateCommand), Object(Symfony\\Component\\Console\\Input\\ArgvInput), Object(Symfony\\Component\\Console\\Output\\ConsoleOutput))
#32 C:\\shuriza\\rekap\\rekap\\vendor\\symfony\\console\\Application.php(193): Symfony\\Component\\Console\\Application->doRun(Object(Symfony\\Component\\Console\\Input\\ArgvInput), Object(Symfony\\Component\\Console\\Output\\ConsoleOutput))
#33 C:\\shuriza\\rekap\\rekap\\vendor\\laravel\\framework\\src\\Illuminate\\Foundation\\Console\\Kernel.php(197): Symfony\\Component\\Console\\Application->run(Object(Symfony\\Component\\Console\\Input\\ArgvInput), Object(Symfony\\Component\\Console\\Output\\ConsoleOutput))
#34 C:\\shuriza\\rekap\\rekap\\vendor\\laravel\\framework\\src\\Illuminate\\Foundation\\Application.php(1234): Illuminate\\Foundation\\Console\\Kernel->handle(Object(Symfony\\Component\\Console\\Input\\ArgvInput), Object(Symfony\\Component\\Console\\Output\\ConsoleOutput))
#35 C:\\shuriza\\rekap\\rekap\\artisan(16): Illuminate\\Foundation\\Application->handleCommand(Object(Symfony\\Component\\Console\\Input\\ArgvInput))
#36 {main}
"} 
[2025-07-04 03:30:16] local.ERROR: SQLSTATE[42S01]: Base table or view already exists: 1050 Table 'permissions' already exists (Connection: mysql, SQL: create table `permissions` (`id` bigint unsigned not null auto_increment primary key, `user_id` bigint unsigned not null, `nip` varchar(255) not null, `name` varchar(255) not null, `permission_type` varchar(255) not null, `permission_kind` varchar(255) not null, `permission_date` date not null, `attachment` varchar(255) null, `description` text null, `created_at` timestamp null, `updated_at` timestamp null) default character set utf8mb4 collate 'utf8mb4_unicode_ci') {"exception":"[object] (Illuminate\\Database\\QueryException(code: 42S01): SQLSTATE[42S01]: Base table or view already exists: 1050 Table 'permissions' already exists (Connection: mysql, SQL: create table `permissions` (`id` bigint unsigned not null auto_increment primary key, `user_id` bigint unsigned not null, `nip` varchar(255) not null, `name` varchar(255) not null, `permission_type` varchar(255) not null, `permission_kind` varchar(255) not null, `permission_date` date not null, `attachment` varchar(255) null, `description` text null, `created_at` timestamp null, `updated_at` timestamp null) default character set utf8mb4 collate 'utf8mb4_unicode_ci') at C:\\shuriza\\rekap\\rekap\\vendor\\laravel\\framework\\src\\Illuminate\\Database\\Connection.php:822)
[stacktrace]
#0 C:\\shuriza\\rekap\\rekap\\vendor\\laravel\\framework\\src\\Illuminate\\Database\\Connection.php(776): Illuminate\\Database\\Connection->runQueryCallback('create table `p...', Array, Object(Closure))
#1 C:\\shuriza\\rekap\\rekap\\vendor\\laravel\\framework\\src\\Illuminate\\Database\\Connection.php(557): Illuminate\\Database\\Connection->run('create table `p...', Array, Object(Closure))
#2 C:\\shuriza\\rekap\\rekap\\vendor\\laravel\\framework\\src\\Illuminate\\Database\\Schema\\Blueprint.php(119): Illuminate\\Database\\Connection->statement('create table `p...')
#3 C:\\shuriza\\rekap\\rekap\\vendor\\laravel\\framework\\src\\Illuminate\\Database\\Schema\\Builder.php(618): Illuminate\\Database\\Schema\\Blueprint->build()
#4 C:\\shuriza\\rekap\\rekap\\vendor\\laravel\\framework\\src\\Illuminate\\Database\\Schema\\Builder.php(472): Illuminate\\Database\\Schema\\Builder->build(Object(Illuminate\\Database\\Schema\\Blueprint))
#5 C:\\shuriza\\rekap\\rekap\\vendor\\laravel\\framework\\src\\Illuminate\\Support\\Facades\\Facade.php(361): Illuminate\\Database\\Schema\\Builder->create('permissions', Object(Closure))
#6 C:\\shuriza\\rekap\\rekap\\database\\migrations\\2025_07_04_033001_create_permissions_table.php(11): Illuminate\\Support\\Facades\\Facade::__callStatic('create', Array)
#7 C:\\shuriza\\rekap\\rekap\\vendor\\laravel\\framework\\src\\Illuminate\\Database\\Migrations\\Migrator.php(514): CreatePermissionsTable->up()
#8 C:\\shuriza\\rekap\\rekap\\vendor\\laravel\\framework\\src\\Illuminate\\Database\\Migrations\\Migrator.php(439): Illuminate\\Database\\Migrations\\Migrator->runMethod(Object(Illuminate\\Database\\MySqlConnection), Object(CreatePermissionsTable), 'up')
#9 C:\\shuriza\\rekap\\rekap\\vendor\\laravel\\framework\\src\\Illuminate\\Database\\Migrations\\Migrator.php(448): Illuminate\\Database\\Migrations\\Migrator->Illuminate\\Database\\Migrations\\{closure}()
#10 C:\\shuriza\\rekap\\rekap\\vendor\\laravel\\framework\\src\\Illuminate\\Database\\Migrations\\Migrator.php(250): Illuminate\\Database\\Migrations\\Migrator->runMigration(Object(CreatePermissionsTable), 'up')
#11 C:\\shuriza\\rekap\\rekap\\vendor\\laravel\\framework\\src\\Illuminate\\Console\\View\\Components\\Task.php(41): Illuminate\\Database\\Migrations\\Migrator->Illuminate\\Database\\Migrations\\{closure}()
#12 C:\\shuriza\\rekap\\rekap\\vendor\\laravel\\framework\\src\\Illuminate\\Database\\Migrations\\Migrator.php(805): Illuminate\\Console\\View\\Components\\Task->render('2025_07_04_0330...', Object(Closure))
#13 C:\\shuriza\\rekap\\rekap\\vendor\\laravel\\framework\\src\\Illuminate\\Database\\Migrations\\Migrator.php(250): Illuminate\\Database\\Migrations\\Migrator->write('Illuminate\\\\Cons...', '2025_07_04_0330...', Object(Closure))
#14 C:\\shuriza\\rekap\\rekap\\vendor\\laravel\\framework\\src\\Illuminate\\Database\\Migrations\\Migrator.php(210): Illuminate\\Database\\Migrations\\Migrator->runUp('C:\\\\shuriza\\\\reka...', 3, false)
#15 C:\\shuriza\\rekap\\rekap\\vendor\\laravel\\framework\\src\\Illuminate\\Database\\Migrations\\Migrator.php(137): Illuminate\\Database\\Migrations\\Migrator->runPending(Array, Array)
#16 C:\\shuriza\\rekap\\rekap\\vendor\\laravel\\framework\\src\\Illuminate\\Database\\Console\\Migrations\\MigrateCommand.php(116): Illuminate\\Database\\Migrations\\Migrator->run(Array, Array)
#17 C:\\shuriza\\rekap\\rekap\\vendor\\laravel\\framework\\src\\Illuminate\\Database\\Migrations\\Migrator.php(665): Illuminate\\Database\\Console\\Migrations\\MigrateCommand->Illuminate\\Database\\Console\\Migrations\\{closure}()
#18 C:\\shuriza\\rekap\\rekap\\vendor\\laravel\\framework\\src\\Illuminate\\Database\\Console\\Migrations\\MigrateCommand.php(109): Illuminate\\Database\\Migrations\\Migrator->usingConnection(NULL, Object(Closure))
#19 C:\\shuriza\\rekap\\rekap\\vendor\\laravel\\framework\\src\\Illuminate\\Database\\Console\\Migrations\\MigrateCommand.php(88): Illuminate\\Database\\Console\\Migrations\\MigrateCommand->runMigrations()
#20 C:\\shuriza\\rekap\\rekap\\vendor\\laravel\\framework\\src\\Illuminate\\Container\\BoundMethod.php(36): Illuminate\\Database\\Console\\Migrations\\MigrateCommand->handle()
#21 C:\\shuriza\\rekap\\rekap\\vendor\\laravel\\framework\\src\\Illuminate\\Container\\Util.php(43): Illuminate\\Container\\BoundMethod::Illuminate\\Container\\{closure}()
#22 C:\\shuriza\\rekap\\rekap\\vendor\\laravel\\framework\\src\\Illuminate\\Container\\BoundMethod.php(96): Illuminate\\Container\\Util::unwrapIfClosure(Object(Closure))
#23 C:\\shuriza\\rekap\\rekap\\vendor\\laravel\\framework\\src\\Illuminate\\Container\\BoundMethod.php(35): Illuminate\\Container\\BoundMethod::callBoundMethod(Object(Illuminate\\Foundation\\Application), Array, Object(Closure))
#24 C:\\shuriza\\rekap\\rekap\\vendor\\laravel\\framework\\src\\Illuminate\\Container\\Container.php(754): Illuminate\\Container\\BoundMethod::call(Object(Illuminate\\Foundation\\Application), Array, Array, NULL)
#25 C:\\shuriza\\rekap\\rekap\\vendor\\laravel\\framework\\src\\Illuminate\\Console\\Command.php(211): Illuminate\\Container\\Container->call(Array)
#26 C:\\shuriza\\rekap\\rekap\\vendor\\symfony\\console\\Command\\Command.php(279): Illuminate\\Console\\Command->execute(Object(Symfony\\Component\\Console\\Input\\ArgvInput), Object(Illuminate\\Console\\OutputStyle))
#27 C:\\shuriza\\rekap\\rekap\\vendor\\laravel\\framework\\src\\Illuminate\\Console\\Command.php(180): Symfony\\Component\\Console\\Command\\Command->run(Object(Symfony\\Component\\Console\\Input\\ArgvInput), Object(Illuminate\\Console\\OutputStyle))
#28 C:\\shuriza\\rekap\\rekap\\vendor\\symfony\\console\\Application.php(1094): Illuminate\\Console\\Command->run(Object(Symfony\\Component\\Console\\Input\\ArgvInput), Object(Symfony\\Component\\Console\\Output\\ConsoleOutput))
#29 C:\\shuriza\\rekap\\rekap\\vendor\\symfony\\console\\Application.php(342): Symfony\\Component\\Console\\Application->doRunCommand(Object(Illuminate\\Database\\Console\\Migrations\\MigrateCommand), Object(Symfony\\Component\\Console\\Input\\ArgvInput), Object(Symfony\\Component\\Console\\Output\\ConsoleOutput))
#30 C:\\shuriza\\rekap\\rekap\\vendor\\symfony\\console\\Application.php(193): Symfony\\Component\\Console\\Application->doRun(Object(Symfony\\Component\\Console\\Input\\ArgvInput), Object(Symfony\\Component\\Console\\Output\\ConsoleOutput))
#31 C:\\shuriza\\rekap\\rekap\\vendor\\laravel\\framework\\src\\Illuminate\\Foundation\\Console\\Kernel.php(197): Symfony\\Component\\Console\\Application->run(Object(Symfony\\Component\\Console\\Input\\ArgvInput), Object(Symfony\\Component\\Console\\Output\\ConsoleOutput))
#32 C:\\shuriza\\rekap\\rekap\\vendor\\laravel\\framework\\src\\Illuminate\\Foundation\\Application.php(1234): Illuminate\\Foundation\\Console\\Kernel->handle(Object(Symfony\\Component\\Console\\Input\\ArgvInput), Object(Symfony\\Component\\Console\\Output\\ConsoleOutput))
#33 C:\\shuriza\\rekap\\rekap\\artisan(16): Illuminate\\Foundation\\Application->handleCommand(Object(Symfony\\Component\\Console\\Input\\ArgvInput))
#34 {main}

[previous exception] [object] (PDOException(code: 42S01): SQLSTATE[42S01]: Base table or view already exists: 1050 Table 'permissions' already exists at C:\\shuriza\\rekap\\rekap\\vendor\\laravel\\framework\\src\\Illuminate\\Database\\Connection.php:568)
[stacktrace]
#0 C:\\shuriza\\rekap\\rekap\\vendor\\laravel\\framework\\src\\Illuminate\\Database\\Connection.php(568): PDOStatement->execute()
#1 C:\\shuriza\\rekap\\rekap\\vendor\\laravel\\framework\\src\\Illuminate\\Database\\Connection.php(809): Illuminate\\Database\\Connection->Illuminate\\Database\\{closure}('create table `p...', Array)
#2 C:\\shuriza\\rekap\\rekap\\vendor\\laravel\\framework\\src\\Illuminate\\Database\\Connection.php(776): Illuminate\\Database\\Connection->runQueryCallback('create table `p...', Array, Object(Closure))
#3 C:\\shuriza\\rekap\\rekap\\vendor\\laravel\\framework\\src\\Illuminate\\Database\\Connection.php(557): Illuminate\\Database\\Connection->run('create table `p...', Array, Object(Closure))
#4 C:\\shuriza\\rekap\\rekap\\vendor\\laravel\\framework\\src\\Illuminate\\Database\\Schema\\Blueprint.php(119): Illuminate\\Database\\Connection->statement('create table `p...')
#5 C:\\shuriza\\rekap\\rekap\\vendor\\laravel\\framework\\src\\Illuminate\\Database\\Schema\\Builder.php(618): Illuminate\\Database\\Schema\\Blueprint->build()
#6 C:\\shuriza\\rekap\\rekap\\vendor\\laravel\\framework\\src\\Illuminate\\Database\\Schema\\Builder.php(472): Illuminate\\Database\\Schema\\Builder->build(Object(Illuminate\\Database\\Schema\\Blueprint))
#7 C:\\shuriza\\rekap\\rekap\\vendor\\laravel\\framework\\src\\Illuminate\\Support\\Facades\\Facade.php(361): Illuminate\\Database\\Schema\\Builder->create('permissions', Object(Closure))
#8 C:\\shuriza\\rekap\\rekap\\database\\migrations\\2025_07_04_033001_create_permissions_table.php(11): Illuminate\\Support\\Facades\\Facade::__callStatic('create', Array)
#9 C:\\shuriza\\rekap\\rekap\\vendor\\laravel\\framework\\src\\Illuminate\\Database\\Migrations\\Migrator.php(514): CreatePermissionsTable->up()
#10 C:\\shuriza\\rekap\\rekap\\vendor\\laravel\\framework\\src\\Illuminate\\Database\\Migrations\\Migrator.php(439): Illuminate\\Database\\Migrations\\Migrator->runMethod(Object(Illuminate\\Database\\MySqlConnection), Object(CreatePermissionsTable), 'up')
#11 C:\\shuriza\\rekap\\rekap\\vendor\\laravel\\framework\\src\\Illuminate\\Database\\Migrations\\Migrator.php(448): Illuminate\\Database\\Migrations\\Migrator->Illuminate\\Database\\Migrations\\{closure}()
#12 C:\\shuriza\\rekap\\rekap\\vendor\\laravel\\framework\\src\\Illuminate\\Database\\Migrations\\Migrator.php(250): Illuminate\\Database\\Migrations\\Migrator->runMigration(Object(CreatePermissionsTable), 'up')
#13 C:\\shuriza\\rekap\\rekap\\vendor\\laravel\\framework\\src\\Illuminate\\Console\\View\\Components\\Task.php(41): Illuminate\\Database\\Migrations\\Migrator->Illuminate\\Database\\Migrations\\{closure}()
#14 C:\\shuriza\\rekap\\rekap\\vendor\\laravel\\framework\\src\\Illuminate\\Database\\Migrations\\Migrator.php(805): Illuminate\\Console\\View\\Components\\Task->render('2025_07_04_0330...', Object(Closure))
#15 C:\\shuriza\\rekap\\rekap\\vendor\\laravel\\framework\\src\\Illuminate\\Database\\Migrations\\Migrator.php(250): Illuminate\\Database\\Migrations\\Migrator->write('Illuminate\\\\Cons...', '2025_07_04_0330...', Object(Closure))
#16 C:\\shuriza\\rekap\\rekap\\vendor\\laravel\\framework\\src\\Illuminate\\Database\\Migrations\\Migrator.php(210): Illuminate\\Database\\Migrations\\Migrator->runUp('C:\\\\shuriza\\\\reka...', 3, false)
#17 C:\\shuriza\\rekap\\rekap\\vendor\\laravel\\framework\\src\\Illuminate\\Database\\Migrations\\Migrator.php(137): Illuminate\\Database\\Migrations\\Migrator->runPending(Array, Array)
#18 C:\\shuriza\\rekap\\rekap\\vendor\\laravel\\framework\\src\\Illuminate\\Database\\Console\\Migrations\\MigrateCommand.php(116): Illuminate\\Database\\Migrations\\Migrator->run(Array, Array)
#19 C:\\shuriza\\rekap\\rekap\\vendor\\laravel\\framework\\src\\Illuminate\\Database\\Migrations\\Migrator.php(665): Illuminate\\Database\\Console\\Migrations\\MigrateCommand->Illuminate\\Database\\Console\\Migrations\\{closure}()
#20 C:\\shuriza\\rekap\\rekap\\vendor\\laravel\\framework\\src\\Illuminate\\Database\\Console\\Migrations\\MigrateCommand.php(109): Illuminate\\Database\\Migrations\\Migrator->usingConnection(NULL, Object(Closure))
#21 C:\\shuriza\\rekap\\rekap\\vendor\\laravel\\framework\\src\\Illuminate\\Database\\Console\\Migrations\\MigrateCommand.php(88): Illuminate\\Database\\Console\\Migrations\\MigrateCommand->runMigrations()
#22 C:\\shuriza\\rekap\\rekap\\vendor\\laravel\\framework\\src\\Illuminate\\Container\\BoundMethod.php(36): Illuminate\\Database\\Console\\Migrations\\MigrateCommand->handle()
#23 C:\\shuriza\\rekap\\rekap\\vendor\\laravel\\framework\\src\\Illuminate\\Container\\Util.php(43): Illuminate\\Container\\BoundMethod::Illuminate\\Container\\{closure}()
#24 C:\\shuriza\\rekap\\rekap\\vendor\\laravel\\framework\\src\\Illuminate\\Container\\BoundMethod.php(96): Illuminate\\Container\\Util::unwrapIfClosure(Object(Closure))
#25 C:\\shuriza\\rekap\\rekap\\vendor\\laravel\\framework\\src\\Illuminate\\Container\\BoundMethod.php(35): Illuminate\\Container\\BoundMethod::callBoundMethod(Object(Illuminate\\Foundation\\Application), Array, Object(Closure))
#26 C:\\shuriza\\rekap\\rekap\\vendor\\laravel\\framework\\src\\Illuminate\\Container\\Container.php(754): Illuminate\\Container\\BoundMethod::call(Object(Illuminate\\Foundation\\Application), Array, Array, NULL)
#27 C:\\shuriza\\rekap\\rekap\\vendor\\laravel\\framework\\src\\Illuminate\\Console\\Command.php(211): Illuminate\\Container\\Container->call(Array)
#28 C:\\shuriza\\rekap\\rekap\\vendor\\symfony\\console\\Command\\Command.php(279): Illuminate\\Console\\Command->execute(Object(Symfony\\Component\\Console\\Input\\ArgvInput), Object(Illuminate\\Console\\OutputStyle))
#29 C:\\shuriza\\rekap\\rekap\\vendor\\laravel\\framework\\src\\Illuminate\\Console\\Command.php(180): Symfony\\Component\\Console\\Command\\Command->run(Object(Symfony\\Component\\Console\\Input\\ArgvInput), Object(Illuminate\\Console\\OutputStyle))
#30 C:\\shuriza\\rekap\\rekap\\vendor\\symfony\\console\\Application.php(1094): Illuminate\\Console\\Command->run(Object(Symfony\\Component\\Console\\Input\\ArgvInput), Object(Symfony\\Component\\Console\\Output\\ConsoleOutput))
#31 C:\\shuriza\\rekap\\rekap\\vendor\\symfony\\console\\Application.php(342): Symfony\\Component\\Console\\Application->doRunCommand(Object(Illuminate\\Database\\Console\\Migrations\\MigrateCommand), Object(Symfony\\Component\\Console\\Input\\ArgvInput), Object(Symfony\\Component\\Console\\Output\\ConsoleOutput))
#32 C:\\shuriza\\rekap\\rekap\\vendor\\symfony\\console\\Application.php(193): Symfony\\Component\\Console\\Application->doRun(Object(Symfony\\Component\\Console\\Input\\ArgvInput), Object(Symfony\\Component\\Console\\Output\\ConsoleOutput))
#33 C:\\shuriza\\rekap\\rekap\\vendor\\laravel\\framework\\src\\Illuminate\\Foundation\\Console\\Kernel.php(197): Symfony\\Component\\Console\\Application->run(Object(Symfony\\Component\\Console\\Input\\ArgvInput), Object(Symfony\\Component\\Console\\Output\\ConsoleOutput))
#34 C:\\shuriza\\rekap\\rekap\\vendor\\laravel\\framework\\src\\Illuminate\\Foundation\\Application.php(1234): Illuminate\\Foundation\\Console\\Kernel->handle(Object(Symfony\\Component\\Console\\Input\\ArgvInput), Object(Symfony\\Component\\Console\\Output\\ConsoleOutput))
#35 C:\\shuriza\\rekap\\rekap\\artisan(16): Illuminate\\Foundation\\Application->handleCommand(Object(Symfony\\Component\\Console\\Input\\ArgvInput))
#36 {main}
"} 
[2025-07-04 03:32:07] local.ERROR: SQLSTATE[42S01]: Base table or view already exists: 1050 Table 'permissions' already exists (Connection: mysql, SQL: create table `permissions` (`id` bigint unsigned not null auto_increment primary key, `karyawan_id` bigint unsigned not null, `nip` varchar(255) not null, `name` varchar(255) not null, `permission_type` varchar(255) not null, `permission_kind` varchar(255) not null, `permission_date` date not null, `attachment` varchar(255) null, `description` text null, `created_at` timestamp null, `updated_at` timestamp null) default character set utf8mb4 collate 'utf8mb4_unicode_ci') {"exception":"[object] (Illuminate\\Database\\QueryException(code: 42S01): SQLSTATE[42S01]: Base table or view already exists: 1050 Table 'permissions' already exists (Connection: mysql, SQL: create table `permissions` (`id` bigint unsigned not null auto_increment primary key, `karyawan_id` bigint unsigned not null, `nip` varchar(255) not null, `name` varchar(255) not null, `permission_type` varchar(255) not null, `permission_kind` varchar(255) not null, `permission_date` date not null, `attachment` varchar(255) null, `description` text null, `created_at` timestamp null, `updated_at` timestamp null) default character set utf8mb4 collate 'utf8mb4_unicode_ci') at C:\\shuriza\\rekap\\rekap\\vendor\\laravel\\framework\\src\\Illuminate\\Database\\Connection.php:822)
[stacktrace]
#0 C:\\shuriza\\rekap\\rekap\\vendor\\laravel\\framework\\src\\Illuminate\\Database\\Connection.php(776): Illuminate\\Database\\Connection->runQueryCallback('create table `p...', Array, Object(Closure))
#1 C:\\shuriza\\rekap\\rekap\\vendor\\laravel\\framework\\src\\Illuminate\\Database\\Connection.php(557): Illuminate\\Database\\Connection->run('create table `p...', Array, Object(Closure))
#2 C:\\shuriza\\rekap\\rekap\\vendor\\laravel\\framework\\src\\Illuminate\\Database\\Schema\\Blueprint.php(119): Illuminate\\Database\\Connection->statement('create table `p...')
#3 C:\\shuriza\\rekap\\rekap\\vendor\\laravel\\framework\\src\\Illuminate\\Database\\Schema\\Builder.php(618): Illuminate\\Database\\Schema\\Blueprint->build()
#4 C:\\shuriza\\rekap\\rekap\\vendor\\laravel\\framework\\src\\Illuminate\\Database\\Schema\\Builder.php(472): Illuminate\\Database\\Schema\\Builder->build(Object(Illuminate\\Database\\Schema\\Blueprint))
#5 C:\\shuriza\\rekap\\rekap\\vendor\\laravel\\framework\\src\\Illuminate\\Support\\Facades\\Facade.php(361): Illuminate\\Database\\Schema\\Builder->create('permissions', Object(Closure))
#6 C:\\shuriza\\rekap\\rekap\\database\\migrations\\2025_07_04_033001_create_permissions_table.php(11): Illuminate\\Support\\Facades\\Facade::__callStatic('create', Array)
#7 C:\\shuriza\\rekap\\rekap\\vendor\\laravel\\framework\\src\\Illuminate\\Database\\Migrations\\Migrator.php(514): CreatePermissionsTable->up()
#8 C:\\shuriza\\rekap\\rekap\\vendor\\laravel\\framework\\src\\Illuminate\\Database\\Migrations\\Migrator.php(439): Illuminate\\Database\\Migrations\\Migrator->runMethod(Object(Illuminate\\Database\\MySqlConnection), Object(CreatePermissionsTable), 'up')
#9 C:\\shuriza\\rekap\\rekap\\vendor\\laravel\\framework\\src\\Illuminate\\Database\\Migrations\\Migrator.php(448): Illuminate\\Database\\Migrations\\Migrator->Illuminate\\Database\\Migrations\\{closure}()
#10 C:\\shuriza\\rekap\\rekap\\vendor\\laravel\\framework\\src\\Illuminate\\Database\\Migrations\\Migrator.php(250): Illuminate\\Database\\Migrations\\Migrator->runMigration(Object(CreatePermissionsTable), 'up')
#11 C:\\shuriza\\rekap\\rekap\\vendor\\laravel\\framework\\src\\Illuminate\\Console\\View\\Components\\Task.php(41): Illuminate\\Database\\Migrations\\Migrator->Illuminate\\Database\\Migrations\\{closure}()
#12 C:\\shuriza\\rekap\\rekap\\vendor\\laravel\\framework\\src\\Illuminate\\Database\\Migrations\\Migrator.php(805): Illuminate\\Console\\View\\Components\\Task->render('2025_07_04_0330...', Object(Closure))
#13 C:\\shuriza\\rekap\\rekap\\vendor\\laravel\\framework\\src\\Illuminate\\Database\\Migrations\\Migrator.php(250): Illuminate\\Database\\Migrations\\Migrator->write('Illuminate\\\\Cons...', '2025_07_04_0330...', Object(Closure))
#14 C:\\shuriza\\rekap\\rekap\\vendor\\laravel\\framework\\src\\Illuminate\\Database\\Migrations\\Migrator.php(210): Illuminate\\Database\\Migrations\\Migrator->runUp('C:\\\\shuriza\\\\reka...', 3, false)
#15 C:\\shuriza\\rekap\\rekap\\vendor\\laravel\\framework\\src\\Illuminate\\Database\\Migrations\\Migrator.php(137): Illuminate\\Database\\Migrations\\Migrator->runPending(Array, Array)
#16 C:\\shuriza\\rekap\\rekap\\vendor\\laravel\\framework\\src\\Illuminate\\Database\\Console\\Migrations\\MigrateCommand.php(116): Illuminate\\Database\\Migrations\\Migrator->run(Array, Array)
#17 C:\\shuriza\\rekap\\rekap\\vendor\\laravel\\framework\\src\\Illuminate\\Database\\Migrations\\Migrator.php(665): Illuminate\\Database\\Console\\Migrations\\MigrateCommand->Illuminate\\Database\\Console\\Migrations\\{closure}()
#18 C:\\shuriza\\rekap\\rekap\\vendor\\laravel\\framework\\src\\Illuminate\\Database\\Console\\Migrations\\MigrateCommand.php(109): Illuminate\\Database\\Migrations\\Migrator->usingConnection(NULL, Object(Closure))
#19 C:\\shuriza\\rekap\\rekap\\vendor\\laravel\\framework\\src\\Illuminate\\Database\\Console\\Migrations\\MigrateCommand.php(88): Illuminate\\Database\\Console\\Migrations\\MigrateCommand->runMigrations()
#20 C:\\shuriza\\rekap\\rekap\\vendor\\laravel\\framework\\src\\Illuminate\\Container\\BoundMethod.php(36): Illuminate\\Database\\Console\\Migrations\\MigrateCommand->handle()
#21 C:\\shuriza\\rekap\\rekap\\vendor\\laravel\\framework\\src\\Illuminate\\Container\\Util.php(43): Illuminate\\Container\\BoundMethod::Illuminate\\Container\\{closure}()
#22 C:\\shuriza\\rekap\\rekap\\vendor\\laravel\\framework\\src\\Illuminate\\Container\\BoundMethod.php(96): Illuminate\\Container\\Util::unwrapIfClosure(Object(Closure))
#23 C:\\shuriza\\rekap\\rekap\\vendor\\laravel\\framework\\src\\Illuminate\\Container\\BoundMethod.php(35): Illuminate\\Container\\BoundMethod::callBoundMethod(Object(Illuminate\\Foundation\\Application), Array, Object(Closure))
#24 C:\\shuriza\\rekap\\rekap\\vendor\\laravel\\framework\\src\\Illuminate\\Container\\Container.php(754): Illuminate\\Container\\BoundMethod::call(Object(Illuminate\\Foundation\\Application), Array, Array, NULL)
#25 C:\\shuriza\\rekap\\rekap\\vendor\\laravel\\framework\\src\\Illuminate\\Console\\Command.php(211): Illuminate\\Container\\Container->call(Array)
#26 C:\\shuriza\\rekap\\rekap\\vendor\\symfony\\console\\Command\\Command.php(279): Illuminate\\Console\\Command->execute(Object(Symfony\\Component\\Console\\Input\\ArgvInput), Object(Illuminate\\Console\\OutputStyle))
#27 C:\\shuriza\\rekap\\rekap\\vendor\\laravel\\framework\\src\\Illuminate\\Console\\Command.php(180): Symfony\\Component\\Console\\Command\\Command->run(Object(Symfony\\Component\\Console\\Input\\ArgvInput), Object(Illuminate\\Console\\OutputStyle))
#28 C:\\shuriza\\rekap\\rekap\\vendor\\symfony\\console\\Application.php(1094): Illuminate\\Console\\Command->run(Object(Symfony\\Component\\Console\\Input\\ArgvInput), Object(Symfony\\Component\\Console\\Output\\ConsoleOutput))
#29 C:\\shuriza\\rekap\\rekap\\vendor\\symfony\\console\\Application.php(342): Symfony\\Component\\Console\\Application->doRunCommand(Object(Illuminate\\Database\\Console\\Migrations\\MigrateCommand), Object(Symfony\\Component\\Console\\Input\\ArgvInput), Object(Symfony\\Component\\Console\\Output\\ConsoleOutput))
#30 C:\\shuriza\\rekap\\rekap\\vendor\\symfony\\console\\Application.php(193): Symfony\\Component\\Console\\Application->doRun(Object(Symfony\\Component\\Console\\Input\\ArgvInput), Object(Symfony\\Component\\Console\\Output\\ConsoleOutput))
#31 C:\\shuriza\\rekap\\rekap\\vendor\\laravel\\framework\\src\\Illuminate\\Foundation\\Console\\Kernel.php(197): Symfony\\Component\\Console\\Application->run(Object(Symfony\\Component\\Console\\Input\\ArgvInput), Object(Symfony\\Component\\Console\\Output\\ConsoleOutput))
#32 C:\\shuriza\\rekap\\rekap\\vendor\\laravel\\framework\\src\\Illuminate\\Foundation\\Application.php(1234): Illuminate\\Foundation\\Console\\Kernel->handle(Object(Symfony\\Component\\Console\\Input\\ArgvInput), Object(Symfony\\Component\\Console\\Output\\ConsoleOutput))
#33 C:\\shuriza\\rekap\\rekap\\artisan(16): Illuminate\\Foundation\\Application->handleCommand(Object(Symfony\\Component\\Console\\Input\\ArgvInput))
#34 {main}

[previous exception] [object] (PDOException(code: 42S01): SQLSTATE[42S01]: Base table or view already exists: 1050 Table 'permissions' already exists at C:\\shuriza\\rekap\\rekap\\vendor\\laravel\\framework\\src\\Illuminate\\Database\\Connection.php:568)
[stacktrace]
#0 C:\\shuriza\\rekap\\rekap\\vendor\\laravel\\framework\\src\\Illuminate\\Database\\Connection.php(568): PDOStatement->execute()
#1 C:\\shuriza\\rekap\\rekap\\vendor\\laravel\\framework\\src\\Illuminate\\Database\\Connection.php(809): Illuminate\\Database\\Connection->Illuminate\\Database\\{closure}('create table `p...', Array)
#2 C:\\shuriza\\rekap\\rekap\\vendor\\laravel\\framework\\src\\Illuminate\\Database\\Connection.php(776): Illuminate\\Database\\Connection->runQueryCallback('create table `p...', Array, Object(Closure))
#3 C:\\shuriza\\rekap\\rekap\\vendor\\laravel\\framework\\src\\Illuminate\\Database\\Connection.php(557): Illuminate\\Database\\Connection->run('create table `p...', Array, Object(Closure))
#4 C:\\shuriza\\rekap\\rekap\\vendor\\laravel\\framework\\src\\Illuminate\\Database\\Schema\\Blueprint.php(119): Illuminate\\Database\\Connection->statement('create table `p...')
#5 C:\\shuriza\\rekap\\rekap\\vendor\\laravel\\framework\\src\\Illuminate\\Database\\Schema\\Builder.php(618): Illuminate\\Database\\Schema\\Blueprint->build()
#6 C:\\shuriza\\rekap\\rekap\\vendor\\laravel\\framework\\src\\Illuminate\\Database\\Schema\\Builder.php(472): Illuminate\\Database\\Schema\\Builder->build(Object(Illuminate\\Database\\Schema\\Blueprint))
#7 C:\\shuriza\\rekap\\rekap\\vendor\\laravel\\framework\\src\\Illuminate\\Support\\Facades\\Facade.php(361): Illuminate\\Database\\Schema\\Builder->create('permissions', Object(Closure))
#8 C:\\shuriza\\rekap\\rekap\\database\\migrations\\2025_07_04_033001_create_permissions_table.php(11): Illuminate\\Support\\Facades\\Facade::__callStatic('create', Array)
#9 C:\\shuriza\\rekap\\rekap\\vendor\\laravel\\framework\\src\\Illuminate\\Database\\Migrations\\Migrator.php(514): CreatePermissionsTable->up()
#10 C:\\shuriza\\rekap\\rekap\\vendor\\laravel\\framework\\src\\Illuminate\\Database\\Migrations\\Migrator.php(439): Illuminate\\Database\\Migrations\\Migrator->runMethod(Object(Illuminate\\Database\\MySqlConnection), Object(CreatePermissionsTable), 'up')
#11 C:\\shuriza\\rekap\\rekap\\vendor\\laravel\\framework\\src\\Illuminate\\Database\\Migrations\\Migrator.php(448): Illuminate\\Database\\Migrations\\Migrator->Illuminate\\Database\\Migrations\\{closure}()
#12 C:\\shuriza\\rekap\\rekap\\vendor\\laravel\\framework\\src\\Illuminate\\Database\\Migrations\\Migrator.php(250): Illuminate\\Database\\Migrations\\Migrator->runMigration(Object(CreatePermissionsTable), 'up')
#13 C:\\shuriza\\rekap\\rekap\\vendor\\laravel\\framework\\src\\Illuminate\\Console\\View\\Components\\Task.php(41): Illuminate\\Database\\Migrations\\Migrator->Illuminate\\Database\\Migrations\\{closure}()
#14 C:\\shuriza\\rekap\\rekap\\vendor\\laravel\\framework\\src\\Illuminate\\Database\\Migrations\\Migrator.php(805): Illuminate\\Console\\View\\Components\\Task->render('2025_07_04_0330...', Object(Closure))
#15 C:\\shuriza\\rekap\\rekap\\vendor\\laravel\\framework\\src\\Illuminate\\Database\\Migrations\\Migrator.php(250): Illuminate\\Database\\Migrations\\Migrator->write('Illuminate\\\\Cons...', '2025_07_04_0330...', Object(Closure))
#16 C:\\shuriza\\rekap\\rekap\\vendor\\laravel\\framework\\src\\Illuminate\\Database\\Migrations\\Migrator.php(210): Illuminate\\Database\\Migrations\\Migrator->runUp('C:\\\\shuriza\\\\reka...', 3, false)
#17 C:\\shuriza\\rekap\\rekap\\vendor\\laravel\\framework\\src\\Illuminate\\Database\\Migrations\\Migrator.php(137): Illuminate\\Database\\Migrations\\Migrator->runPending(Array, Array)
#18 C:\\shuriza\\rekap\\rekap\\vendor\\laravel\\framework\\src\\Illuminate\\Database\\Console\\Migrations\\MigrateCommand.php(116): Illuminate\\Database\\Migrations\\Migrator->run(Array, Array)
#19 C:\\shuriza\\rekap\\rekap\\vendor\\laravel\\framework\\src\\Illuminate\\Database\\Migrations\\Migrator.php(665): Illuminate\\Database\\Console\\Migrations\\MigrateCommand->Illuminate\\Database\\Console\\Migrations\\{closure}()
#20 C:\\shuriza\\rekap\\rekap\\vendor\\laravel\\framework\\src\\Illuminate\\Database\\Console\\Migrations\\MigrateCommand.php(109): Illuminate\\Database\\Migrations\\Migrator->usingConnection(NULL, Object(Closure))
#21 C:\\shuriza\\rekap\\rekap\\vendor\\laravel\\framework\\src\\Illuminate\\Database\\Console\\Migrations\\MigrateCommand.php(88): Illuminate\\Database\\Console\\Migrations\\MigrateCommand->runMigrations()
#22 C:\\shuriza\\rekap\\rekap\\vendor\\laravel\\framework\\src\\Illuminate\\Container\\BoundMethod.php(36): Illuminate\\Database\\Console\\Migrations\\MigrateCommand->handle()
#23 C:\\shuriza\\rekap\\rekap\\vendor\\laravel\\framework\\src\\Illuminate\\Container\\Util.php(43): Illuminate\\Container\\BoundMethod::Illuminate\\Container\\{closure}()
#24 C:\\shuriza\\rekap\\rekap\\vendor\\laravel\\framework\\src\\Illuminate\\Container\\BoundMethod.php(96): Illuminate\\Container\\Util::unwrapIfClosure(Object(Closure))
#25 C:\\shuriza\\rekap\\rekap\\vendor\\laravel\\framework\\src\\Illuminate\\Container\\BoundMethod.php(35): Illuminate\\Container\\BoundMethod::callBoundMethod(Object(Illuminate\\Foundation\\Application), Array, Object(Closure))
#26 C:\\shuriza\\rekap\\rekap\\vendor\\laravel\\framework\\src\\Illuminate\\Container\\Container.php(754): Illuminate\\Container\\BoundMethod::call(Object(Illuminate\\Foundation\\Application), Array, Array, NULL)
#27 C:\\shuriza\\rekap\\rekap\\vendor\\laravel\\framework\\src\\Illuminate\\Console\\Command.php(211): Illuminate\\Container\\Container->call(Array)
#28 C:\\shuriza\\rekap\\rekap\\vendor\\symfony\\console\\Command\\Command.php(279): Illuminate\\Console\\Command->execute(Object(Symfony\\Component\\Console\\Input\\ArgvInput), Object(Illuminate\\Console\\OutputStyle))
#29 C:\\shuriza\\rekap\\rekap\\vendor\\laravel\\framework\\src\\Illuminate\\Console\\Command.php(180): Symfony\\Component\\Console\\Command\\Command->run(Object(Symfony\\Component\\Console\\Input\\ArgvInput), Object(Illuminate\\Console\\OutputStyle))
#30 C:\\shuriza\\rekap\\rekap\\vendor\\symfony\\console\\Application.php(1094): Illuminate\\Console\\Command->run(Object(Symfony\\Component\\Console\\Input\\ArgvInput), Object(Symfony\\Component\\Console\\Output\\ConsoleOutput))
#31 C:\\shuriza\\rekap\\rekap\\vendor\\symfony\\console\\Application.php(342): Symfony\\Component\\Console\\Application->doRunCommand(Object(Illuminate\\Database\\Console\\Migrations\\MigrateCommand), Object(Symfony\\Component\\Console\\Input\\ArgvInput), Object(Symfony\\Component\\Console\\Output\\ConsoleOutput))
#32 C:\\shuriza\\rekap\\rekap\\vendor\\symfony\\console\\Application.php(193): Symfony\\Component\\Console\\Application->doRun(Object(Symfony\\Component\\Console\\Input\\ArgvInput), Object(Symfony\\Component\\Console\\Output\\ConsoleOutput))
#33 C:\\shuriza\\rekap\\rekap\\vendor\\laravel\\framework\\src\\Illuminate\\Foundation\\Console\\Kernel.php(197): Symfony\\Component\\Console\\Application->run(Object(Symfony\\Component\\Console\\Input\\ArgvInput), Object(Symfony\\Component\\Console\\Output\\ConsoleOutput))
#34 C:\\shuriza\\rekap\\rekap\\vendor\\laravel\\framework\\src\\Illuminate\\Foundation\\Application.php(1234): Illuminate\\Foundation\\Console\\Kernel->handle(Object(Symfony\\Component\\Console\\Input\\ArgvInput), Object(Symfony\\Component\\Console\\Output\\ConsoleOutput))
#35 C:\\shuriza\\rekap\\rekap\\artisan(16): Illuminate\\Foundation\\Application->handleCommand(Object(Symfony\\Component\\Console\\Input\\ArgvInput))
#36 {main}
"} 
[2025-07-04 03:40:19] local.ERROR: View [auth.login] not found. {"exception":"[object] (InvalidArgumentException(code: 0): View [auth.login] not found. at C:\\shuriza\\rekap\\rekap\\vendor\\laravel\\framework\\src\\Illuminate\\View\\FileViewFinder.php:138)
[stacktrace]
#0 C:\\shuriza\\rekap\\rekap\\vendor\\laravel\\framework\\src\\Illuminate\\View\\FileViewFinder.php(78): Illuminate\\View\\FileViewFinder->findInPaths('auth.login', Array)
#1 C:\\shuriza\\rekap\\rekap\\vendor\\laravel\\framework\\src\\Illuminate\\View\\Factory.php(150): Illuminate\\View\\FileViewFinder->find('auth.login')
#2 C:\\shuriza\\rekap\\rekap\\vendor\\laravel\\framework\\src\\Illuminate\\Foundation\\helpers.php(1079): Illuminate\\View\\Factory->make('auth.login', Array, Array)
#3 C:\\shuriza\\rekap\\rekap\\app\\Http\\Controllers\\Auth\\AuthenticatedSessionController.php(19): view('auth.login')
#4 C:\\shuriza\\rekap\\rekap\\vendor\\laravel\\framework\\src\\Illuminate\\Routing\\ControllerDispatcher.php(46): App\\Http\\Controllers\\Auth\\AuthenticatedSessionController->create()
#5 C:\\shuriza\\rekap\\rekap\\vendor\\laravel\\framework\\src\\Illuminate\\Routing\\Route.php(265): Illuminate\\Routing\\ControllerDispatcher->dispatch(Object(Illuminate\\Routing\\Route), Object(App\\Http\\Controllers\\Auth\\AuthenticatedSessionController), 'create')
#6 C:\\shuriza\\rekap\\rekap\\vendor\\laravel\\framework\\src\\Illuminate\\Routing\\Route.php(211): Illuminate\\Routing\\Route->runController()
#7 C:\\shuriza\\rekap\\rekap\\vendor\\laravel\\framework\\src\\Illuminate\\Routing\\Router.php(808): Illuminate\\Routing\\Route->run()
#8 C:\\shuriza\\rekap\\rekap\\vendor\\laravel\\framework\\src\\Illuminate\\Pipeline\\Pipeline.php(169): Illuminate\\Routing\\Router->Illuminate\\Routing\\{closure}(Object(Illuminate\\Http\\Request))
#9 C:\\shuriza\\rekap\\rekap\\vendor\\laravel\\framework\\src\\Illuminate\\Auth\\Middleware\\RedirectIfAuthenticated.php(35): Illuminate\\Pipeline\\Pipeline->Illuminate\\Pipeline\\{closure}(Object(Illuminate\\Http\\Request))
#10 C:\\shuriza\\rekap\\rekap\\vendor\\laravel\\framework\\src\\Illuminate\\Pipeline\\Pipeline.php(208): Illuminate\\Auth\\Middleware\\RedirectIfAuthenticated->handle(Object(Illuminate\\Http\\Request), Object(Closure))
#11 C:\\shuriza\\rekap\\rekap\\vendor\\laravel\\framework\\src\\Illuminate\\Routing\\Middleware\\SubstituteBindings.php(50): Illuminate\\Pipeline\\Pipeline->Illuminate\\Pipeline\\{closure}(Object(Illuminate\\Http\\Request))
#12 C:\\shuriza\\rekap\\rekap\\vendor\\laravel\\framework\\src\\Illuminate\\Pipeline\\Pipeline.php(208): Illuminate\\Routing\\Middleware\\SubstituteBindings->handle(Object(Illuminate\\Http\\Request), Object(Closure))
#13 C:\\shuriza\\rekap\\rekap\\vendor\\laravel\\framework\\src\\Illuminate\\Foundation\\Http\\Middleware\\VerifyCsrfToken.php(87): Illuminate\\Pipeline\\Pipeline->Illuminate\\Pipeline\\{closure}(Object(Illuminate\\Http\\Request))
#14 C:\\shuriza\\rekap\\rekap\\vendor\\laravel\\framework\\src\\Illuminate\\Pipeline\\Pipeline.php(208): Illuminate\\Foundation\\Http\\Middleware\\VerifyCsrfToken->handle(Object(Illuminate\\Http\\Request), Object(Closure))
#15 C:\\shuriza\\rekap\\rekap\\vendor\\laravel\\framework\\src\\Illuminate\\View\\Middleware\\ShareErrorsFromSession.php(48): Illuminate\\Pipeline\\Pipeline->Illuminate\\Pipeline\\{closure}(Object(Illuminate\\Http\\Request))
#16 C:\\shuriza\\rekap\\rekap\\vendor\\laravel\\framework\\src\\Illuminate\\Pipeline\\Pipeline.php(208): Illuminate\\View\\Middleware\\ShareErrorsFromSession->handle(Object(Illuminate\\Http\\Request), Object(Closure))
#17 C:\\shuriza\\rekap\\rekap\\vendor\\laravel\\framework\\src\\Illuminate\\Session\\Middleware\\StartSession.php(120): Illuminate\\Pipeline\\Pipeline->Illuminate\\Pipeline\\{closure}(Object(Illuminate\\Http\\Request))
#18 C:\\shuriza\\rekap\\rekap\\vendor\\laravel\\framework\\src\\Illuminate\\Session\\Middleware\\StartSession.php(63): Illuminate\\Session\\Middleware\\StartSession->handleStatefulRequest(Object(Illuminate\\Http\\Request), Object(Illuminate\\Session\\Store), Object(Closure))
#19 C:\\shuriza\\rekap\\rekap\\vendor\\laravel\\framework\\src\\Illuminate\\Pipeline\\Pipeline.php(208): Illuminate\\Session\\Middleware\\StartSession->handle(Object(Illuminate\\Http\\Request), Object(Closure))
#20 C:\\shuriza\\rekap\\rekap\\vendor\\laravel\\framework\\src\\Illuminate\\Cookie\\Middleware\\AddQueuedCookiesToResponse.php(36): Illuminate\\Pipeline\\Pipeline->Illuminate\\Pipeline\\{closure}(Object(Illuminate\\Http\\Request))
#21 C:\\shuriza\\rekap\\rekap\\vendor\\laravel\\framework\\src\\Illuminate\\Pipeline\\Pipeline.php(208): Illuminate\\Cookie\\Middleware\\AddQueuedCookiesToResponse->handle(Object(Illuminate\\Http\\Request), Object(Closure))
#22 C:\\shuriza\\rekap\\rekap\\vendor\\laravel\\framework\\src\\Illuminate\\Cookie\\Middleware\\EncryptCookies.php(74): Illuminate\\Pipeline\\Pipeline->Illuminate\\Pipeline\\{closure}(Object(Illuminate\\Http\\Request))
#23 C:\\shuriza\\rekap\\rekap\\vendor\\laravel\\framework\\src\\Illuminate\\Pipeline\\Pipeline.php(208): Illuminate\\Cookie\\Middleware\\EncryptCookies->handle(Object(Illuminate\\Http\\Request), Object(Closure))
#24 C:\\shuriza\\rekap\\rekap\\vendor\\laravel\\framework\\src\\Illuminate\\Pipeline\\Pipeline.php(126): Illuminate\\Pipeline\\Pipeline->Illuminate\\Pipeline\\{closure}(Object(Illuminate\\Http\\Request))
#25 C:\\shuriza\\rekap\\rekap\\vendor\\laravel\\framework\\src\\Illuminate\\Routing\\Router.php(807): Illuminate\\Pipeline\\Pipeline->then(Object(Closure))
#26 C:\\shuriza\\rekap\\rekap\\vendor\\laravel\\framework\\src\\Illuminate\\Routing\\Router.php(786): Illuminate\\Routing\\Router->runRouteWithinStack(Object(Illuminate\\Routing\\Route), Object(Illuminate\\Http\\Request))
#27 C:\\shuriza\\rekap\\rekap\\vendor\\laravel\\framework\\src\\Illuminate\\Routing\\Router.php(750): Illuminate\\Routing\\Router->runRoute(Object(Illuminate\\Http\\Request), Object(Illuminate\\Routing\\Route))
#28 C:\\shuriza\\rekap\\rekap\\vendor\\laravel\\framework\\src\\Illuminate\\Routing\\Router.php(739): Illuminate\\Routing\\Router->dispatchToRoute(Object(Illuminate\\Http\\Request))
#29 C:\\shuriza\\rekap\\rekap\\vendor\\laravel\\framework\\src\\Illuminate\\Foundation\\Http\\Kernel.php(200): Illuminate\\Routing\\Router->dispatch(Object(Illuminate\\Http\\Request))
#30 C:\\shuriza\\rekap\\rekap\\vendor\\laravel\\framework\\src\\Illuminate\\Pipeline\\Pipeline.php(169): Illuminate\\Foundation\\Http\\Kernel->Illuminate\\Foundation\\Http\\{closure}(Object(Illuminate\\Http\\Request))
#31 C:\\shuriza\\rekap\\rekap\\vendor\\laravel\\framework\\src\\Illuminate\\Foundation\\Http\\Middleware\\TransformsRequest.php(21): Illuminate\\Pipeline\\Pipeline->Illuminate\\Pipeline\\{closure}(Object(Illuminate\\Http\\Request))
#32 C:\\shuriza\\rekap\\rekap\\vendor\\laravel\\framework\\src\\Illuminate\\Foundation\\Http\\Middleware\\ConvertEmptyStringsToNull.php(31): Illuminate\\Foundation\\Http\\Middleware\\TransformsRequest->handle(Object(Illuminate\\Http\\Request), Object(Closure))
#33 C:\\shuriza\\rekap\\rekap\\vendor\\laravel\\framework\\src\\Illuminate\\Pipeline\\Pipeline.php(208): Illuminate\\Foundation\\Http\\Middleware\\ConvertEmptyStringsToNull->handle(Object(Illuminate\\Http\\Request), Object(Closure))
#34 C:\\shuriza\\rekap\\rekap\\vendor\\laravel\\framework\\src\\Illuminate\\Foundation\\Http\\Middleware\\TransformsRequest.php(21): Illuminate\\Pipeline\\Pipeline->Illuminate\\Pipeline\\{closure}(Object(Illuminate\\Http\\Request))
#35 C:\\shuriza\\rekap\\rekap\\vendor\\laravel\\framework\\src\\Illuminate\\Foundation\\Http\\Middleware\\TrimStrings.php(51): Illuminate\\Foundation\\Http\\Middleware\\TransformsRequest->handle(Object(Illuminate\\Http\\Request), Object(Closure))
#36 C:\\shuriza\\rekap\\rekap\\vendor\\laravel\\framework\\src\\Illuminate\\Pipeline\\Pipeline.php(208): Illuminate\\Foundation\\Http\\Middleware\\TrimStrings->handle(Object(Illuminate\\Http\\Request), Object(Closure))
#37 C:\\shuriza\\rekap\\rekap\\vendor\\laravel\\framework\\src\\Illuminate\\Http\\Middleware\\ValidatePostSize.php(27): Illuminate\\Pipeline\\Pipeline->Illuminate\\Pipeline\\{closure}(Object(Illuminate\\Http\\Request))
#38 C:\\shuriza\\rekap\\rekap\\vendor\\laravel\\framework\\src\\Illuminate\\Pipeline\\Pipeline.php(208): Illuminate\\Http\\Middleware\\ValidatePostSize->handle(Object(Illuminate\\Http\\Request), Object(Closure))
#39 C:\\shuriza\\rekap\\rekap\\vendor\\laravel\\framework\\src\\Illuminate\\Foundation\\Http\\Middleware\\PreventRequestsDuringMaintenance.php(109): Illuminate\\Pipeline\\Pipeline->Illuminate\\Pipeline\\{closure}(Object(Illuminate\\Http\\Request))
#40 C:\\shuriza\\rekap\\rekap\\vendor\\laravel\\framework\\src\\Illuminate\\Pipeline\\Pipeline.php(208): Illuminate\\Foundation\\Http\\Middleware\\PreventRequestsDuringMaintenance->handle(Object(Illuminate\\Http\\Request), Object(Closure))
#41 C:\\shuriza\\rekap\\rekap\\vendor\\laravel\\framework\\src\\Illuminate\\Http\\Middleware\\HandleCors.php(48): Illuminate\\Pipeline\\Pipeline->Illuminate\\Pipeline\\{closure}(Object(Illuminate\\Http\\Request))
#42 C:\\shuriza\\rekap\\rekap\\vendor\\laravel\\framework\\src\\Illuminate\\Pipeline\\Pipeline.php(208): Illuminate\\Http\\Middleware\\HandleCors->handle(Object(Illuminate\\Http\\Request), Object(Closure))
#43 C:\\shuriza\\rekap\\rekap\\vendor\\laravel\\framework\\src\\Illuminate\\Http\\Middleware\\TrustProxies.php(58): Illuminate\\Pipeline\\Pipeline->Illuminate\\Pipeline\\{closure}(Object(Illuminate\\Http\\Request))
#44 C:\\shuriza\\rekap\\rekap\\vendor\\laravel\\framework\\src\\Illuminate\\Pipeline\\Pipeline.php(208): Illuminate\\Http\\Middleware\\TrustProxies->handle(Object(Illuminate\\Http\\Request), Object(Closure))
#45 C:\\shuriza\\rekap\\rekap\\vendor\\laravel\\framework\\src\\Illuminate\\Foundation\\Http\\Middleware\\InvokeDeferredCallbacks.php(22): Illuminate\\Pipeline\\Pipeline->Illuminate\\Pipeline\\{closure}(Object(Illuminate\\Http\\Request))
#46 C:\\shuriza\\rekap\\rekap\\vendor\\laravel\\framework\\src\\Illuminate\\Pipeline\\Pipeline.php(208): Illuminate\\Foundation\\Http\\Middleware\\InvokeDeferredCallbacks->handle(Object(Illuminate\\Http\\Request), Object(Closure))
#47 C:\\shuriza\\rekap\\rekap\\vendor\\laravel\\framework\\src\\Illuminate\\Http\\Middleware\\ValidatePathEncoding.php(26): Illuminate\\Pipeline\\Pipeline->Illuminate\\Pipeline\\{closure}(Object(Illuminate\\Http\\Request))
#48 C:\\shuriza\\rekap\\rekap\\vendor\\laravel\\framework\\src\\Illuminate\\Pipeline\\Pipeline.php(208): Illuminate\\Http\\Middleware\\ValidatePathEncoding->handle(Object(Illuminate\\Http\\Request), Object(Closure))
#49 C:\\shuriza\\rekap\\rekap\\vendor\\laravel\\framework\\src\\Illuminate\\Pipeline\\Pipeline.php(126): Illuminate\\Pipeline\\Pipeline->Illuminate\\Pipeline\\{closure}(Object(Illuminate\\Http\\Request))
#50 C:\\shuriza\\rekap\\rekap\\vendor\\laravel\\framework\\src\\Illuminate\\Foundation\\Http\\Kernel.php(175): Illuminate\\Pipeline\\Pipeline->then(Object(Closure))
#51 C:\\shuriza\\rekap\\rekap\\vendor\\laravel\\framework\\src\\Illuminate\\Foundation\\Http\\Kernel.php(144): Illuminate\\Foundation\\Http\\Kernel->sendRequestThroughRouter(Object(Illuminate\\Http\\Request))
#52 C:\\shuriza\\rekap\\rekap\\vendor\\laravel\\framework\\src\\Illuminate\\Foundation\\Application.php(1219): Illuminate\\Foundation\\Http\\Kernel->handle(Object(Illuminate\\Http\\Request))
#53 C:\\shuriza\\rekap\\rekap\\public\\index.php(20): Illuminate\\Foundation\\Application->handleRequest(Object(Illuminate\\Http\\Request))
#54 C:\\shuriza\\rekap\\rekap\\vendor\\laravel\\framework\\src\\Illuminate\\Foundation\\resources\\server.php(23): require_once('C:\\\\shuriza\\\\reka...')
#55 {main}
"} 
[2025-07-04 03:42:41] local.ERROR: View [auth.login] not found. {"exception":"[object] (InvalidArgumentException(code: 0): View [auth.login] not found. at C:\\shuriza\\rekap\\rekap\\vendor\\laravel\\framework\\src\\Illuminate\\View\\FileViewFinder.php:138)
[stacktrace]
#0 C:\\shuriza\\rekap\\rekap\\vendor\\laravel\\framework\\src\\Illuminate\\View\\FileViewFinder.php(78): Illuminate\\View\\FileViewFinder->findInPaths('auth.login', Array)
#1 C:\\shuriza\\rekap\\rekap\\vendor\\laravel\\framework\\src\\Illuminate\\View\\Factory.php(150): Illuminate\\View\\FileViewFinder->find('auth.login')
#2 C:\\shuriza\\rekap\\rekap\\vendor\\laravel\\framework\\src\\Illuminate\\Foundation\\helpers.php(1079): Illuminate\\View\\Factory->make('auth.login', Array, Array)
#3 C:\\shuriza\\rekap\\rekap\\app\\Http\\Controllers\\Auth\\AuthenticatedSessionController.php(19): view('auth.login')
#4 C:\\shuriza\\rekap\\rekap\\vendor\\laravel\\framework\\src\\Illuminate\\Routing\\ControllerDispatcher.php(46): App\\Http\\Controllers\\Auth\\AuthenticatedSessionController->create()
#5 C:\\shuriza\\rekap\\rekap\\vendor\\laravel\\framework\\src\\Illuminate\\Routing\\Route.php(265): Illuminate\\Routing\\ControllerDispatcher->dispatch(Object(Illuminate\\Routing\\Route), Object(App\\Http\\Controllers\\Auth\\AuthenticatedSessionController), 'create')
#6 C:\\shuriza\\rekap\\rekap\\vendor\\laravel\\framework\\src\\Illuminate\\Routing\\Route.php(211): Illuminate\\Routing\\Route->runController()
#7 C:\\shuriza\\rekap\\rekap\\vendor\\laravel\\framework\\src\\Illuminate\\Routing\\Router.php(808): Illuminate\\Routing\\Route->run()
#8 C:\\shuriza\\rekap\\rekap\\vendor\\laravel\\framework\\src\\Illuminate\\Pipeline\\Pipeline.php(169): Illuminate\\Routing\\Router->Illuminate\\Routing\\{closure}(Object(Illuminate\\Http\\Request))
#9 C:\\shuriza\\rekap\\rekap\\vendor\\laravel\\framework\\src\\Illuminate\\Auth\\Middleware\\RedirectIfAuthenticated.php(35): Illuminate\\Pipeline\\Pipeline->Illuminate\\Pipeline\\{closure}(Object(Illuminate\\Http\\Request))
#10 C:\\shuriza\\rekap\\rekap\\vendor\\laravel\\framework\\src\\Illuminate\\Pipeline\\Pipeline.php(208): Illuminate\\Auth\\Middleware\\RedirectIfAuthenticated->handle(Object(Illuminate\\Http\\Request), Object(Closure))
#11 C:\\shuriza\\rekap\\rekap\\vendor\\laravel\\framework\\src\\Illuminate\\Routing\\Middleware\\SubstituteBindings.php(50): Illuminate\\Pipeline\\Pipeline->Illuminate\\Pipeline\\{closure}(Object(Illuminate\\Http\\Request))
#12 C:\\shuriza\\rekap\\rekap\\vendor\\laravel\\framework\\src\\Illuminate\\Pipeline\\Pipeline.php(208): Illuminate\\Routing\\Middleware\\SubstituteBindings->handle(Object(Illuminate\\Http\\Request), Object(Closure))
#13 C:\\shuriza\\rekap\\rekap\\vendor\\laravel\\framework\\src\\Illuminate\\Foundation\\Http\\Middleware\\VerifyCsrfToken.php(87): Illuminate\\Pipeline\\Pipeline->Illuminate\\Pipeline\\{closure}(Object(Illuminate\\Http\\Request))
#14 C:\\shuriza\\rekap\\rekap\\vendor\\laravel\\framework\\src\\Illuminate\\Pipeline\\Pipeline.php(208): Illuminate\\Foundation\\Http\\Middleware\\VerifyCsrfToken->handle(Object(Illuminate\\Http\\Request), Object(Closure))
#15 C:\\shuriza\\rekap\\rekap\\vendor\\laravel\\framework\\src\\Illuminate\\View\\Middleware\\ShareErrorsFromSession.php(48): Illuminate\\Pipeline\\Pipeline->Illuminate\\Pipeline\\{closure}(Object(Illuminate\\Http\\Request))
#16 C:\\shuriza\\rekap\\rekap\\vendor\\laravel\\framework\\src\\Illuminate\\Pipeline\\Pipeline.php(208): Illuminate\\View\\Middleware\\ShareErrorsFromSession->handle(Object(Illuminate\\Http\\Request), Object(Closure))
#17 C:\\shuriza\\rekap\\rekap\\vendor\\laravel\\framework\\src\\Illuminate\\Session\\Middleware\\StartSession.php(120): Illuminate\\Pipeline\\Pipeline->Illuminate\\Pipeline\\{closure}(Object(Illuminate\\Http\\Request))
#18 C:\\shuriza\\rekap\\rekap\\vendor\\laravel\\framework\\src\\Illuminate\\Session\\Middleware\\StartSession.php(63): Illuminate\\Session\\Middleware\\StartSession->handleStatefulRequest(Object(Illuminate\\Http\\Request), Object(Illuminate\\Session\\Store), Object(Closure))
#19 C:\\shuriza\\rekap\\rekap\\vendor\\laravel\\framework\\src\\Illuminate\\Pipeline\\Pipeline.php(208): Illuminate\\Session\\Middleware\\StartSession->handle(Object(Illuminate\\Http\\Request), Object(Closure))
#20 C:\\shuriza\\rekap\\rekap\\vendor\\laravel\\framework\\src\\Illuminate\\Cookie\\Middleware\\AddQueuedCookiesToResponse.php(36): Illuminate\\Pipeline\\Pipeline->Illuminate\\Pipeline\\{closure}(Object(Illuminate\\Http\\Request))
#21 C:\\shuriza\\rekap\\rekap\\vendor\\laravel\\framework\\src\\Illuminate\\Pipeline\\Pipeline.php(208): Illuminate\\Cookie\\Middleware\\AddQueuedCookiesToResponse->handle(Object(Illuminate\\Http\\Request), Object(Closure))
#22 C:\\shuriza\\rekap\\rekap\\vendor\\laravel\\framework\\src\\Illuminate\\Cookie\\Middleware\\EncryptCookies.php(74): Illuminate\\Pipeline\\Pipeline->Illuminate\\Pipeline\\{closure}(Object(Illuminate\\Http\\Request))
#23 C:\\shuriza\\rekap\\rekap\\vendor\\laravel\\framework\\src\\Illuminate\\Pipeline\\Pipeline.php(208): Illuminate\\Cookie\\Middleware\\EncryptCookies->handle(Object(Illuminate\\Http\\Request), Object(Closure))
#24 C:\\shuriza\\rekap\\rekap\\vendor\\laravel\\framework\\src\\Illuminate\\Pipeline\\Pipeline.php(126): Illuminate\\Pipeline\\Pipeline->Illuminate\\Pipeline\\{closure}(Object(Illuminate\\Http\\Request))
#25 C:\\shuriza\\rekap\\rekap\\vendor\\laravel\\framework\\src\\Illuminate\\Routing\\Router.php(807): Illuminate\\Pipeline\\Pipeline->then(Object(Closure))
#26 C:\\shuriza\\rekap\\rekap\\vendor\\laravel\\framework\\src\\Illuminate\\Routing\\Router.php(786): Illuminate\\Routing\\Router->runRouteWithinStack(Object(Illuminate\\Routing\\Route), Object(Illuminate\\Http\\Request))
#27 C:\\shuriza\\rekap\\rekap\\vendor\\laravel\\framework\\src\\Illuminate\\Routing\\Router.php(750): Illuminate\\Routing\\Router->runRoute(Object(Illuminate\\Http\\Request), Object(Illuminate\\Routing\\Route))
#28 C:\\shuriza\\rekap\\rekap\\vendor\\laravel\\framework\\src\\Illuminate\\Routing\\Router.php(739): Illuminate\\Routing\\Router->dispatchToRoute(Object(Illuminate\\Http\\Request))
#29 C:\\shuriza\\rekap\\rekap\\vendor\\laravel\\framework\\src\\Illuminate\\Foundation\\Http\\Kernel.php(200): Illuminate\\Routing\\Router->dispatch(Object(Illuminate\\Http\\Request))
#30 C:\\shuriza\\rekap\\rekap\\vendor\\laravel\\framework\\src\\Illuminate\\Pipeline\\Pipeline.php(169): Illuminate\\Foundation\\Http\\Kernel->Illuminate\\Foundation\\Http\\{closure}(Object(Illuminate\\Http\\Request))
#31 C:\\shuriza\\rekap\\rekap\\vendor\\laravel\\framework\\src\\Illuminate\\Foundation\\Http\\Middleware\\TransformsRequest.php(21): Illuminate\\Pipeline\\Pipeline->Illuminate\\Pipeline\\{closure}(Object(Illuminate\\Http\\Request))
#32 C:\\shuriza\\rekap\\rekap\\vendor\\laravel\\framework\\src\\Illuminate\\Foundation\\Http\\Middleware\\ConvertEmptyStringsToNull.php(31): Illuminate\\Foundation\\Http\\Middleware\\TransformsRequest->handle(Object(Illuminate\\Http\\Request), Object(Closure))
#33 C:\\shuriza\\rekap\\rekap\\vendor\\laravel\\framework\\src\\Illuminate\\Pipeline\\Pipeline.php(208): Illuminate\\Foundation\\Http\\Middleware\\ConvertEmptyStringsToNull->handle(Object(Illuminate\\Http\\Request), Object(Closure))
#34 C:\\shuriza\\rekap\\rekap\\vendor\\laravel\\framework\\src\\Illuminate\\Foundation\\Http\\Middleware\\TransformsRequest.php(21): Illuminate\\Pipeline\\Pipeline->Illuminate\\Pipeline\\{closure}(Object(Illuminate\\Http\\Request))
#35 C:\\shuriza\\rekap\\rekap\\vendor\\laravel\\framework\\src\\Illuminate\\Foundation\\Http\\Middleware\\TrimStrings.php(51): Illuminate\\Foundation\\Http\\Middleware\\TransformsRequest->handle(Object(Illuminate\\Http\\Request), Object(Closure))
#36 C:\\shuriza\\rekap\\rekap\\vendor\\laravel\\framework\\src\\Illuminate\\Pipeline\\Pipeline.php(208): Illuminate\\Foundation\\Http\\Middleware\\TrimStrings->handle(Object(Illuminate\\Http\\Request), Object(Closure))
#37 C:\\shuriza\\rekap\\rekap\\vendor\\laravel\\framework\\src\\Illuminate\\Http\\Middleware\\ValidatePostSize.php(27): Illuminate\\Pipeline\\Pipeline->Illuminate\\Pipeline\\{closure}(Object(Illuminate\\Http\\Request))
#38 C:\\shuriza\\rekap\\rekap\\vendor\\laravel\\framework\\src\\Illuminate\\Pipeline\\Pipeline.php(208): Illuminate\\Http\\Middleware\\ValidatePostSize->handle(Object(Illuminate\\Http\\Request), Object(Closure))
#39 C:\\shuriza\\rekap\\rekap\\vendor\\laravel\\framework\\src\\Illuminate\\Foundation\\Http\\Middleware\\PreventRequestsDuringMaintenance.php(109): Illuminate\\Pipeline\\Pipeline->Illuminate\\Pipeline\\{closure}(Object(Illuminate\\Http\\Request))
#40 C:\\shuriza\\rekap\\rekap\\vendor\\laravel\\framework\\src\\Illuminate\\Pipeline\\Pipeline.php(208): Illuminate\\Foundation\\Http\\Middleware\\PreventRequestsDuringMaintenance->handle(Object(Illuminate\\Http\\Request), Object(Closure))
#41 C:\\shuriza\\rekap\\rekap\\vendor\\laravel\\framework\\src\\Illuminate\\Http\\Middleware\\HandleCors.php(48): Illuminate\\Pipeline\\Pipeline->Illuminate\\Pipeline\\{closure}(Object(Illuminate\\Http\\Request))
#42 C:\\shuriza\\rekap\\rekap\\vendor\\laravel\\framework\\src\\Illuminate\\Pipeline\\Pipeline.php(208): Illuminate\\Http\\Middleware\\HandleCors->handle(Object(Illuminate\\Http\\Request), Object(Closure))
#43 C:\\shuriza\\rekap\\rekap\\vendor\\laravel\\framework\\src\\Illuminate\\Http\\Middleware\\TrustProxies.php(58): Illuminate\\Pipeline\\Pipeline->Illuminate\\Pipeline\\{closure}(Object(Illuminate\\Http\\Request))
#44 C:\\shuriza\\rekap\\rekap\\vendor\\laravel\\framework\\src\\Illuminate\\Pipeline\\Pipeline.php(208): Illuminate\\Http\\Middleware\\TrustProxies->handle(Object(Illuminate\\Http\\Request), Object(Closure))
#45 C:\\shuriza\\rekap\\rekap\\vendor\\laravel\\framework\\src\\Illuminate\\Foundation\\Http\\Middleware\\InvokeDeferredCallbacks.php(22): Illuminate\\Pipeline\\Pipeline->Illuminate\\Pipeline\\{closure}(Object(Illuminate\\Http\\Request))
#46 C:\\shuriza\\rekap\\rekap\\vendor\\laravel\\framework\\src\\Illuminate\\Pipeline\\Pipeline.php(208): Illuminate\\Foundation\\Http\\Middleware\\InvokeDeferredCallbacks->handle(Object(Illuminate\\Http\\Request), Object(Closure))
#47 C:\\shuriza\\rekap\\rekap\\vendor\\laravel\\framework\\src\\Illuminate\\Http\\Middleware\\ValidatePathEncoding.php(26): Illuminate\\Pipeline\\Pipeline->Illuminate\\Pipeline\\{closure}(Object(Illuminate\\Http\\Request))
#48 C:\\shuriza\\rekap\\rekap\\vendor\\laravel\\framework\\src\\Illuminate\\Pipeline\\Pipeline.php(208): Illuminate\\Http\\Middleware\\ValidatePathEncoding->handle(Object(Illuminate\\Http\\Request), Object(Closure))
#49 C:\\shuriza\\rekap\\rekap\\vendor\\laravel\\framework\\src\\Illuminate\\Pipeline\\Pipeline.php(126): Illuminate\\Pipeline\\Pipeline->Illuminate\\Pipeline\\{closure}(Object(Illuminate\\Http\\Request))
#50 C:\\shuriza\\rekap\\rekap\\vendor\\laravel\\framework\\src\\Illuminate\\Foundation\\Http\\Kernel.php(175): Illuminate\\Pipeline\\Pipeline->then(Object(Closure))
#51 C:\\shuriza\\rekap\\rekap\\vendor\\laravel\\framework\\src\\Illuminate\\Foundation\\Http\\Kernel.php(144): Illuminate\\Foundation\\Http\\Kernel->sendRequestThroughRouter(Object(Illuminate\\Http\\Request))
#52 C:\\shuriza\\rekap\\rekap\\vendor\\laravel\\framework\\src\\Illuminate\\Foundation\\Application.php(1219): Illuminate\\Foundation\\Http\\Kernel->handle(Object(Illuminate\\Http\\Request))
#53 C:\\shuriza\\rekap\\rekap\\public\\index.php(20): Illuminate\\Foundation\\Application->handleRequest(Object(Illuminate\\Http\\Request))
#54 C:\\shuriza\\rekap\\rekap\\vendor\\laravel\\framework\\src\\Illuminate\\Foundation\\resources\\server.php(23): require_once('C:\\\\shuriza\\\\reka...')
#55 {main}
"} 
[2025-07-04 03:43:31] local.ERROR: Unable to locate a class or view for component [auth-validation-errors]. {"exception":"[object] (InvalidArgumentException(code: 0): Unable to locate a class or view for component [auth-validation-errors]. at C:\\shuriza\\rekap\\rekap\\vendor\\laravel\\framework\\src\\Illuminate\\View\\Compilers\\ComponentTagCompiler.php:315)
[stacktrace]
#0 C:\\shuriza\\rekap\\rekap\\vendor\\laravel\\framework\\src\\Illuminate\\View\\Compilers\\ComponentTagCompiler.php(235): Illuminate\\View\\Compilers\\ComponentTagCompiler->componentClass('auth-validation...')
#1 C:\\shuriza\\rekap\\rekap\\vendor\\laravel\\framework\\src\\Illuminate\\View\\Compilers\\ComponentTagCompiler.php(220): Illuminate\\View\\Compilers\\ComponentTagCompiler->componentString('auth-validation...', Array)
#2 [internal function]: Illuminate\\View\\Compilers\\ComponentTagCompiler->Illuminate\\View\\Compilers\\{closure}(Array)
#3 C:\\shuriza\\rekap\\rekap\\vendor\\laravel\\framework\\src\\Illuminate\\View\\Compilers\\ComponentTagCompiler.php(215): preg_replace_callback('/\\n            <...', Object(Closure), '@extends('layou...')
#4 C:\\shuriza\\rekap\\rekap\\vendor\\laravel\\framework\\src\\Illuminate\\View\\Compilers\\ComponentTagCompiler.php(89): Illuminate\\View\\Compilers\\ComponentTagCompiler->compileSelfClosingTags('@extends('layou...')
#5 C:\\shuriza\\rekap\\rekap\\vendor\\laravel\\framework\\src\\Illuminate\\View\\Compilers\\ComponentTagCompiler.php(76): Illuminate\\View\\Compilers\\ComponentTagCompiler->compileTags('@extends('layou...')
#6 C:\\shuriza\\rekap\\rekap\\vendor\\laravel\\framework\\src\\Illuminate\\View\\Compilers\\BladeCompiler.php(450): Illuminate\\View\\Compilers\\ComponentTagCompiler->compile('@extends('layou...')
#7 C:\\shuriza\\rekap\\rekap\\vendor\\laravel\\framework\\src\\Illuminate\\View\\Compilers\\BladeCompiler.php(282): Illuminate\\View\\Compilers\\BladeCompiler->compileComponentTags('@extends('layou...')
#8 C:\\shuriza\\rekap\\rekap\\vendor\\laravel\\framework\\src\\Illuminate\\View\\Compilers\\BladeCompiler.php(186): Illuminate\\View\\Compilers\\BladeCompiler->compileString('@extends('layou...')
#9 C:\\shuriza\\rekap\\rekap\\vendor\\laravel\\framework\\src\\Illuminate\\View\\Engines\\CompilerEngine.php(66): Illuminate\\View\\Compilers\\BladeCompiler->compile('C:\\\\shuriza\\\\reka...')
#10 C:\\shuriza\\rekap\\rekap\\vendor\\laravel\\framework\\src\\Illuminate\\View\\View.php(208): Illuminate\\View\\Engines\\CompilerEngine->get('C:\\\\shuriza\\\\reka...', Array)
#11 C:\\shuriza\\rekap\\rekap\\vendor\\laravel\\framework\\src\\Illuminate\\View\\View.php(191): Illuminate\\View\\View->getContents()
#12 C:\\shuriza\\rekap\\rekap\\vendor\\laravel\\framework\\src\\Illuminate\\View\\View.php(160): Illuminate\\View\\View->renderContents()
#13 C:\\shuriza\\rekap\\rekap\\vendor\\laravel\\framework\\src\\Illuminate\\Http\\Response.php(78): Illuminate\\View\\View->render()
#14 C:\\shuriza\\rekap\\rekap\\vendor\\laravel\\framework\\src\\Illuminate\\Http\\Response.php(34): Illuminate\\Http\\Response->setContent(Object(Illuminate\\View\\View))
#15 C:\\shuriza\\rekap\\rekap\\vendor\\laravel\\framework\\src\\Illuminate\\Routing\\Router.php(924): Illuminate\\Http\\Response->__construct(Object(Illuminate\\View\\View), 200, Array)
#16 C:\\shuriza\\rekap\\rekap\\vendor\\laravel\\framework\\src\\Illuminate\\Routing\\Router.php(891): Illuminate\\Routing\\Router::toResponse(Object(Illuminate\\Http\\Request), Object(Illuminate\\View\\View))
#17 C:\\shuriza\\rekap\\rekap\\vendor\\laravel\\framework\\src\\Illuminate\\Routing\\Router.php(807): Illuminate\\Routing\\Router->prepareResponse(Object(Illuminate\\Http\\Request), Object(Illuminate\\View\\View))
#18 C:\\shuriza\\rekap\\rekap\\vendor\\laravel\\framework\\src\\Illuminate\\Pipeline\\Pipeline.php(169): Illuminate\\Routing\\Router->Illuminate\\Routing\\{closure}(Object(Illuminate\\Http\\Request))
#19 C:\\shuriza\\rekap\\rekap\\vendor\\laravel\\framework\\src\\Illuminate\\Routing\\Middleware\\SubstituteBindings.php(50): Illuminate\\Pipeline\\Pipeline->Illuminate\\Pipeline\\{closure}(Object(Illuminate\\Http\\Request))
#20 C:\\shuriza\\rekap\\rekap\\vendor\\laravel\\framework\\src\\Illuminate\\Pipeline\\Pipeline.php(208): Illuminate\\Routing\\Middleware\\SubstituteBindings->handle(Object(Illuminate\\Http\\Request), Object(Closure))
#21 C:\\shuriza\\rekap\\rekap\\vendor\\laravel\\framework\\src\\Illuminate\\Foundation\\Http\\Middleware\\VerifyCsrfToken.php(87): Illuminate\\Pipeline\\Pipeline->Illuminate\\Pipeline\\{closure}(Object(Illuminate\\Http\\Request))
#22 C:\\shuriza\\rekap\\rekap\\vendor\\laravel\\framework\\src\\Illuminate\\Pipeline\\Pipeline.php(208): Illuminate\\Foundation\\Http\\Middleware\\VerifyCsrfToken->handle(Object(Illuminate\\Http\\Request), Object(Closure))
#23 C:\\shuriza\\rekap\\rekap\\vendor\\laravel\\framework\\src\\Illuminate\\View\\Middleware\\ShareErrorsFromSession.php(48): Illuminate\\Pipeline\\Pipeline->Illuminate\\Pipeline\\{closure}(Object(Illuminate\\Http\\Request))
#24 C:\\shuriza\\rekap\\rekap\\vendor\\laravel\\framework\\src\\Illuminate\\Pipeline\\Pipeline.php(208): Illuminate\\View\\Middleware\\ShareErrorsFromSession->handle(Object(Illuminate\\Http\\Request), Object(Closure))
#25 C:\\shuriza\\rekap\\rekap\\vendor\\laravel\\framework\\src\\Illuminate\\Session\\Middleware\\StartSession.php(120): Illuminate\\Pipeline\\Pipeline->Illuminate\\Pipeline\\{closure}(Object(Illuminate\\Http\\Request))
#26 C:\\shuriza\\rekap\\rekap\\vendor\\laravel\\framework\\src\\Illuminate\\Session\\Middleware\\StartSession.php(63): Illuminate\\Session\\Middleware\\StartSession->handleStatefulRequest(Object(Illuminate\\Http\\Request), Object(Illuminate\\Session\\Store), Object(Closure))
#27 C:\\shuriza\\rekap\\rekap\\vendor\\laravel\\framework\\src\\Illuminate\\Pipeline\\Pipeline.php(208): Illuminate\\Session\\Middleware\\StartSession->handle(Object(Illuminate\\Http\\Request), Object(Closure))
#28 C:\\shuriza\\rekap\\rekap\\vendor\\laravel\\framework\\src\\Illuminate\\Cookie\\Middleware\\AddQueuedCookiesToResponse.php(36): Illuminate\\Pipeline\\Pipeline->Illuminate\\Pipeline\\{closure}(Object(Illuminate\\Http\\Request))
#29 C:\\shuriza\\rekap\\rekap\\vendor\\laravel\\framework\\src\\Illuminate\\Pipeline\\Pipeline.php(208): Illuminate\\Cookie\\Middleware\\AddQueuedCookiesToResponse->handle(Object(Illuminate\\Http\\Request), Object(Closure))
#30 C:\\shuriza\\rekap\\rekap\\vendor\\laravel\\framework\\src\\Illuminate\\Cookie\\Middleware\\EncryptCookies.php(74): Illuminate\\Pipeline\\Pipeline->Illuminate\\Pipeline\\{closure}(Object(Illuminate\\Http\\Request))
#31 C:\\shuriza\\rekap\\rekap\\vendor\\laravel\\framework\\src\\Illuminate\\Pipeline\\Pipeline.php(208): Illuminate\\Cookie\\Middleware\\EncryptCookies->handle(Object(Illuminate\\Http\\Request), Object(Closure))
#32 C:\\shuriza\\rekap\\rekap\\vendor\\laravel\\framework\\src\\Illuminate\\Pipeline\\Pipeline.php(126): Illuminate\\Pipeline\\Pipeline->Illuminate\\Pipeline\\{closure}(Object(Illuminate\\Http\\Request))
#33 C:\\shuriza\\rekap\\rekap\\vendor\\laravel\\framework\\src\\Illuminate\\Routing\\Router.php(807): Illuminate\\Pipeline\\Pipeline->then(Object(Closure))
#34 C:\\shuriza\\rekap\\rekap\\vendor\\laravel\\framework\\src\\Illuminate\\Routing\\Router.php(786): Illuminate\\Routing\\Router->runRouteWithinStack(Object(Illuminate\\Routing\\Route), Object(Illuminate\\Http\\Request))
#35 C:\\shuriza\\rekap\\rekap\\vendor\\laravel\\framework\\src\\Illuminate\\Routing\\Router.php(750): Illuminate\\Routing\\Router->runRoute(Object(Illuminate\\Http\\Request), Object(Illuminate\\Routing\\Route))
#36 C:\\shuriza\\rekap\\rekap\\vendor\\laravel\\framework\\src\\Illuminate\\Routing\\Router.php(739): Illuminate\\Routing\\Router->dispatchToRoute(Object(Illuminate\\Http\\Request))
#37 C:\\shuriza\\rekap\\rekap\\vendor\\laravel\\framework\\src\\Illuminate\\Foundation\\Http\\Kernel.php(200): Illuminate\\Routing\\Router->dispatch(Object(Illuminate\\Http\\Request))
#38 C:\\shuriza\\rekap\\rekap\\vendor\\laravel\\framework\\src\\Illuminate\\Pipeline\\Pipeline.php(169): Illuminate\\Foundation\\Http\\Kernel->Illuminate\\Foundation\\Http\\{closure}(Object(Illuminate\\Http\\Request))
#39 C:\\shuriza\\rekap\\rekap\\vendor\\laravel\\framework\\src\\Illuminate\\Foundation\\Http\\Middleware\\TransformsRequest.php(21): Illuminate\\Pipeline\\Pipeline->Illuminate\\Pipeline\\{closure}(Object(Illuminate\\Http\\Request))
#40 C:\\shuriza\\rekap\\rekap\\vendor\\laravel\\framework\\src\\Illuminate\\Foundation\\Http\\Middleware\\ConvertEmptyStringsToNull.php(31): Illuminate\\Foundation\\Http\\Middleware\\TransformsRequest->handle(Object(Illuminate\\Http\\Request), Object(Closure))
#41 C:\\shuriza\\rekap\\rekap\\vendor\\laravel\\framework\\src\\Illuminate\\Pipeline\\Pipeline.php(208): Illuminate\\Foundation\\Http\\Middleware\\ConvertEmptyStringsToNull->handle(Object(Illuminate\\Http\\Request), Object(Closure))
#42 C:\\shuriza\\rekap\\rekap\\vendor\\laravel\\framework\\src\\Illuminate\\Foundation\\Http\\Middleware\\TransformsRequest.php(21): Illuminate\\Pipeline\\Pipeline->Illuminate\\Pipeline\\{closure}(Object(Illuminate\\Http\\Request))
#43 C:\\shuriza\\rekap\\rekap\\vendor\\laravel\\framework\\src\\Illuminate\\Foundation\\Http\\Middleware\\TrimStrings.php(51): Illuminate\\Foundation\\Http\\Middleware\\TransformsRequest->handle(Object(Illuminate\\Http\\Request), Object(Closure))
#44 C:\\shuriza\\rekap\\rekap\\vendor\\laravel\\framework\\src\\Illuminate\\Pipeline\\Pipeline.php(208): Illuminate\\Foundation\\Http\\Middleware\\TrimStrings->handle(Object(Illuminate\\Http\\Request), Object(Closure))
#45 C:\\shuriza\\rekap\\rekap\\vendor\\laravel\\framework\\src\\Illuminate\\Http\\Middleware\\ValidatePostSize.php(27): Illuminate\\Pipeline\\Pipeline->Illuminate\\Pipeline\\{closure}(Object(Illuminate\\Http\\Request))
#46 C:\\shuriza\\rekap\\rekap\\vendor\\laravel\\framework\\src\\Illuminate\\Pipeline\\Pipeline.php(208): Illuminate\\Http\\Middleware\\ValidatePostSize->handle(Object(Illuminate\\Http\\Request), Object(Closure))
#47 C:\\shuriza\\rekap\\rekap\\vendor\\laravel\\framework\\src\\Illuminate\\Foundation\\Http\\Middleware\\PreventRequestsDuringMaintenance.php(109): Illuminate\\Pipeline\\Pipeline->Illuminate\\Pipeline\\{closure}(Object(Illuminate\\Http\\Request))
#48 C:\\shuriza\\rekap\\rekap\\vendor\\laravel\\framework\\src\\Illuminate\\Pipeline\\Pipeline.php(208): Illuminate\\Foundation\\Http\\Middleware\\PreventRequestsDuringMaintenance->handle(Object(Illuminate\\Http\\Request), Object(Closure))
#49 C:\\shuriza\\rekap\\rekap\\vendor\\laravel\\framework\\src\\Illuminate\\Http\\Middleware\\HandleCors.php(48): Illuminate\\Pipeline\\Pipeline->Illuminate\\Pipeline\\{closure}(Object(Illuminate\\Http\\Request))
#50 C:\\shuriza\\rekap\\rekap\\vendor\\laravel\\framework\\src\\Illuminate\\Pipeline\\Pipeline.php(208): Illuminate\\Http\\Middleware\\HandleCors->handle(Object(Illuminate\\Http\\Request), Object(Closure))
#51 C:\\shuriza\\rekap\\rekap\\vendor\\laravel\\framework\\src\\Illuminate\\Http\\Middleware\\TrustProxies.php(58): Illuminate\\Pipeline\\Pipeline->Illuminate\\Pipeline\\{closure}(Object(Illuminate\\Http\\Request))
#52 C:\\shuriza\\rekap\\rekap\\vendor\\laravel\\framework\\src\\Illuminate\\Pipeline\\Pipeline.php(208): Illuminate\\Http\\Middleware\\TrustProxies->handle(Object(Illuminate\\Http\\Request), Object(Closure))
#53 C:\\shuriza\\rekap\\rekap\\vendor\\laravel\\framework\\src\\Illuminate\\Foundation\\Http\\Middleware\\InvokeDeferredCallbacks.php(22): Illuminate\\Pipeline\\Pipeline->Illuminate\\Pipeline\\{closure}(Object(Illuminate\\Http\\Request))
#54 C:\\shuriza\\rekap\\rekap\\vendor\\laravel\\framework\\src\\Illuminate\\Pipeline\\Pipeline.php(208): Illuminate\\Foundation\\Http\\Middleware\\InvokeDeferredCallbacks->handle(Object(Illuminate\\Http\\Request), Object(Closure))
#55 C:\\shuriza\\rekap\\rekap\\vendor\\laravel\\framework\\src\\Illuminate\\Http\\Middleware\\ValidatePathEncoding.php(26): Illuminate\\Pipeline\\Pipeline->Illuminate\\Pipeline\\{closure}(Object(Illuminate\\Http\\Request))
#56 C:\\shuriza\\rekap\\rekap\\vendor\\laravel\\framework\\src\\Illuminate\\Pipeline\\Pipeline.php(208): Illuminate\\Http\\Middleware\\ValidatePathEncoding->handle(Object(Illuminate\\Http\\Request), Object(Closure))
#57 C:\\shuriza\\rekap\\rekap\\vendor\\laravel\\framework\\src\\Illuminate\\Pipeline\\Pipeline.php(126): Illuminate\\Pipeline\\Pipeline->Illuminate\\Pipeline\\{closure}(Object(Illuminate\\Http\\Request))
#58 C:\\shuriza\\rekap\\rekap\\vendor\\laravel\\framework\\src\\Illuminate\\Foundation\\Http\\Kernel.php(175): Illuminate\\Pipeline\\Pipeline->then(Object(Closure))
#59 C:\\shuriza\\rekap\\rekap\\vendor\\laravel\\framework\\src\\Illuminate\\Foundation\\Http\\Kernel.php(144): Illuminate\\Foundation\\Http\\Kernel->sendRequestThroughRouter(Object(Illuminate\\Http\\Request))
#60 C:\\shuriza\\rekap\\rekap\\vendor\\laravel\\framework\\src\\Illuminate\\Foundation\\Application.php(1219): Illuminate\\Foundation\\Http\\Kernel->handle(Object(Illuminate\\Http\\Request))
#61 C:\\shuriza\\rekap\\rekap\\public\\index.php(20): Illuminate\\Foundation\\Application->handleRequest(Object(Illuminate\\Http\\Request))
#62 C:\\shuriza\\rekap\\rekap\\vendor\\laravel\\framework\\src\\Illuminate\\Foundation\\resources\\server.php(23): require_once('C:\\\\shuriza\\\\reka...')
#63 {main}
"} 
[2025-07-04 03:43:39] local.ERROR: View [permissions.index] not found. {"exception":"[object] (InvalidArgumentException(code: 0): View [permissions.index] not found. at C:\\shuriza\\rekap\\rekap\\vendor\\laravel\\framework\\src\\Illuminate\\View\\FileViewFinder.php:138)
[stacktrace]
#0 C:\\shuriza\\rekap\\rekap\\vendor\\laravel\\framework\\src\\Illuminate\\View\\FileViewFinder.php(78): Illuminate\\View\\FileViewFinder->findInPaths('permissions.ind...', Array)
#1 C:\\shuriza\\rekap\\rekap\\vendor\\laravel\\framework\\src\\Illuminate\\View\\Factory.php(150): Illuminate\\View\\FileViewFinder->find('permissions.ind...')
#2 C:\\shuriza\\rekap\\rekap\\vendor\\laravel\\framework\\src\\Illuminate\\Foundation\\helpers.php(1079): Illuminate\\View\\Factory->make('permissions.ind...', Array, Array)
#3 C:\\shuriza\\rekap\\rekap\\app\\Http\\Controllers\\PermissionController.php(20): view('permissions.ind...', Array)
#4 C:\\shuriza\\rekap\\rekap\\vendor\\laravel\\framework\\src\\Illuminate\\Routing\\ControllerDispatcher.php(46): App\\Http\\Controllers\\PermissionController->index()
#5 C:\\shuriza\\rekap\\rekap\\vendor\\laravel\\framework\\src\\Illuminate\\Routing\\Route.php(265): Illuminate\\Routing\\ControllerDispatcher->dispatch(Object(Illuminate\\Routing\\Route), Object(App\\Http\\Controllers\\PermissionController), 'index')
#6 C:\\shuriza\\rekap\\rekap\\vendor\\laravel\\framework\\src\\Illuminate\\Routing\\Route.php(211): Illuminate\\Routing\\Route->runController()
#7 C:\\shuriza\\rekap\\rekap\\vendor\\laravel\\framework\\src\\Illuminate\\Routing\\Router.php(808): Illuminate\\Routing\\Route->run()
#8 C:\\shuriza\\rekap\\rekap\\vendor\\laravel\\framework\\src\\Illuminate\\Pipeline\\Pipeline.php(169): Illuminate\\Routing\\Router->Illuminate\\Routing\\{closure}(Object(Illuminate\\Http\\Request))
#9 C:\\shuriza\\rekap\\rekap\\vendor\\laravel\\framework\\src\\Illuminate\\Routing\\Middleware\\SubstituteBindings.php(50): Illuminate\\Pipeline\\Pipeline->Illuminate\\Pipeline\\{closure}(Object(Illuminate\\Http\\Request))
#10 C:\\shuriza\\rekap\\rekap\\vendor\\laravel\\framework\\src\\Illuminate\\Pipeline\\Pipeline.php(208): Illuminate\\Routing\\Middleware\\SubstituteBindings->handle(Object(Illuminate\\Http\\Request), Object(Closure))
#11 C:\\shuriza\\rekap\\rekap\\vendor\\laravel\\framework\\src\\Illuminate\\Foundation\\Http\\Middleware\\VerifyCsrfToken.php(87): Illuminate\\Pipeline\\Pipeline->Illuminate\\Pipeline\\{closure}(Object(Illuminate\\Http\\Request))
#12 C:\\shuriza\\rekap\\rekap\\vendor\\laravel\\framework\\src\\Illuminate\\Pipeline\\Pipeline.php(208): Illuminate\\Foundation\\Http\\Middleware\\VerifyCsrfToken->handle(Object(Illuminate\\Http\\Request), Object(Closure))
#13 C:\\shuriza\\rekap\\rekap\\vendor\\laravel\\framework\\src\\Illuminate\\View\\Middleware\\ShareErrorsFromSession.php(48): Illuminate\\Pipeline\\Pipeline->Illuminate\\Pipeline\\{closure}(Object(Illuminate\\Http\\Request))
#14 C:\\shuriza\\rekap\\rekap\\vendor\\laravel\\framework\\src\\Illuminate\\Pipeline\\Pipeline.php(208): Illuminate\\View\\Middleware\\ShareErrorsFromSession->handle(Object(Illuminate\\Http\\Request), Object(Closure))
#15 C:\\shuriza\\rekap\\rekap\\vendor\\laravel\\framework\\src\\Illuminate\\Session\\Middleware\\StartSession.php(120): Illuminate\\Pipeline\\Pipeline->Illuminate\\Pipeline\\{closure}(Object(Illuminate\\Http\\Request))
#16 C:\\shuriza\\rekap\\rekap\\vendor\\laravel\\framework\\src\\Illuminate\\Session\\Middleware\\StartSession.php(63): Illuminate\\Session\\Middleware\\StartSession->handleStatefulRequest(Object(Illuminate\\Http\\Request), Object(Illuminate\\Session\\Store), Object(Closure))
#17 C:\\shuriza\\rekap\\rekap\\vendor\\laravel\\framework\\src\\Illuminate\\Pipeline\\Pipeline.php(208): Illuminate\\Session\\Middleware\\StartSession->handle(Object(Illuminate\\Http\\Request), Object(Closure))
#18 C:\\shuriza\\rekap\\rekap\\vendor\\laravel\\framework\\src\\Illuminate\\Cookie\\Middleware\\AddQueuedCookiesToResponse.php(36): Illuminate\\Pipeline\\Pipeline->Illuminate\\Pipeline\\{closure}(Object(Illuminate\\Http\\Request))
#19 C:\\shuriza\\rekap\\rekap\\vendor\\laravel\\framework\\src\\Illuminate\\Pipeline\\Pipeline.php(208): Illuminate\\Cookie\\Middleware\\AddQueuedCookiesToResponse->handle(Object(Illuminate\\Http\\Request), Object(Closure))
#20 C:\\shuriza\\rekap\\rekap\\vendor\\laravel\\framework\\src\\Illuminate\\Cookie\\Middleware\\EncryptCookies.php(74): Illuminate\\Pipeline\\Pipeline->Illuminate\\Pipeline\\{closure}(Object(Illuminate\\Http\\Request))
#21 C:\\shuriza\\rekap\\rekap\\vendor\\laravel\\framework\\src\\Illuminate\\Pipeline\\Pipeline.php(208): Illuminate\\Cookie\\Middleware\\EncryptCookies->handle(Object(Illuminate\\Http\\Request), Object(Closure))
#22 C:\\shuriza\\rekap\\rekap\\vendor\\laravel\\framework\\src\\Illuminate\\Pipeline\\Pipeline.php(126): Illuminate\\Pipeline\\Pipeline->Illuminate\\Pipeline\\{closure}(Object(Illuminate\\Http\\Request))
#23 C:\\shuriza\\rekap\\rekap\\vendor\\laravel\\framework\\src\\Illuminate\\Routing\\Router.php(807): Illuminate\\Pipeline\\Pipeline->then(Object(Closure))
#24 C:\\shuriza\\rekap\\rekap\\vendor\\laravel\\framework\\src\\Illuminate\\Routing\\Router.php(786): Illuminate\\Routing\\Router->runRouteWithinStack(Object(Illuminate\\Routing\\Route), Object(Illuminate\\Http\\Request))
#25 C:\\shuriza\\rekap\\rekap\\vendor\\laravel\\framework\\src\\Illuminate\\Routing\\Router.php(750): Illuminate\\Routing\\Router->runRoute(Object(Illuminate\\Http\\Request), Object(Illuminate\\Routing\\Route))
#26 C:\\shuriza\\rekap\\rekap\\vendor\\laravel\\framework\\src\\Illuminate\\Routing\\Router.php(739): Illuminate\\Routing\\Router->dispatchToRoute(Object(Illuminate\\Http\\Request))
#27 C:\\shuriza\\rekap\\rekap\\vendor\\laravel\\framework\\src\\Illuminate\\Foundation\\Http\\Kernel.php(200): Illuminate\\Routing\\Router->dispatch(Object(Illuminate\\Http\\Request))
#28 C:\\shuriza\\rekap\\rekap\\vendor\\laravel\\framework\\src\\Illuminate\\Pipeline\\Pipeline.php(169): Illuminate\\Foundation\\Http\\Kernel->Illuminate\\Foundation\\Http\\{closure}(Object(Illuminate\\Http\\Request))
#29 C:\\shuriza\\rekap\\rekap\\vendor\\laravel\\framework\\src\\Illuminate\\Foundation\\Http\\Middleware\\TransformsRequest.php(21): Illuminate\\Pipeline\\Pipeline->Illuminate\\Pipeline\\{closure}(Object(Illuminate\\Http\\Request))
#30 C:\\shuriza\\rekap\\rekap\\vendor\\laravel\\framework\\src\\Illuminate\\Foundation\\Http\\Middleware\\ConvertEmptyStringsToNull.php(31): Illuminate\\Foundation\\Http\\Middleware\\TransformsRequest->handle(Object(Illuminate\\Http\\Request), Object(Closure))
#31 C:\\shuriza\\rekap\\rekap\\vendor\\laravel\\framework\\src\\Illuminate\\Pipeline\\Pipeline.php(208): Illuminate\\Foundation\\Http\\Middleware\\ConvertEmptyStringsToNull->handle(Object(Illuminate\\Http\\Request), Object(Closure))
#32 C:\\shuriza\\rekap\\rekap\\vendor\\laravel\\framework\\src\\Illuminate\\Foundation\\Http\\Middleware\\TransformsRequest.php(21): Illuminate\\Pipeline\\Pipeline->Illuminate\\Pipeline\\{closure}(Object(Illuminate\\Http\\Request))
#33 C:\\shuriza\\rekap\\rekap\\vendor\\laravel\\framework\\src\\Illuminate\\Foundation\\Http\\Middleware\\TrimStrings.php(51): Illuminate\\Foundation\\Http\\Middleware\\TransformsRequest->handle(Object(Illuminate\\Http\\Request), Object(Closure))
#34 C:\\shuriza\\rekap\\rekap\\vendor\\laravel\\framework\\src\\Illuminate\\Pipeline\\Pipeline.php(208): Illuminate\\Foundation\\Http\\Middleware\\TrimStrings->handle(Object(Illuminate\\Http\\Request), Object(Closure))
#35 C:\\shuriza\\rekap\\rekap\\vendor\\laravel\\framework\\src\\Illuminate\\Http\\Middleware\\ValidatePostSize.php(27): Illuminate\\Pipeline\\Pipeline->Illuminate\\Pipeline\\{closure}(Object(Illuminate\\Http\\Request))
#36 C:\\shuriza\\rekap\\rekap\\vendor\\laravel\\framework\\src\\Illuminate\\Pipeline\\Pipeline.php(208): Illuminate\\Http\\Middleware\\ValidatePostSize->handle(Object(Illuminate\\Http\\Request), Object(Closure))
#37 C:\\shuriza\\rekap\\rekap\\vendor\\laravel\\framework\\src\\Illuminate\\Foundation\\Http\\Middleware\\PreventRequestsDuringMaintenance.php(109): Illuminate\\Pipeline\\Pipeline->Illuminate\\Pipeline\\{closure}(Object(Illuminate\\Http\\Request))
#38 C:\\shuriza\\rekap\\rekap\\vendor\\laravel\\framework\\src\\Illuminate\\Pipeline\\Pipeline.php(208): Illuminate\\Foundation\\Http\\Middleware\\PreventRequestsDuringMaintenance->handle(Object(Illuminate\\Http\\Request), Object(Closure))
#39 C:\\shuriza\\rekap\\rekap\\vendor\\laravel\\framework\\src\\Illuminate\\Http\\Middleware\\HandleCors.php(48): Illuminate\\Pipeline\\Pipeline->Illuminate\\Pipeline\\{closure}(Object(Illuminate\\Http\\Request))
#40 C:\\shuriza\\rekap\\rekap\\vendor\\laravel\\framework\\src\\Illuminate\\Pipeline\\Pipeline.php(208): Illuminate\\Http\\Middleware\\HandleCors->handle(Object(Illuminate\\Http\\Request), Object(Closure))
#41 C:\\shuriza\\rekap\\rekap\\vendor\\laravel\\framework\\src\\Illuminate\\Http\\Middleware\\TrustProxies.php(58): Illuminate\\Pipeline\\Pipeline->Illuminate\\Pipeline\\{closure}(Object(Illuminate\\Http\\Request))
#42 C:\\shuriza\\rekap\\rekap\\vendor\\laravel\\framework\\src\\Illuminate\\Pipeline\\Pipeline.php(208): Illuminate\\Http\\Middleware\\TrustProxies->handle(Object(Illuminate\\Http\\Request), Object(Closure))
#43 C:\\shuriza\\rekap\\rekap\\vendor\\laravel\\framework\\src\\Illuminate\\Foundation\\Http\\Middleware\\InvokeDeferredCallbacks.php(22): Illuminate\\Pipeline\\Pipeline->Illuminate\\Pipeline\\{closure}(Object(Illuminate\\Http\\Request))
#44 C:\\shuriza\\rekap\\rekap\\vendor\\laravel\\framework\\src\\Illuminate\\Pipeline\\Pipeline.php(208): Illuminate\\Foundation\\Http\\Middleware\\InvokeDeferredCallbacks->handle(Object(Illuminate\\Http\\Request), Object(Closure))
#45 C:\\shuriza\\rekap\\rekap\\vendor\\laravel\\framework\\src\\Illuminate\\Http\\Middleware\\ValidatePathEncoding.php(26): Illuminate\\Pipeline\\Pipeline->Illuminate\\Pipeline\\{closure}(Object(Illuminate\\Http\\Request))
#46 C:\\shuriza\\rekap\\rekap\\vendor\\laravel\\framework\\src\\Illuminate\\Pipeline\\Pipeline.php(208): Illuminate\\Http\\Middleware\\ValidatePathEncoding->handle(Object(Illuminate\\Http\\Request), Object(Closure))
#47 C:\\shuriza\\rekap\\rekap\\vendor\\laravel\\framework\\src\\Illuminate\\Pipeline\\Pipeline.php(126): Illuminate\\Pipeline\\Pipeline->Illuminate\\Pipeline\\{closure}(Object(Illuminate\\Http\\Request))
#48 C:\\shuriza\\rekap\\rekap\\vendor\\laravel\\framework\\src\\Illuminate\\Foundation\\Http\\Kernel.php(175): Illuminate\\Pipeline\\Pipeline->then(Object(Closure))
#49 C:\\shuriza\\rekap\\rekap\\vendor\\laravel\\framework\\src\\Illuminate\\Foundation\\Http\\Kernel.php(144): Illuminate\\Foundation\\Http\\Kernel->sendRequestThroughRouter(Object(Illuminate\\Http\\Request))
#50 C:\\shuriza\\rekap\\rekap\\vendor\\laravel\\framework\\src\\Illuminate\\Foundation\\Application.php(1219): Illuminate\\Foundation\\Http\\Kernel->handle(Object(Illuminate\\Http\\Request))
#51 C:\\shuriza\\rekap\\rekap\\public\\index.php(20): Illuminate\\Foundation\\Application->handleRequest(Object(Illuminate\\Http\\Request))
#52 C:\\shuriza\\rekap\\rekap\\vendor\\laravel\\framework\\src\\Illuminate\\Foundation\\resources\\server.php(23): require_once('C:\\\\shuriza\\\\reka...')
#53 {main}
"} 
[2025-07-04 03:45:32] local.ERROR: Unable to locate a class or view for component [auth-validation-errors]. {"exception":"[object] (InvalidArgumentException(code: 0): Unable to locate a class or view for component [auth-validation-errors]. at C:\\shuriza\\rekap\\rekap\\vendor\\laravel\\framework\\src\\Illuminate\\View\\Compilers\\ComponentTagCompiler.php:315)
[stacktrace]
#0 C:\\shuriza\\rekap\\rekap\\vendor\\laravel\\framework\\src\\Illuminate\\View\\Compilers\\ComponentTagCompiler.php(235): Illuminate\\View\\Compilers\\ComponentTagCompiler->componentClass('auth-validation...')
#1 C:\\shuriza\\rekap\\rekap\\vendor\\laravel\\framework\\src\\Illuminate\\View\\Compilers\\ComponentTagCompiler.php(220): Illuminate\\View\\Compilers\\ComponentTagCompiler->componentString('auth-validation...', Array)
#2 [internal function]: Illuminate\\View\\Compilers\\ComponentTagCompiler->Illuminate\\View\\Compilers\\{closure}(Array)
#3 C:\\shuriza\\rekap\\rekap\\vendor\\laravel\\framework\\src\\Illuminate\\View\\Compilers\\ComponentTagCompiler.php(215): preg_replace_callback('/\\n            <...', Object(Closure), '@extends('layou...')
#4 C:\\shuriza\\rekap\\rekap\\vendor\\laravel\\framework\\src\\Illuminate\\View\\Compilers\\ComponentTagCompiler.php(89): Illuminate\\View\\Compilers\\ComponentTagCompiler->compileSelfClosingTags('@extends('layou...')
#5 C:\\shuriza\\rekap\\rekap\\vendor\\laravel\\framework\\src\\Illuminate\\View\\Compilers\\ComponentTagCompiler.php(76): Illuminate\\View\\Compilers\\ComponentTagCompiler->compileTags('@extends('layou...')
#6 C:\\shuriza\\rekap\\rekap\\vendor\\laravel\\framework\\src\\Illuminate\\View\\Compilers\\BladeCompiler.php(450): Illuminate\\View\\Compilers\\ComponentTagCompiler->compile('@extends('layou...')
#7 C:\\shuriza\\rekap\\rekap\\vendor\\laravel\\framework\\src\\Illuminate\\View\\Compilers\\BladeCompiler.php(282): Illuminate\\View\\Compilers\\BladeCompiler->compileComponentTags('@extends('layou...')
#8 C:\\shuriza\\rekap\\rekap\\vendor\\laravel\\framework\\src\\Illuminate\\View\\Compilers\\BladeCompiler.php(186): Illuminate\\View\\Compilers\\BladeCompiler->compileString('@extends('layou...')
#9 C:\\shuriza\\rekap\\rekap\\vendor\\laravel\\framework\\src\\Illuminate\\View\\Engines\\CompilerEngine.php(66): Illuminate\\View\\Compilers\\BladeCompiler->compile('C:\\\\shuriza\\\\reka...')
#10 C:\\shuriza\\rekap\\rekap\\vendor\\laravel\\framework\\src\\Illuminate\\View\\View.php(208): Illuminate\\View\\Engines\\CompilerEngine->get('C:\\\\shuriza\\\\reka...', Array)
#11 C:\\shuriza\\rekap\\rekap\\vendor\\laravel\\framework\\src\\Illuminate\\View\\View.php(191): Illuminate\\View\\View->getContents()
#12 C:\\shuriza\\rekap\\rekap\\vendor\\laravel\\framework\\src\\Illuminate\\View\\View.php(160): Illuminate\\View\\View->renderContents()
#13 C:\\shuriza\\rekap\\rekap\\vendor\\laravel\\framework\\src\\Illuminate\\Http\\Response.php(78): Illuminate\\View\\View->render()
#14 C:\\shuriza\\rekap\\rekap\\vendor\\laravel\\framework\\src\\Illuminate\\Http\\Response.php(34): Illuminate\\Http\\Response->setContent(Object(Illuminate\\View\\View))
#15 C:\\shuriza\\rekap\\rekap\\vendor\\laravel\\framework\\src\\Illuminate\\Routing\\Router.php(924): Illuminate\\Http\\Response->__construct(Object(Illuminate\\View\\View), 200, Array)
#16 C:\\shuriza\\rekap\\rekap\\vendor\\laravel\\framework\\src\\Illuminate\\Routing\\Router.php(891): Illuminate\\Routing\\Router::toResponse(Object(Illuminate\\Http\\Request), Object(Illuminate\\View\\View))
#17 C:\\shuriza\\rekap\\rekap\\vendor\\laravel\\framework\\src\\Illuminate\\Routing\\Router.php(807): Illuminate\\Routing\\Router->prepareResponse(Object(Illuminate\\Http\\Request), Object(Illuminate\\View\\View))
#18 C:\\shuriza\\rekap\\rekap\\vendor\\laravel\\framework\\src\\Illuminate\\Pipeline\\Pipeline.php(169): Illuminate\\Routing\\Router->Illuminate\\Routing\\{closure}(Object(Illuminate\\Http\\Request))
#19 C:\\shuriza\\rekap\\rekap\\vendor\\laravel\\framework\\src\\Illuminate\\Routing\\Middleware\\SubstituteBindings.php(50): Illuminate\\Pipeline\\Pipeline->Illuminate\\Pipeline\\{closure}(Object(Illuminate\\Http\\Request))
#20 C:\\shuriza\\rekap\\rekap\\vendor\\laravel\\framework\\src\\Illuminate\\Pipeline\\Pipeline.php(208): Illuminate\\Routing\\Middleware\\SubstituteBindings->handle(Object(Illuminate\\Http\\Request), Object(Closure))
#21 C:\\shuriza\\rekap\\rekap\\vendor\\laravel\\framework\\src\\Illuminate\\Foundation\\Http\\Middleware\\VerifyCsrfToken.php(87): Illuminate\\Pipeline\\Pipeline->Illuminate\\Pipeline\\{closure}(Object(Illuminate\\Http\\Request))
#22 C:\\shuriza\\rekap\\rekap\\vendor\\laravel\\framework\\src\\Illuminate\\Pipeline\\Pipeline.php(208): Illuminate\\Foundation\\Http\\Middleware\\VerifyCsrfToken->handle(Object(Illuminate\\Http\\Request), Object(Closure))
#23 C:\\shuriza\\rekap\\rekap\\vendor\\laravel\\framework\\src\\Illuminate\\View\\Middleware\\ShareErrorsFromSession.php(48): Illuminate\\Pipeline\\Pipeline->Illuminate\\Pipeline\\{closure}(Object(Illuminate\\Http\\Request))
#24 C:\\shuriza\\rekap\\rekap\\vendor\\laravel\\framework\\src\\Illuminate\\Pipeline\\Pipeline.php(208): Illuminate\\View\\Middleware\\ShareErrorsFromSession->handle(Object(Illuminate\\Http\\Request), Object(Closure))
#25 C:\\shuriza\\rekap\\rekap\\vendor\\laravel\\framework\\src\\Illuminate\\Session\\Middleware\\StartSession.php(120): Illuminate\\Pipeline\\Pipeline->Illuminate\\Pipeline\\{closure}(Object(Illuminate\\Http\\Request))
#26 C:\\shuriza\\rekap\\rekap\\vendor\\laravel\\framework\\src\\Illuminate\\Session\\Middleware\\StartSession.php(63): Illuminate\\Session\\Middleware\\StartSession->handleStatefulRequest(Object(Illuminate\\Http\\Request), Object(Illuminate\\Session\\Store), Object(Closure))
#27 C:\\shuriza\\rekap\\rekap\\vendor\\laravel\\framework\\src\\Illuminate\\Pipeline\\Pipeline.php(208): Illuminate\\Session\\Middleware\\StartSession->handle(Object(Illuminate\\Http\\Request), Object(Closure))
#28 C:\\shuriza\\rekap\\rekap\\vendor\\laravel\\framework\\src\\Illuminate\\Cookie\\Middleware\\AddQueuedCookiesToResponse.php(36): Illuminate\\Pipeline\\Pipeline->Illuminate\\Pipeline\\{closure}(Object(Illuminate\\Http\\Request))
#29 C:\\shuriza\\rekap\\rekap\\vendor\\laravel\\framework\\src\\Illuminate\\Pipeline\\Pipeline.php(208): Illuminate\\Cookie\\Middleware\\AddQueuedCookiesToResponse->handle(Object(Illuminate\\Http\\Request), Object(Closure))
#30 C:\\shuriza\\rekap\\rekap\\vendor\\laravel\\framework\\src\\Illuminate\\Cookie\\Middleware\\EncryptCookies.php(74): Illuminate\\Pipeline\\Pipeline->Illuminate\\Pipeline\\{closure}(Object(Illuminate\\Http\\Request))
#31 C:\\shuriza\\rekap\\rekap\\vendor\\laravel\\framework\\src\\Illuminate\\Pipeline\\Pipeline.php(208): Illuminate\\Cookie\\Middleware\\EncryptCookies->handle(Object(Illuminate\\Http\\Request), Object(Closure))
#32 C:\\shuriza\\rekap\\rekap\\vendor\\laravel\\framework\\src\\Illuminate\\Pipeline\\Pipeline.php(126): Illuminate\\Pipeline\\Pipeline->Illuminate\\Pipeline\\{closure}(Object(Illuminate\\Http\\Request))
#33 C:\\shuriza\\rekap\\rekap\\vendor\\laravel\\framework\\src\\Illuminate\\Routing\\Router.php(807): Illuminate\\Pipeline\\Pipeline->then(Object(Closure))
#34 C:\\shuriza\\rekap\\rekap\\vendor\\laravel\\framework\\src\\Illuminate\\Routing\\Router.php(786): Illuminate\\Routing\\Router->runRouteWithinStack(Object(Illuminate\\Routing\\Route), Object(Illuminate\\Http\\Request))
#35 C:\\shuriza\\rekap\\rekap\\vendor\\laravel\\framework\\src\\Illuminate\\Routing\\Router.php(750): Illuminate\\Routing\\Router->runRoute(Object(Illuminate\\Http\\Request), Object(Illuminate\\Routing\\Route))
#36 C:\\shuriza\\rekap\\rekap\\vendor\\laravel\\framework\\src\\Illuminate\\Routing\\Router.php(739): Illuminate\\Routing\\Router->dispatchToRoute(Object(Illuminate\\Http\\Request))
#37 C:\\shuriza\\rekap\\rekap\\vendor\\laravel\\framework\\src\\Illuminate\\Foundation\\Http\\Kernel.php(200): Illuminate\\Routing\\Router->dispatch(Object(Illuminate\\Http\\Request))
#38 C:\\shuriza\\rekap\\rekap\\vendor\\laravel\\framework\\src\\Illuminate\\Pipeline\\Pipeline.php(169): Illuminate\\Foundation\\Http\\Kernel->Illuminate\\Foundation\\Http\\{closure}(Object(Illuminate\\Http\\Request))
#39 C:\\shuriza\\rekap\\rekap\\vendor\\laravel\\framework\\src\\Illuminate\\Foundation\\Http\\Middleware\\TransformsRequest.php(21): Illuminate\\Pipeline\\Pipeline->Illuminate\\Pipeline\\{closure}(Object(Illuminate\\Http\\Request))
#40 C:\\shuriza\\rekap\\rekap\\vendor\\laravel\\framework\\src\\Illuminate\\Foundation\\Http\\Middleware\\ConvertEmptyStringsToNull.php(31): Illuminate\\Foundation\\Http\\Middleware\\TransformsRequest->handle(Object(Illuminate\\Http\\Request), Object(Closure))
#41 C:\\shuriza\\rekap\\rekap\\vendor\\laravel\\framework\\src\\Illuminate\\Pipeline\\Pipeline.php(208): Illuminate\\Foundation\\Http\\Middleware\\ConvertEmptyStringsToNull->handle(Object(Illuminate\\Http\\Request), Object(Closure))
#42 C:\\shuriza\\rekap\\rekap\\vendor\\laravel\\framework\\src\\Illuminate\\Foundation\\Http\\Middleware\\TransformsRequest.php(21): Illuminate\\Pipeline\\Pipeline->Illuminate\\Pipeline\\{closure}(Object(Illuminate\\Http\\Request))
#43 C:\\shuriza\\rekap\\rekap\\vendor\\laravel\\framework\\src\\Illuminate\\Foundation\\Http\\Middleware\\TrimStrings.php(51): Illuminate\\Foundation\\Http\\Middleware\\TransformsRequest->handle(Object(Illuminate\\Http\\Request), Object(Closure))
#44 C:\\shuriza\\rekap\\rekap\\vendor\\laravel\\framework\\src\\Illuminate\\Pipeline\\Pipeline.php(208): Illuminate\\Foundation\\Http\\Middleware\\TrimStrings->handle(Object(Illuminate\\Http\\Request), Object(Closure))
#45 C:\\shuriza\\rekap\\rekap\\vendor\\laravel\\framework\\src\\Illuminate\\Http\\Middleware\\ValidatePostSize.php(27): Illuminate\\Pipeline\\Pipeline->Illuminate\\Pipeline\\{closure}(Object(Illuminate\\Http\\Request))
#46 C:\\shuriza\\rekap\\rekap\\vendor\\laravel\\framework\\src\\Illuminate\\Pipeline\\Pipeline.php(208): Illuminate\\Http\\Middleware\\ValidatePostSize->handle(Object(Illuminate\\Http\\Request), Object(Closure))
#47 C:\\shuriza\\rekap\\rekap\\vendor\\laravel\\framework\\src\\Illuminate\\Foundation\\Http\\Middleware\\PreventRequestsDuringMaintenance.php(109): Illuminate\\Pipeline\\Pipeline->Illuminate\\Pipeline\\{closure}(Object(Illuminate\\Http\\Request))
#48 C:\\shuriza\\rekap\\rekap\\vendor\\laravel\\framework\\src\\Illuminate\\Pipeline\\Pipeline.php(208): Illuminate\\Foundation\\Http\\Middleware\\PreventRequestsDuringMaintenance->handle(Object(Illuminate\\Http\\Request), Object(Closure))
#49 C:\\shuriza\\rekap\\rekap\\vendor\\laravel\\framework\\src\\Illuminate\\Http\\Middleware\\HandleCors.php(48): Illuminate\\Pipeline\\Pipeline->Illuminate\\Pipeline\\{closure}(Object(Illuminate\\Http\\Request))
#50 C:\\shuriza\\rekap\\rekap\\vendor\\laravel\\framework\\src\\Illuminate\\Pipeline\\Pipeline.php(208): Illuminate\\Http\\Middleware\\HandleCors->handle(Object(Illuminate\\Http\\Request), Object(Closure))
#51 C:\\shuriza\\rekap\\rekap\\vendor\\laravel\\framework\\src\\Illuminate\\Http\\Middleware\\TrustProxies.php(58): Illuminate\\Pipeline\\Pipeline->Illuminate\\Pipeline\\{closure}(Object(Illuminate\\Http\\Request))
#52 C:\\shuriza\\rekap\\rekap\\vendor\\laravel\\framework\\src\\Illuminate\\Pipeline\\Pipeline.php(208): Illuminate\\Http\\Middleware\\TrustProxies->handle(Object(Illuminate\\Http\\Request), Object(Closure))
#53 C:\\shuriza\\rekap\\rekap\\vendor\\laravel\\framework\\src\\Illuminate\\Foundation\\Http\\Middleware\\InvokeDeferredCallbacks.php(22): Illuminate\\Pipeline\\Pipeline->Illuminate\\Pipeline\\{closure}(Object(Illuminate\\Http\\Request))
#54 C:\\shuriza\\rekap\\rekap\\vendor\\laravel\\framework\\src\\Illuminate\\Pipeline\\Pipeline.php(208): Illuminate\\Foundation\\Http\\Middleware\\InvokeDeferredCallbacks->handle(Object(Illuminate\\Http\\Request), Object(Closure))
#55 C:\\shuriza\\rekap\\rekap\\vendor\\laravel\\framework\\src\\Illuminate\\Http\\Middleware\\ValidatePathEncoding.php(26): Illuminate\\Pipeline\\Pipeline->Illuminate\\Pipeline\\{closure}(Object(Illuminate\\Http\\Request))
#56 C:\\shuriza\\rekap\\rekap\\vendor\\laravel\\framework\\src\\Illuminate\\Pipeline\\Pipeline.php(208): Illuminate\\Http\\Middleware\\ValidatePathEncoding->handle(Object(Illuminate\\Http\\Request), Object(Closure))
#57 C:\\shuriza\\rekap\\rekap\\vendor\\laravel\\framework\\src\\Illuminate\\Pipeline\\Pipeline.php(126): Illuminate\\Pipeline\\Pipeline->Illuminate\\Pipeline\\{closure}(Object(Illuminate\\Http\\Request))
#58 C:\\shuriza\\rekap\\rekap\\vendor\\laravel\\framework\\src\\Illuminate\\Foundation\\Http\\Kernel.php(175): Illuminate\\Pipeline\\Pipeline->then(Object(Closure))
#59 C:\\shuriza\\rekap\\rekap\\vendor\\laravel\\framework\\src\\Illuminate\\Foundation\\Http\\Kernel.php(144): Illuminate\\Foundation\\Http\\Kernel->sendRequestThroughRouter(Object(Illuminate\\Http\\Request))
#60 C:\\shuriza\\rekap\\rekap\\vendor\\laravel\\framework\\src\\Illuminate\\Foundation\\Application.php(1219): Illuminate\\Foundation\\Http\\Kernel->handle(Object(Illuminate\\Http\\Request))
#61 C:\\shuriza\\rekap\\rekap\\public\\index.php(20): Illuminate\\Foundation\\Application->handleRequest(Object(Illuminate\\Http\\Request))
#62 C:\\shuriza\\rekap\\rekap\\vendor\\laravel\\framework\\src\\Illuminate\\Foundation\\resources\\server.php(23): require_once('C:\\\\shuriza\\\\reka...')
#63 {main}
"} 
[2025-07-04 03:46:24] local.ERROR: Unable to locate a class or view for component [auth-validation-errors]. {"exception":"[object] (InvalidArgumentException(code: 0): Unable to locate a class or view for component [auth-validation-errors]. at C:\\shuriza\\rekap\\rekap\\vendor\\laravel\\framework\\src\\Illuminate\\View\\Compilers\\ComponentTagCompiler.php:315)
[stacktrace]
#0 C:\\shuriza\\rekap\\rekap\\vendor\\laravel\\framework\\src\\Illuminate\\View\\Compilers\\ComponentTagCompiler.php(235): Illuminate\\View\\Compilers\\ComponentTagCompiler->componentClass('auth-validation...')
#1 C:\\shuriza\\rekap\\rekap\\vendor\\laravel\\framework\\src\\Illuminate\\View\\Compilers\\ComponentTagCompiler.php(220): Illuminate\\View\\Compilers\\ComponentTagCompiler->componentString('auth-validation...', Array)
#2 [internal function]: Illuminate\\View\\Compilers\\ComponentTagCompiler->Illuminate\\View\\Compilers\\{closure}(Array)
#3 C:\\shuriza\\rekap\\rekap\\vendor\\laravel\\framework\\src\\Illuminate\\View\\Compilers\\ComponentTagCompiler.php(215): preg_replace_callback('/\\n            <...', Object(Closure), '@extends('layou...')
#4 C:\\shuriza\\rekap\\rekap\\vendor\\laravel\\framework\\src\\Illuminate\\View\\Compilers\\ComponentTagCompiler.php(89): Illuminate\\View\\Compilers\\ComponentTagCompiler->compileSelfClosingTags('@extends('layou...')
#5 C:\\shuriza\\rekap\\rekap\\vendor\\laravel\\framework\\src\\Illuminate\\View\\Compilers\\ComponentTagCompiler.php(76): Illuminate\\View\\Compilers\\ComponentTagCompiler->compileTags('@extends('layou...')
#6 C:\\shuriza\\rekap\\rekap\\vendor\\laravel\\framework\\src\\Illuminate\\View\\Compilers\\BladeCompiler.php(450): Illuminate\\View\\Compilers\\ComponentTagCompiler->compile('@extends('layou...')
#7 C:\\shuriza\\rekap\\rekap\\vendor\\laravel\\framework\\src\\Illuminate\\View\\Compilers\\BladeCompiler.php(282): Illuminate\\View\\Compilers\\BladeCompiler->compileComponentTags('@extends('layou...')
#8 C:\\shuriza\\rekap\\rekap\\vendor\\laravel\\framework\\src\\Illuminate\\View\\Compilers\\BladeCompiler.php(186): Illuminate\\View\\Compilers\\BladeCompiler->compileString('@extends('layou...')
#9 C:\\shuriza\\rekap\\rekap\\vendor\\laravel\\framework\\src\\Illuminate\\View\\Engines\\CompilerEngine.php(66): Illuminate\\View\\Compilers\\BladeCompiler->compile('C:\\\\shuriza\\\\reka...')
#10 C:\\shuriza\\rekap\\rekap\\vendor\\laravel\\framework\\src\\Illuminate\\View\\View.php(208): Illuminate\\View\\Engines\\CompilerEngine->get('C:\\\\shuriza\\\\reka...', Array)
#11 C:\\shuriza\\rekap\\rekap\\vendor\\laravel\\framework\\src\\Illuminate\\View\\View.php(191): Illuminate\\View\\View->getContents()
#12 C:\\shuriza\\rekap\\rekap\\vendor\\laravel\\framework\\src\\Illuminate\\View\\View.php(160): Illuminate\\View\\View->renderContents()
#13 C:\\shuriza\\rekap\\rekap\\vendor\\laravel\\framework\\src\\Illuminate\\Http\\Response.php(78): Illuminate\\View\\View->render()
#14 C:\\shuriza\\rekap\\rekap\\vendor\\laravel\\framework\\src\\Illuminate\\Http\\Response.php(34): Illuminate\\Http\\Response->setContent(Object(Illuminate\\View\\View))
#15 C:\\shuriza\\rekap\\rekap\\vendor\\laravel\\framework\\src\\Illuminate\\Routing\\Router.php(924): Illuminate\\Http\\Response->__construct(Object(Illuminate\\View\\View), 200, Array)
#16 C:\\shuriza\\rekap\\rekap\\vendor\\laravel\\framework\\src\\Illuminate\\Routing\\Router.php(891): Illuminate\\Routing\\Router::toResponse(Object(Illuminate\\Http\\Request), Object(Illuminate\\View\\View))
#17 C:\\shuriza\\rekap\\rekap\\vendor\\laravel\\framework\\src\\Illuminate\\Routing\\Router.php(807): Illuminate\\Routing\\Router->prepareResponse(Object(Illuminate\\Http\\Request), Object(Illuminate\\View\\View))
#18 C:\\shuriza\\rekap\\rekap\\vendor\\laravel\\framework\\src\\Illuminate\\Pipeline\\Pipeline.php(169): Illuminate\\Routing\\Router->Illuminate\\Routing\\{closure}(Object(Illuminate\\Http\\Request))
#19 C:\\shuriza\\rekap\\rekap\\vendor\\laravel\\framework\\src\\Illuminate\\Routing\\Middleware\\SubstituteBindings.php(50): Illuminate\\Pipeline\\Pipeline->Illuminate\\Pipeline\\{closure}(Object(Illuminate\\Http\\Request))
#20 C:\\shuriza\\rekap\\rekap\\vendor\\laravel\\framework\\src\\Illuminate\\Pipeline\\Pipeline.php(208): Illuminate\\Routing\\Middleware\\SubstituteBindings->handle(Object(Illuminate\\Http\\Request), Object(Closure))
#21 C:\\shuriza\\rekap\\rekap\\vendor\\laravel\\framework\\src\\Illuminate\\Foundation\\Http\\Middleware\\VerifyCsrfToken.php(87): Illuminate\\Pipeline\\Pipeline->Illuminate\\Pipeline\\{closure}(Object(Illuminate\\Http\\Request))
#22 C:\\shuriza\\rekap\\rekap\\vendor\\laravel\\framework\\src\\Illuminate\\Pipeline\\Pipeline.php(208): Illuminate\\Foundation\\Http\\Middleware\\VerifyCsrfToken->handle(Object(Illuminate\\Http\\Request), Object(Closure))
#23 C:\\shuriza\\rekap\\rekap\\vendor\\laravel\\framework\\src\\Illuminate\\View\\Middleware\\ShareErrorsFromSession.php(48): Illuminate\\Pipeline\\Pipeline->Illuminate\\Pipeline\\{closure}(Object(Illuminate\\Http\\Request))
#24 C:\\shuriza\\rekap\\rekap\\vendor\\laravel\\framework\\src\\Illuminate\\Pipeline\\Pipeline.php(208): Illuminate\\View\\Middleware\\ShareErrorsFromSession->handle(Object(Illuminate\\Http\\Request), Object(Closure))
#25 C:\\shuriza\\rekap\\rekap\\vendor\\laravel\\framework\\src\\Illuminate\\Session\\Middleware\\StartSession.php(120): Illuminate\\Pipeline\\Pipeline->Illuminate\\Pipeline\\{closure}(Object(Illuminate\\Http\\Request))
#26 C:\\shuriza\\rekap\\rekap\\vendor\\laravel\\framework\\src\\Illuminate\\Session\\Middleware\\StartSession.php(63): Illuminate\\Session\\Middleware\\StartSession->handleStatefulRequest(Object(Illuminate\\Http\\Request), Object(Illuminate\\Session\\Store), Object(Closure))
#27 C:\\shuriza\\rekap\\rekap\\vendor\\laravel\\framework\\src\\Illuminate\\Pipeline\\Pipeline.php(208): Illuminate\\Session\\Middleware\\StartSession->handle(Object(Illuminate\\Http\\Request), Object(Closure))
#28 C:\\shuriza\\rekap\\rekap\\vendor\\laravel\\framework\\src\\Illuminate\\Cookie\\Middleware\\AddQueuedCookiesToResponse.php(36): Illuminate\\Pipeline\\Pipeline->Illuminate\\Pipeline\\{closure}(Object(Illuminate\\Http\\Request))
#29 C:\\shuriza\\rekap\\rekap\\vendor\\laravel\\framework\\src\\Illuminate\\Pipeline\\Pipeline.php(208): Illuminate\\Cookie\\Middleware\\AddQueuedCookiesToResponse->handle(Object(Illuminate\\Http\\Request), Object(Closure))
#30 C:\\shuriza\\rekap\\rekap\\vendor\\laravel\\framework\\src\\Illuminate\\Cookie\\Middleware\\EncryptCookies.php(74): Illuminate\\Pipeline\\Pipeline->Illuminate\\Pipeline\\{closure}(Object(Illuminate\\Http\\Request))
#31 C:\\shuriza\\rekap\\rekap\\vendor\\laravel\\framework\\src\\Illuminate\\Pipeline\\Pipeline.php(208): Illuminate\\Cookie\\Middleware\\EncryptCookies->handle(Object(Illuminate\\Http\\Request), Object(Closure))
#32 C:\\shuriza\\rekap\\rekap\\vendor\\laravel\\framework\\src\\Illuminate\\Pipeline\\Pipeline.php(126): Illuminate\\Pipeline\\Pipeline->Illuminate\\Pipeline\\{closure}(Object(Illuminate\\Http\\Request))
#33 C:\\shuriza\\rekap\\rekap\\vendor\\laravel\\framework\\src\\Illuminate\\Routing\\Router.php(807): Illuminate\\Pipeline\\Pipeline->then(Object(Closure))
#34 C:\\shuriza\\rekap\\rekap\\vendor\\laravel\\framework\\src\\Illuminate\\Routing\\Router.php(786): Illuminate\\Routing\\Router->runRouteWithinStack(Object(Illuminate\\Routing\\Route), Object(Illuminate\\Http\\Request))
#35 C:\\shuriza\\rekap\\rekap\\vendor\\laravel\\framework\\src\\Illuminate\\Routing\\Router.php(750): Illuminate\\Routing\\Router->runRoute(Object(Illuminate\\Http\\Request), Object(Illuminate\\Routing\\Route))
#36 C:\\shuriza\\rekap\\rekap\\vendor\\laravel\\framework\\src\\Illuminate\\Routing\\Router.php(739): Illuminate\\Routing\\Router->dispatchToRoute(Object(Illuminate\\Http\\Request))
#37 C:\\shuriza\\rekap\\rekap\\vendor\\laravel\\framework\\src\\Illuminate\\Foundation\\Http\\Kernel.php(200): Illuminate\\Routing\\Router->dispatch(Object(Illuminate\\Http\\Request))
#38 C:\\shuriza\\rekap\\rekap\\vendor\\laravel\\framework\\src\\Illuminate\\Pipeline\\Pipeline.php(169): Illuminate\\Foundation\\Http\\Kernel->Illuminate\\Foundation\\Http\\{closure}(Object(Illuminate\\Http\\Request))
#39 C:\\shuriza\\rekap\\rekap\\vendor\\laravel\\framework\\src\\Illuminate\\Foundation\\Http\\Middleware\\TransformsRequest.php(21): Illuminate\\Pipeline\\Pipeline->Illuminate\\Pipeline\\{closure}(Object(Illuminate\\Http\\Request))
#40 C:\\shuriza\\rekap\\rekap\\vendor\\laravel\\framework\\src\\Illuminate\\Foundation\\Http\\Middleware\\ConvertEmptyStringsToNull.php(31): Illuminate\\Foundation\\Http\\Middleware\\TransformsRequest->handle(Object(Illuminate\\Http\\Request), Object(Closure))
#41 C:\\shuriza\\rekap\\rekap\\vendor\\laravel\\framework\\src\\Illuminate\\Pipeline\\Pipeline.php(208): Illuminate\\Foundation\\Http\\Middleware\\ConvertEmptyStringsToNull->handle(Object(Illuminate\\Http\\Request), Object(Closure))
#42 C:\\shuriza\\rekap\\rekap\\vendor\\laravel\\framework\\src\\Illuminate\\Foundation\\Http\\Middleware\\TransformsRequest.php(21): Illuminate\\Pipeline\\Pipeline->Illuminate\\Pipeline\\{closure}(Object(Illuminate\\Http\\Request))
#43 C:\\shuriza\\rekap\\rekap\\vendor\\laravel\\framework\\src\\Illuminate\\Foundation\\Http\\Middleware\\TrimStrings.php(51): Illuminate\\Foundation\\Http\\Middleware\\TransformsRequest->handle(Object(Illuminate\\Http\\Request), Object(Closure))
#44 C:\\shuriza\\rekap\\rekap\\vendor\\laravel\\framework\\src\\Illuminate\\Pipeline\\Pipeline.php(208): Illuminate\\Foundation\\Http\\Middleware\\TrimStrings->handle(Object(Illuminate\\Http\\Request), Object(Closure))
#45 C:\\shuriza\\rekap\\rekap\\vendor\\laravel\\framework\\src\\Illuminate\\Http\\Middleware\\ValidatePostSize.php(27): Illuminate\\Pipeline\\Pipeline->Illuminate\\Pipeline\\{closure}(Object(Illuminate\\Http\\Request))
#46 C:\\shuriza\\rekap\\rekap\\vendor\\laravel\\framework\\src\\Illuminate\\Pipeline\\Pipeline.php(208): Illuminate\\Http\\Middleware\\ValidatePostSize->handle(Object(Illuminate\\Http\\Request), Object(Closure))
#47 C:\\shuriza\\rekap\\rekap\\vendor\\laravel\\framework\\src\\Illuminate\\Foundation\\Http\\Middleware\\PreventRequestsDuringMaintenance.php(109): Illuminate\\Pipeline\\Pipeline->Illuminate\\Pipeline\\{closure}(Object(Illuminate\\Http\\Request))
#48 C:\\shuriza\\rekap\\rekap\\vendor\\laravel\\framework\\src\\Illuminate\\Pipeline\\Pipeline.php(208): Illuminate\\Foundation\\Http\\Middleware\\PreventRequestsDuringMaintenance->handle(Object(Illuminate\\Http\\Request), Object(Closure))
#49 C:\\shuriza\\rekap\\rekap\\vendor\\laravel\\framework\\src\\Illuminate\\Http\\Middleware\\HandleCors.php(48): Illuminate\\Pipeline\\Pipeline->Illuminate\\Pipeline\\{closure}(Object(Illuminate\\Http\\Request))
#50 C:\\shuriza\\rekap\\rekap\\vendor\\laravel\\framework\\src\\Illuminate\\Pipeline\\Pipeline.php(208): Illuminate\\Http\\Middleware\\HandleCors->handle(Object(Illuminate\\Http\\Request), Object(Closure))
#51 C:\\shuriza\\rekap\\rekap\\vendor\\laravel\\framework\\src\\Illuminate\\Http\\Middleware\\TrustProxies.php(58): Illuminate\\Pipeline\\Pipeline->Illuminate\\Pipeline\\{closure}(Object(Illuminate\\Http\\Request))
#52 C:\\shuriza\\rekap\\rekap\\vendor\\laravel\\framework\\src\\Illuminate\\Pipeline\\Pipeline.php(208): Illuminate\\Http\\Middleware\\TrustProxies->handle(Object(Illuminate\\Http\\Request), Object(Closure))
#53 C:\\shuriza\\rekap\\rekap\\vendor\\laravel\\framework\\src\\Illuminate\\Foundation\\Http\\Middleware\\InvokeDeferredCallbacks.php(22): Illuminate\\Pipeline\\Pipeline->Illuminate\\Pipeline\\{closure}(Object(Illuminate\\Http\\Request))
#54 C:\\shuriza\\rekap\\rekap\\vendor\\laravel\\framework\\src\\Illuminate\\Pipeline\\Pipeline.php(208): Illuminate\\Foundation\\Http\\Middleware\\InvokeDeferredCallbacks->handle(Object(Illuminate\\Http\\Request), Object(Closure))
#55 C:\\shuriza\\rekap\\rekap\\vendor\\laravel\\framework\\src\\Illuminate\\Http\\Middleware\\ValidatePathEncoding.php(26): Illuminate\\Pipeline\\Pipeline->Illuminate\\Pipeline\\{closure}(Object(Illuminate\\Http\\Request))
#56 C:\\shuriza\\rekap\\rekap\\vendor\\laravel\\framework\\src\\Illuminate\\Pipeline\\Pipeline.php(208): Illuminate\\Http\\Middleware\\ValidatePathEncoding->handle(Object(Illuminate\\Http\\Request), Object(Closure))
#57 C:\\shuriza\\rekap\\rekap\\vendor\\laravel\\framework\\src\\Illuminate\\Pipeline\\Pipeline.php(126): Illuminate\\Pipeline\\Pipeline->Illuminate\\Pipeline\\{closure}(Object(Illuminate\\Http\\Request))
#58 C:\\shuriza\\rekap\\rekap\\vendor\\laravel\\framework\\src\\Illuminate\\Foundation\\Http\\Kernel.php(175): Illuminate\\Pipeline\\Pipeline->then(Object(Closure))
#59 C:\\shuriza\\rekap\\rekap\\vendor\\laravel\\framework\\src\\Illuminate\\Foundation\\Http\\Kernel.php(144): Illuminate\\Foundation\\Http\\Kernel->sendRequestThroughRouter(Object(Illuminate\\Http\\Request))
#60 C:\\shuriza\\rekap\\rekap\\vendor\\laravel\\framework\\src\\Illuminate\\Foundation\\Application.php(1219): Illuminate\\Foundation\\Http\\Kernel->handle(Object(Illuminate\\Http\\Request))
#61 C:\\shuriza\\rekap\\rekap\\public\\index.php(20): Illuminate\\Foundation\\Application->handleRequest(Object(Illuminate\\Http\\Request))
#62 C:\\shuriza\\rekap\\rekap\\vendor\\laravel\\framework\\src\\Illuminate\\Foundation\\resources\\server.php(23): require_once('C:\\\\shuriza\\\\reka...')
#63 {main}
"} 
[2025-07-04 03:46:36] local.ERROR: Unable to locate a class or view for component [auth-validation-errors]. {"exception":"[object] (InvalidArgumentException(code: 0): Unable to locate a class or view for component [auth-validation-errors]. at C:\\shuriza\\rekap\\rekap\\vendor\\laravel\\framework\\src\\Illuminate\\View\\Compilers\\ComponentTagCompiler.php:315)
[stacktrace]
#0 C:\\shuriza\\rekap\\rekap\\vendor\\laravel\\framework\\src\\Illuminate\\View\\Compilers\\ComponentTagCompiler.php(235): Illuminate\\View\\Compilers\\ComponentTagCompiler->componentClass('auth-validation...')
#1 C:\\shuriza\\rekap\\rekap\\vendor\\laravel\\framework\\src\\Illuminate\\View\\Compilers\\ComponentTagCompiler.php(220): Illuminate\\View\\Compilers\\ComponentTagCompiler->componentString('auth-validation...', Array)
#2 [internal function]: Illuminate\\View\\Compilers\\ComponentTagCompiler->Illuminate\\View\\Compilers\\{closure}(Array)
#3 C:\\shuriza\\rekap\\rekap\\vendor\\laravel\\framework\\src\\Illuminate\\View\\Compilers\\ComponentTagCompiler.php(215): preg_replace_callback('/\\n            <...', Object(Closure), '@extends('layou...')
#4 C:\\shuriza\\rekap\\rekap\\vendor\\laravel\\framework\\src\\Illuminate\\View\\Compilers\\ComponentTagCompiler.php(89): Illuminate\\View\\Compilers\\ComponentTagCompiler->compileSelfClosingTags('@extends('layou...')
#5 C:\\shuriza\\rekap\\rekap\\vendor\\laravel\\framework\\src\\Illuminate\\View\\Compilers\\ComponentTagCompiler.php(76): Illuminate\\View\\Compilers\\ComponentTagCompiler->compileTags('@extends('layou...')
#6 C:\\shuriza\\rekap\\rekap\\vendor\\laravel\\framework\\src\\Illuminate\\View\\Compilers\\BladeCompiler.php(450): Illuminate\\View\\Compilers\\ComponentTagCompiler->compile('@extends('layou...')
#7 C:\\shuriza\\rekap\\rekap\\vendor\\laravel\\framework\\src\\Illuminate\\View\\Compilers\\BladeCompiler.php(282): Illuminate\\View\\Compilers\\BladeCompiler->compileComponentTags('@extends('layou...')
#8 C:\\shuriza\\rekap\\rekap\\vendor\\laravel\\framework\\src\\Illuminate\\View\\Compilers\\BladeCompiler.php(186): Illuminate\\View\\Compilers\\BladeCompiler->compileString('@extends('layou...')
#9 C:\\shuriza\\rekap\\rekap\\vendor\\laravel\\framework\\src\\Illuminate\\View\\Engines\\CompilerEngine.php(66): Illuminate\\View\\Compilers\\BladeCompiler->compile('C:\\\\shuriza\\\\reka...')
#10 C:\\shuriza\\rekap\\rekap\\vendor\\laravel\\framework\\src\\Illuminate\\View\\View.php(208): Illuminate\\View\\Engines\\CompilerEngine->get('C:\\\\shuriza\\\\reka...', Array)
#11 C:\\shuriza\\rekap\\rekap\\vendor\\laravel\\framework\\src\\Illuminate\\View\\View.php(191): Illuminate\\View\\View->getContents()
#12 C:\\shuriza\\rekap\\rekap\\vendor\\laravel\\framework\\src\\Illuminate\\View\\View.php(160): Illuminate\\View\\View->renderContents()
#13 C:\\shuriza\\rekap\\rekap\\vendor\\laravel\\framework\\src\\Illuminate\\Http\\Response.php(78): Illuminate\\View\\View->render()
#14 C:\\shuriza\\rekap\\rekap\\vendor\\laravel\\framework\\src\\Illuminate\\Http\\Response.php(34): Illuminate\\Http\\Response->setContent(Object(Illuminate\\View\\View))
#15 C:\\shuriza\\rekap\\rekap\\vendor\\laravel\\framework\\src\\Illuminate\\Routing\\Router.php(924): Illuminate\\Http\\Response->__construct(Object(Illuminate\\View\\View), 200, Array)
#16 C:\\shuriza\\rekap\\rekap\\vendor\\laravel\\framework\\src\\Illuminate\\Routing\\Router.php(891): Illuminate\\Routing\\Router::toResponse(Object(Illuminate\\Http\\Request), Object(Illuminate\\View\\View))
#17 C:\\shuriza\\rekap\\rekap\\vendor\\laravel\\framework\\src\\Illuminate\\Routing\\Router.php(807): Illuminate\\Routing\\Router->prepareResponse(Object(Illuminate\\Http\\Request), Object(Illuminate\\View\\View))
#18 C:\\shuriza\\rekap\\rekap\\vendor\\laravel\\framework\\src\\Illuminate\\Pipeline\\Pipeline.php(169): Illuminate\\Routing\\Router->Illuminate\\Routing\\{closure}(Object(Illuminate\\Http\\Request))
#19 C:\\shuriza\\rekap\\rekap\\vendor\\laravel\\framework\\src\\Illuminate\\Routing\\Middleware\\SubstituteBindings.php(50): Illuminate\\Pipeline\\Pipeline->Illuminate\\Pipeline\\{closure}(Object(Illuminate\\Http\\Request))
#20 C:\\shuriza\\rekap\\rekap\\vendor\\laravel\\framework\\src\\Illuminate\\Pipeline\\Pipeline.php(208): Illuminate\\Routing\\Middleware\\SubstituteBindings->handle(Object(Illuminate\\Http\\Request), Object(Closure))
#21 C:\\shuriza\\rekap\\rekap\\vendor\\laravel\\framework\\src\\Illuminate\\Foundation\\Http\\Middleware\\VerifyCsrfToken.php(87): Illuminate\\Pipeline\\Pipeline->Illuminate\\Pipeline\\{closure}(Object(Illuminate\\Http\\Request))
#22 C:\\shuriza\\rekap\\rekap\\vendor\\laravel\\framework\\src\\Illuminate\\Pipeline\\Pipeline.php(208): Illuminate\\Foundation\\Http\\Middleware\\VerifyCsrfToken->handle(Object(Illuminate\\Http\\Request), Object(Closure))
#23 C:\\shuriza\\rekap\\rekap\\vendor\\laravel\\framework\\src\\Illuminate\\View\\Middleware\\ShareErrorsFromSession.php(48): Illuminate\\Pipeline\\Pipeline->Illuminate\\Pipeline\\{closure}(Object(Illuminate\\Http\\Request))
#24 C:\\shuriza\\rekap\\rekap\\vendor\\laravel\\framework\\src\\Illuminate\\Pipeline\\Pipeline.php(208): Illuminate\\View\\Middleware\\ShareErrorsFromSession->handle(Object(Illuminate\\Http\\Request), Object(Closure))
#25 C:\\shuriza\\rekap\\rekap\\vendor\\laravel\\framework\\src\\Illuminate\\Session\\Middleware\\StartSession.php(120): Illuminate\\Pipeline\\Pipeline->Illuminate\\Pipeline\\{closure}(Object(Illuminate\\Http\\Request))
#26 C:\\shuriza\\rekap\\rekap\\vendor\\laravel\\framework\\src\\Illuminate\\Session\\Middleware\\StartSession.php(63): Illuminate\\Session\\Middleware\\StartSession->handleStatefulRequest(Object(Illuminate\\Http\\Request), Object(Illuminate\\Session\\Store), Object(Closure))
#27 C:\\shuriza\\rekap\\rekap\\vendor\\laravel\\framework\\src\\Illuminate\\Pipeline\\Pipeline.php(208): Illuminate\\Session\\Middleware\\StartSession->handle(Object(Illuminate\\Http\\Request), Object(Closure))
#28 C:\\shuriza\\rekap\\rekap\\vendor\\laravel\\framework\\src\\Illuminate\\Cookie\\Middleware\\AddQueuedCookiesToResponse.php(36): Illuminate\\Pipeline\\Pipeline->Illuminate\\Pipeline\\{closure}(Object(Illuminate\\Http\\Request))
#29 C:\\shuriza\\rekap\\rekap\\vendor\\laravel\\framework\\src\\Illuminate\\Pipeline\\Pipeline.php(208): Illuminate\\Cookie\\Middleware\\AddQueuedCookiesToResponse->handle(Object(Illuminate\\Http\\Request), Object(Closure))
#30 C:\\shuriza\\rekap\\rekap\\vendor\\laravel\\framework\\src\\Illuminate\\Cookie\\Middleware\\EncryptCookies.php(74): Illuminate\\Pipeline\\Pipeline->Illuminate\\Pipeline\\{closure}(Object(Illuminate\\Http\\Request))
#31 C:\\shuriza\\rekap\\rekap\\vendor\\laravel\\framework\\src\\Illuminate\\Pipeline\\Pipeline.php(208): Illuminate\\Cookie\\Middleware\\EncryptCookies->handle(Object(Illuminate\\Http\\Request), Object(Closure))
#32 C:\\shuriza\\rekap\\rekap\\vendor\\laravel\\framework\\src\\Illuminate\\Pipeline\\Pipeline.php(126): Illuminate\\Pipeline\\Pipeline->Illuminate\\Pipeline\\{closure}(Object(Illuminate\\Http\\Request))
#33 C:\\shuriza\\rekap\\rekap\\vendor\\laravel\\framework\\src\\Illuminate\\Routing\\Router.php(807): Illuminate\\Pipeline\\Pipeline->then(Object(Closure))
#34 C:\\shuriza\\rekap\\rekap\\vendor\\laravel\\framework\\src\\Illuminate\\Routing\\Router.php(786): Illuminate\\Routing\\Router->runRouteWithinStack(Object(Illuminate\\Routing\\Route), Object(Illuminate\\Http\\Request))
#35 C:\\shuriza\\rekap\\rekap\\vendor\\laravel\\framework\\src\\Illuminate\\Routing\\Router.php(750): Illuminate\\Routing\\Router->runRoute(Object(Illuminate\\Http\\Request), Object(Illuminate\\Routing\\Route))
#36 C:\\shuriza\\rekap\\rekap\\vendor\\laravel\\framework\\src\\Illuminate\\Routing\\Router.php(739): Illuminate\\Routing\\Router->dispatchToRoute(Object(Illuminate\\Http\\Request))
#37 C:\\shuriza\\rekap\\rekap\\vendor\\laravel\\framework\\src\\Illuminate\\Foundation\\Http\\Kernel.php(200): Illuminate\\Routing\\Router->dispatch(Object(Illuminate\\Http\\Request))
#38 C:\\shuriza\\rekap\\rekap\\vendor\\laravel\\framework\\src\\Illuminate\\Pipeline\\Pipeline.php(169): Illuminate\\Foundation\\Http\\Kernel->Illuminate\\Foundation\\Http\\{closure}(Object(Illuminate\\Http\\Request))
#39 C:\\shuriza\\rekap\\rekap\\vendor\\laravel\\framework\\src\\Illuminate\\Foundation\\Http\\Middleware\\TransformsRequest.php(21): Illuminate\\Pipeline\\Pipeline->Illuminate\\Pipeline\\{closure}(Object(Illuminate\\Http\\Request))
#40 C:\\shuriza\\rekap\\rekap\\vendor\\laravel\\framework\\src\\Illuminate\\Foundation\\Http\\Middleware\\ConvertEmptyStringsToNull.php(31): Illuminate\\Foundation\\Http\\Middleware\\TransformsRequest->handle(Object(Illuminate\\Http\\Request), Object(Closure))
#41 C:\\shuriza\\rekap\\rekap\\vendor\\laravel\\framework\\src\\Illuminate\\Pipeline\\Pipeline.php(208): Illuminate\\Foundation\\Http\\Middleware\\ConvertEmptyStringsToNull->handle(Object(Illuminate\\Http\\Request), Object(Closure))
#42 C:\\shuriza\\rekap\\rekap\\vendor\\laravel\\framework\\src\\Illuminate\\Foundation\\Http\\Middleware\\TransformsRequest.php(21): Illuminate\\Pipeline\\Pipeline->Illuminate\\Pipeline\\{closure}(Object(Illuminate\\Http\\Request))
#43 C:\\shuriza\\rekap\\rekap\\vendor\\laravel\\framework\\src\\Illuminate\\Foundation\\Http\\Middleware\\TrimStrings.php(51): Illuminate\\Foundation\\Http\\Middleware\\TransformsRequest->handle(Object(Illuminate\\Http\\Request), Object(Closure))
#44 C:\\shuriza\\rekap\\rekap\\vendor\\laravel\\framework\\src\\Illuminate\\Pipeline\\Pipeline.php(208): Illuminate\\Foundation\\Http\\Middleware\\TrimStrings->handle(Object(Illuminate\\Http\\Request), Object(Closure))
#45 C:\\shuriza\\rekap\\rekap\\vendor\\laravel\\framework\\src\\Illuminate\\Http\\Middleware\\ValidatePostSize.php(27): Illuminate\\Pipeline\\Pipeline->Illuminate\\Pipeline\\{closure}(Object(Illuminate\\Http\\Request))
#46 C:\\shuriza\\rekap\\rekap\\vendor\\laravel\\framework\\src\\Illuminate\\Pipeline\\Pipeline.php(208): Illuminate\\Http\\Middleware\\ValidatePostSize->handle(Object(Illuminate\\Http\\Request), Object(Closure))
#47 C:\\shuriza\\rekap\\rekap\\vendor\\laravel\\framework\\src\\Illuminate\\Foundation\\Http\\Middleware\\PreventRequestsDuringMaintenance.php(109): Illuminate\\Pipeline\\Pipeline->Illuminate\\Pipeline\\{closure}(Object(Illuminate\\Http\\Request))
#48 C:\\shuriza\\rekap\\rekap\\vendor\\laravel\\framework\\src\\Illuminate\\Pipeline\\Pipeline.php(208): Illuminate\\Foundation\\Http\\Middleware\\PreventRequestsDuringMaintenance->handle(Object(Illuminate\\Http\\Request), Object(Closure))
#49 C:\\shuriza\\rekap\\rekap\\vendor\\laravel\\framework\\src\\Illuminate\\Http\\Middleware\\HandleCors.php(48): Illuminate\\Pipeline\\Pipeline->Illuminate\\Pipeline\\{closure}(Object(Illuminate\\Http\\Request))
#50 C:\\shuriza\\rekap\\rekap\\vendor\\laravel\\framework\\src\\Illuminate\\Pipeline\\Pipeline.php(208): Illuminate\\Http\\Middleware\\HandleCors->handle(Object(Illuminate\\Http\\Request), Object(Closure))
#51 C:\\shuriza\\rekap\\rekap\\vendor\\laravel\\framework\\src\\Illuminate\\Http\\Middleware\\TrustProxies.php(58): Illuminate\\Pipeline\\Pipeline->Illuminate\\Pipeline\\{closure}(Object(Illuminate\\Http\\Request))
#52 C:\\shuriza\\rekap\\rekap\\vendor\\laravel\\framework\\src\\Illuminate\\Pipeline\\Pipeline.php(208): Illuminate\\Http\\Middleware\\TrustProxies->handle(Object(Illuminate\\Http\\Request), Object(Closure))
#53 C:\\shuriza\\rekap\\rekap\\vendor\\laravel\\framework\\src\\Illuminate\\Foundation\\Http\\Middleware\\InvokeDeferredCallbacks.php(22): Illuminate\\Pipeline\\Pipeline->Illuminate\\Pipeline\\{closure}(Object(Illuminate\\Http\\Request))
#54 C:\\shuriza\\rekap\\rekap\\vendor\\laravel\\framework\\src\\Illuminate\\Pipeline\\Pipeline.php(208): Illuminate\\Foundation\\Http\\Middleware\\InvokeDeferredCallbacks->handle(Object(Illuminate\\Http\\Request), Object(Closure))
#55 C:\\shuriza\\rekap\\rekap\\vendor\\laravel\\framework\\src\\Illuminate\\Http\\Middleware\\ValidatePathEncoding.php(26): Illuminate\\Pipeline\\Pipeline->Illuminate\\Pipeline\\{closure}(Object(Illuminate\\Http\\Request))
#56 C:\\shuriza\\rekap\\rekap\\vendor\\laravel\\framework\\src\\Illuminate\\Pipeline\\Pipeline.php(208): Illuminate\\Http\\Middleware\\ValidatePathEncoding->handle(Object(Illuminate\\Http\\Request), Object(Closure))
#57 C:\\shuriza\\rekap\\rekap\\vendor\\laravel\\framework\\src\\Illuminate\\Pipeline\\Pipeline.php(126): Illuminate\\Pipeline\\Pipeline->Illuminate\\Pipeline\\{closure}(Object(Illuminate\\Http\\Request))
#58 C:\\shuriza\\rekap\\rekap\\vendor\\laravel\\framework\\src\\Illuminate\\Foundation\\Http\\Kernel.php(175): Illuminate\\Pipeline\\Pipeline->then(Object(Closure))
#59 C:\\shuriza\\rekap\\rekap\\vendor\\laravel\\framework\\src\\Illuminate\\Foundation\\Http\\Kernel.php(144): Illuminate\\Foundation\\Http\\Kernel->sendRequestThroughRouter(Object(Illuminate\\Http\\Request))
#60 C:\\shuriza\\rekap\\rekap\\vendor\\laravel\\framework\\src\\Illuminate\\Foundation\\Application.php(1219): Illuminate\\Foundation\\Http\\Kernel->handle(Object(Illuminate\\Http\\Request))
#61 C:\\shuriza\\rekap\\rekap\\public\\index.php(20): Illuminate\\Foundation\\Application->handleRequest(Object(Illuminate\\Http\\Request))
#62 C:\\shuriza\\rekap\\rekap\\vendor\\laravel\\framework\\src\\Illuminate\\Foundation\\resources\\server.php(23): require_once('C:\\\\shuriza\\\\reka...')
#63 {main}
"} 
[2025-07-04 03:50:55] local.ERROR: Unable to locate a class or view for component [auth-validation-errors]. {"exception":"[object] (InvalidArgumentException(code: 0): Unable to locate a class or view for component [auth-validation-errors]. at C:\\shuriza\\rekap\\rekap\\vendor\\laravel\\framework\\src\\Illuminate\\View\\Compilers\\ComponentTagCompiler.php:315)
[stacktrace]
#0 C:\\shuriza\\rekap\\rekap\\vendor\\laravel\\framework\\src\\Illuminate\\View\\Compilers\\ComponentTagCompiler.php(235): Illuminate\\View\\Compilers\\ComponentTagCompiler->componentClass('auth-validation...')
#1 C:\\shuriza\\rekap\\rekap\\vendor\\laravel\\framework\\src\\Illuminate\\View\\Compilers\\ComponentTagCompiler.php(220): Illuminate\\View\\Compilers\\ComponentTagCompiler->componentString('auth-validation...', Array)
#2 [internal function]: Illuminate\\View\\Compilers\\ComponentTagCompiler->Illuminate\\View\\Compilers\\{closure}(Array)
#3 C:\\shuriza\\rekap\\rekap\\vendor\\laravel\\framework\\src\\Illuminate\\View\\Compilers\\ComponentTagCompiler.php(215): preg_replace_callback('/\\n            <...', Object(Closure), '@extends('layou...')
#4 C:\\shuriza\\rekap\\rekap\\vendor\\laravel\\framework\\src\\Illuminate\\View\\Compilers\\ComponentTagCompiler.php(89): Illuminate\\View\\Compilers\\ComponentTagCompiler->compileSelfClosingTags('@extends('layou...')
#5 C:\\shuriza\\rekap\\rekap\\vendor\\laravel\\framework\\src\\Illuminate\\View\\Compilers\\ComponentTagCompiler.php(76): Illuminate\\View\\Compilers\\ComponentTagCompiler->compileTags('@extends('layou...')
#6 C:\\shuriza\\rekap\\rekap\\vendor\\laravel\\framework\\src\\Illuminate\\View\\Compilers\\BladeCompiler.php(450): Illuminate\\View\\Compilers\\ComponentTagCompiler->compile('@extends('layou...')
#7 C:\\shuriza\\rekap\\rekap\\vendor\\laravel\\framework\\src\\Illuminate\\View\\Compilers\\BladeCompiler.php(282): Illuminate\\View\\Compilers\\BladeCompiler->compileComponentTags('@extends('layou...')
#8 C:\\shuriza\\rekap\\rekap\\vendor\\laravel\\framework\\src\\Illuminate\\View\\Compilers\\BladeCompiler.php(186): Illuminate\\View\\Compilers\\BladeCompiler->compileString('@extends('layou...')
#9 C:\\shuriza\\rekap\\rekap\\vendor\\laravel\\framework\\src\\Illuminate\\View\\Engines\\CompilerEngine.php(66): Illuminate\\View\\Compilers\\BladeCompiler->compile('C:\\\\shuriza\\\\reka...')
#10 C:\\shuriza\\rekap\\rekap\\vendor\\laravel\\framework\\src\\Illuminate\\View\\View.php(208): Illuminate\\View\\Engines\\CompilerEngine->get('C:\\\\shuriza\\\\reka...', Array)
#11 C:\\shuriza\\rekap\\rekap\\vendor\\laravel\\framework\\src\\Illuminate\\View\\View.php(191): Illuminate\\View\\View->getContents()
#12 C:\\shuriza\\rekap\\rekap\\vendor\\laravel\\framework\\src\\Illuminate\\View\\View.php(160): Illuminate\\View\\View->renderContents()
#13 C:\\shuriza\\rekap\\rekap\\vendor\\laravel\\framework\\src\\Illuminate\\Http\\Response.php(78): Illuminate\\View\\View->render()
#14 C:\\shuriza\\rekap\\rekap\\vendor\\laravel\\framework\\src\\Illuminate\\Http\\Response.php(34): Illuminate\\Http\\Response->setContent(Object(Illuminate\\View\\View))
#15 C:\\shuriza\\rekap\\rekap\\vendor\\laravel\\framework\\src\\Illuminate\\Routing\\Router.php(924): Illuminate\\Http\\Response->__construct(Object(Illuminate\\View\\View), 200, Array)
#16 C:\\shuriza\\rekap\\rekap\\vendor\\laravel\\framework\\src\\Illuminate\\Routing\\Router.php(891): Illuminate\\Routing\\Router::toResponse(Object(Illuminate\\Http\\Request), Object(Illuminate\\View\\View))
#17 C:\\shuriza\\rekap\\rekap\\vendor\\laravel\\framework\\src\\Illuminate\\Routing\\Router.php(807): Illuminate\\Routing\\Router->prepareResponse(Object(Illuminate\\Http\\Request), Object(Illuminate\\View\\View))
#18 C:\\shuriza\\rekap\\rekap\\vendor\\laravel\\framework\\src\\Illuminate\\Pipeline\\Pipeline.php(169): Illuminate\\Routing\\Router->Illuminate\\Routing\\{closure}(Object(Illuminate\\Http\\Request))
#19 C:\\shuriza\\rekap\\rekap\\vendor\\laravel\\framework\\src\\Illuminate\\Routing\\Middleware\\SubstituteBindings.php(50): Illuminate\\Pipeline\\Pipeline->Illuminate\\Pipeline\\{closure}(Object(Illuminate\\Http\\Request))
#20 C:\\shuriza\\rekap\\rekap\\vendor\\laravel\\framework\\src\\Illuminate\\Pipeline\\Pipeline.php(208): Illuminate\\Routing\\Middleware\\SubstituteBindings->handle(Object(Illuminate\\Http\\Request), Object(Closure))
#21 C:\\shuriza\\rekap\\rekap\\vendor\\laravel\\framework\\src\\Illuminate\\Foundation\\Http\\Middleware\\VerifyCsrfToken.php(87): Illuminate\\Pipeline\\Pipeline->Illuminate\\Pipeline\\{closure}(Object(Illuminate\\Http\\Request))
#22 C:\\shuriza\\rekap\\rekap\\vendor\\laravel\\framework\\src\\Illuminate\\Pipeline\\Pipeline.php(208): Illuminate\\Foundation\\Http\\Middleware\\VerifyCsrfToken->handle(Object(Illuminate\\Http\\Request), Object(Closure))
#23 C:\\shuriza\\rekap\\rekap\\vendor\\laravel\\framework\\src\\Illuminate\\View\\Middleware\\ShareErrorsFromSession.php(48): Illuminate\\Pipeline\\Pipeline->Illuminate\\Pipeline\\{closure}(Object(Illuminate\\Http\\Request))
#24 C:\\shuriza\\rekap\\rekap\\vendor\\laravel\\framework\\src\\Illuminate\\Pipeline\\Pipeline.php(208): Illuminate\\View\\Middleware\\ShareErrorsFromSession->handle(Object(Illuminate\\Http\\Request), Object(Closure))
#25 C:\\shuriza\\rekap\\rekap\\vendor\\laravel\\framework\\src\\Illuminate\\Session\\Middleware\\StartSession.php(120): Illuminate\\Pipeline\\Pipeline->Illuminate\\Pipeline\\{closure}(Object(Illuminate\\Http\\Request))
#26 C:\\shuriza\\rekap\\rekap\\vendor\\laravel\\framework\\src\\Illuminate\\Session\\Middleware\\StartSession.php(63): Illuminate\\Session\\Middleware\\StartSession->handleStatefulRequest(Object(Illuminate\\Http\\Request), Object(Illuminate\\Session\\Store), Object(Closure))
#27 C:\\shuriza\\rekap\\rekap\\vendor\\laravel\\framework\\src\\Illuminate\\Pipeline\\Pipeline.php(208): Illuminate\\Session\\Middleware\\StartSession->handle(Object(Illuminate\\Http\\Request), Object(Closure))
#28 C:\\shuriza\\rekap\\rekap\\vendor\\laravel\\framework\\src\\Illuminate\\Cookie\\Middleware\\AddQueuedCookiesToResponse.php(36): Illuminate\\Pipeline\\Pipeline->Illuminate\\Pipeline\\{closure}(Object(Illuminate\\Http\\Request))
#29 C:\\shuriza\\rekap\\rekap\\vendor\\laravel\\framework\\src\\Illuminate\\Pipeline\\Pipeline.php(208): Illuminate\\Cookie\\Middleware\\AddQueuedCookiesToResponse->handle(Object(Illuminate\\Http\\Request), Object(Closure))
#30 C:\\shuriza\\rekap\\rekap\\vendor\\laravel\\framework\\src\\Illuminate\\Cookie\\Middleware\\EncryptCookies.php(74): Illuminate\\Pipeline\\Pipeline->Illuminate\\Pipeline\\{closure}(Object(Illuminate\\Http\\Request))
#31 C:\\shuriza\\rekap\\rekap\\vendor\\laravel\\framework\\src\\Illuminate\\Pipeline\\Pipeline.php(208): Illuminate\\Cookie\\Middleware\\EncryptCookies->handle(Object(Illuminate\\Http\\Request), Object(Closure))
#32 C:\\shuriza\\rekap\\rekap\\vendor\\laravel\\framework\\src\\Illuminate\\Pipeline\\Pipeline.php(126): Illuminate\\Pipeline\\Pipeline->Illuminate\\Pipeline\\{closure}(Object(Illuminate\\Http\\Request))
#33 C:\\shuriza\\rekap\\rekap\\vendor\\laravel\\framework\\src\\Illuminate\\Routing\\Router.php(807): Illuminate\\Pipeline\\Pipeline->then(Object(Closure))
#34 C:\\shuriza\\rekap\\rekap\\vendor\\laravel\\framework\\src\\Illuminate\\Routing\\Router.php(786): Illuminate\\Routing\\Router->runRouteWithinStack(Object(Illuminate\\Routing\\Route), Object(Illuminate\\Http\\Request))
#35 C:\\shuriza\\rekap\\rekap\\vendor\\laravel\\framework\\src\\Illuminate\\Routing\\Router.php(750): Illuminate\\Routing\\Router->runRoute(Object(Illuminate\\Http\\Request), Object(Illuminate\\Routing\\Route))
#36 C:\\shuriza\\rekap\\rekap\\vendor\\laravel\\framework\\src\\Illuminate\\Routing\\Router.php(739): Illuminate\\Routing\\Router->dispatchToRoute(Object(Illuminate\\Http\\Request))
#37 C:\\shuriza\\rekap\\rekap\\vendor\\laravel\\framework\\src\\Illuminate\\Foundation\\Http\\Kernel.php(200): Illuminate\\Routing\\Router->dispatch(Object(Illuminate\\Http\\Request))
#38 C:\\shuriza\\rekap\\rekap\\vendor\\laravel\\framework\\src\\Illuminate\\Pipeline\\Pipeline.php(169): Illuminate\\Foundation\\Http\\Kernel->Illuminate\\Foundation\\Http\\{closure}(Object(Illuminate\\Http\\Request))
#39 C:\\shuriza\\rekap\\rekap\\vendor\\laravel\\framework\\src\\Illuminate\\Foundation\\Http\\Middleware\\TransformsRequest.php(21): Illuminate\\Pipeline\\Pipeline->Illuminate\\Pipeline\\{closure}(Object(Illuminate\\Http\\Request))
#40 C:\\shuriza\\rekap\\rekap\\vendor\\laravel\\framework\\src\\Illuminate\\Foundation\\Http\\Middleware\\ConvertEmptyStringsToNull.php(31): Illuminate\\Foundation\\Http\\Middleware\\TransformsRequest->handle(Object(Illuminate\\Http\\Request), Object(Closure))
#41 C:\\shuriza\\rekap\\rekap\\vendor\\laravel\\framework\\src\\Illuminate\\Pipeline\\Pipeline.php(208): Illuminate\\Foundation\\Http\\Middleware\\ConvertEmptyStringsToNull->handle(Object(Illuminate\\Http\\Request), Object(Closure))
#42 C:\\shuriza\\rekap\\rekap\\vendor\\laravel\\framework\\src\\Illuminate\\Foundation\\Http\\Middleware\\TransformsRequest.php(21): Illuminate\\Pipeline\\Pipeline->Illuminate\\Pipeline\\{closure}(Object(Illuminate\\Http\\Request))
#43 C:\\shuriza\\rekap\\rekap\\vendor\\laravel\\framework\\src\\Illuminate\\Foundation\\Http\\Middleware\\TrimStrings.php(51): Illuminate\\Foundation\\Http\\Middleware\\TransformsRequest->handle(Object(Illuminate\\Http\\Request), Object(Closure))
#44 C:\\shuriza\\rekap\\rekap\\vendor\\laravel\\framework\\src\\Illuminate\\Pipeline\\Pipeline.php(208): Illuminate\\Foundation\\Http\\Middleware\\TrimStrings->handle(Object(Illuminate\\Http\\Request), Object(Closure))
#45 C:\\shuriza\\rekap\\rekap\\vendor\\laravel\\framework\\src\\Illuminate\\Http\\Middleware\\ValidatePostSize.php(27): Illuminate\\Pipeline\\Pipeline->Illuminate\\Pipeline\\{closure}(Object(Illuminate\\Http\\Request))
#46 C:\\shuriza\\rekap\\rekap\\vendor\\laravel\\framework\\src\\Illuminate\\Pipeline\\Pipeline.php(208): Illuminate\\Http\\Middleware\\ValidatePostSize->handle(Object(Illuminate\\Http\\Request), Object(Closure))
#47 C:\\shuriza\\rekap\\rekap\\vendor\\laravel\\framework\\src\\Illuminate\\Foundation\\Http\\Middleware\\PreventRequestsDuringMaintenance.php(109): Illuminate\\Pipeline\\Pipeline->Illuminate\\Pipeline\\{closure}(Object(Illuminate\\Http\\Request))
#48 C:\\shuriza\\rekap\\rekap\\vendor\\laravel\\framework\\src\\Illuminate\\Pipeline\\Pipeline.php(208): Illuminate\\Foundation\\Http\\Middleware\\PreventRequestsDuringMaintenance->handle(Object(Illuminate\\Http\\Request), Object(Closure))
#49 C:\\shuriza\\rekap\\rekap\\vendor\\laravel\\framework\\src\\Illuminate\\Http\\Middleware\\HandleCors.php(48): Illuminate\\Pipeline\\Pipeline->Illuminate\\Pipeline\\{closure}(Object(Illuminate\\Http\\Request))
#50 C:\\shuriza\\rekap\\rekap\\vendor\\laravel\\framework\\src\\Illuminate\\Pipeline\\Pipeline.php(208): Illuminate\\Http\\Middleware\\HandleCors->handle(Object(Illuminate\\Http\\Request), Object(Closure))
#51 C:\\shuriza\\rekap\\rekap\\vendor\\laravel\\framework\\src\\Illuminate\\Http\\Middleware\\TrustProxies.php(58): Illuminate\\Pipeline\\Pipeline->Illuminate\\Pipeline\\{closure}(Object(Illuminate\\Http\\Request))
#52 C:\\shuriza\\rekap\\rekap\\vendor\\laravel\\framework\\src\\Illuminate\\Pipeline\\Pipeline.php(208): Illuminate\\Http\\Middleware\\TrustProxies->handle(Object(Illuminate\\Http\\Request), Object(Closure))
#53 C:\\shuriza\\rekap\\rekap\\vendor\\laravel\\framework\\src\\Illuminate\\Foundation\\Http\\Middleware\\InvokeDeferredCallbacks.php(22): Illuminate\\Pipeline\\Pipeline->Illuminate\\Pipeline\\{closure}(Object(Illuminate\\Http\\Request))
#54 C:\\shuriza\\rekap\\rekap\\vendor\\laravel\\framework\\src\\Illuminate\\Pipeline\\Pipeline.php(208): Illuminate\\Foundation\\Http\\Middleware\\InvokeDeferredCallbacks->handle(Object(Illuminate\\Http\\Request), Object(Closure))
#55 C:\\shuriza\\rekap\\rekap\\vendor\\laravel\\framework\\src\\Illuminate\\Http\\Middleware\\ValidatePathEncoding.php(26): Illuminate\\Pipeline\\Pipeline->Illuminate\\Pipeline\\{closure}(Object(Illuminate\\Http\\Request))
#56 C:\\shuriza\\rekap\\rekap\\vendor\\laravel\\framework\\src\\Illuminate\\Pipeline\\Pipeline.php(208): Illuminate\\Http\\Middleware\\ValidatePathEncoding->handle(Object(Illuminate\\Http\\Request), Object(Closure))
#57 C:\\shuriza\\rekap\\rekap\\vendor\\laravel\\framework\\src\\Illuminate\\Pipeline\\Pipeline.php(126): Illuminate\\Pipeline\\Pipeline->Illuminate\\Pipeline\\{closure}(Object(Illuminate\\Http\\Request))
#58 C:\\shuriza\\rekap\\rekap\\vendor\\laravel\\framework\\src\\Illuminate\\Foundation\\Http\\Kernel.php(175): Illuminate\\Pipeline\\Pipeline->then(Object(Closure))
#59 C:\\shuriza\\rekap\\rekap\\vendor\\laravel\\framework\\src\\Illuminate\\Foundation\\Http\\Kernel.php(144): Illuminate\\Foundation\\Http\\Kernel->sendRequestThroughRouter(Object(Illuminate\\Http\\Request))
#60 C:\\shuriza\\rekap\\rekap\\vendor\\laravel\\framework\\src\\Illuminate\\Foundation\\Application.php(1219): Illuminate\\Foundation\\Http\\Kernel->handle(Object(Illuminate\\Http\\Request))
#61 C:\\shuriza\\rekap\\rekap\\public\\index.php(20): Illuminate\\Foundation\\Application->handleRequest(Object(Illuminate\\Http\\Request))
#62 C:\\shuriza\\rekap\\rekap\\vendor\\laravel\\framework\\src\\Illuminate\\Foundation\\resources\\server.php(23): require_once('C:\\\\shuriza\\\\reka...')
#63 {main}
"} 
[2025-07-04 03:54:34] local.ERROR: View [permissions.index] not found. {"exception":"[object] (InvalidArgumentException(code: 0): View [permissions.index] not found. at C:\\shuriza\\rekap\\rekap\\vendor\\laravel\\framework\\src\\Illuminate\\View\\FileViewFinder.php:138)
[stacktrace]
#0 C:\\shuriza\\rekap\\rekap\\vendor\\laravel\\framework\\src\\Illuminate\\View\\FileViewFinder.php(78): Illuminate\\View\\FileViewFinder->findInPaths('permissions.ind...', Array)
#1 C:\\shuriza\\rekap\\rekap\\vendor\\laravel\\framework\\src\\Illuminate\\View\\Factory.php(150): Illuminate\\View\\FileViewFinder->find('permissions.ind...')
#2 C:\\shuriza\\rekap\\rekap\\vendor\\laravel\\framework\\src\\Illuminate\\Foundation\\helpers.php(1079): Illuminate\\View\\Factory->make('permissions.ind...', Array, Array)
#3 C:\\shuriza\\rekap\\rekap\\app\\Http\\Controllers\\PermissionController.php(20): view('permissions.ind...', Array)
#4 C:\\shuriza\\rekap\\rekap\\vendor\\laravel\\framework\\src\\Illuminate\\Routing\\ControllerDispatcher.php(46): App\\Http\\Controllers\\PermissionController->index()
#5 C:\\shuriza\\rekap\\rekap\\vendor\\laravel\\framework\\src\\Illuminate\\Routing\\Route.php(265): Illuminate\\Routing\\ControllerDispatcher->dispatch(Object(Illuminate\\Routing\\Route), Object(App\\Http\\Controllers\\PermissionController), 'index')
#6 C:\\shuriza\\rekap\\rekap\\vendor\\laravel\\framework\\src\\Illuminate\\Routing\\Route.php(211): Illuminate\\Routing\\Route->runController()
#7 C:\\shuriza\\rekap\\rekap\\vendor\\laravel\\framework\\src\\Illuminate\\Routing\\Router.php(808): Illuminate\\Routing\\Route->run()
#8 C:\\shuriza\\rekap\\rekap\\vendor\\laravel\\framework\\src\\Illuminate\\Pipeline\\Pipeline.php(169): Illuminate\\Routing\\Router->Illuminate\\Routing\\{closure}(Object(Illuminate\\Http\\Request))
#9 C:\\shuriza\\rekap\\rekap\\vendor\\laravel\\framework\\src\\Illuminate\\Routing\\Middleware\\SubstituteBindings.php(50): Illuminate\\Pipeline\\Pipeline->Illuminate\\Pipeline\\{closure}(Object(Illuminate\\Http\\Request))
#10 C:\\shuriza\\rekap\\rekap\\vendor\\laravel\\framework\\src\\Illuminate\\Pipeline\\Pipeline.php(208): Illuminate\\Routing\\Middleware\\SubstituteBindings->handle(Object(Illuminate\\Http\\Request), Object(Closure))
#11 C:\\shuriza\\rekap\\rekap\\vendor\\laravel\\framework\\src\\Illuminate\\Foundation\\Http\\Middleware\\VerifyCsrfToken.php(87): Illuminate\\Pipeline\\Pipeline->Illuminate\\Pipeline\\{closure}(Object(Illuminate\\Http\\Request))
#12 C:\\shuriza\\rekap\\rekap\\vendor\\laravel\\framework\\src\\Illuminate\\Pipeline\\Pipeline.php(208): Illuminate\\Foundation\\Http\\Middleware\\VerifyCsrfToken->handle(Object(Illuminate\\Http\\Request), Object(Closure))
#13 C:\\shuriza\\rekap\\rekap\\vendor\\laravel\\framework\\src\\Illuminate\\View\\Middleware\\ShareErrorsFromSession.php(48): Illuminate\\Pipeline\\Pipeline->Illuminate\\Pipeline\\{closure}(Object(Illuminate\\Http\\Request))
#14 C:\\shuriza\\rekap\\rekap\\vendor\\laravel\\framework\\src\\Illuminate\\Pipeline\\Pipeline.php(208): Illuminate\\View\\Middleware\\ShareErrorsFromSession->handle(Object(Illuminate\\Http\\Request), Object(Closure))
#15 C:\\shuriza\\rekap\\rekap\\vendor\\laravel\\framework\\src\\Illuminate\\Session\\Middleware\\StartSession.php(120): Illuminate\\Pipeline\\Pipeline->Illuminate\\Pipeline\\{closure}(Object(Illuminate\\Http\\Request))
#16 C:\\shuriza\\rekap\\rekap\\vendor\\laravel\\framework\\src\\Illuminate\\Session\\Middleware\\StartSession.php(63): Illuminate\\Session\\Middleware\\StartSession->handleStatefulRequest(Object(Illuminate\\Http\\Request), Object(Illuminate\\Session\\Store), Object(Closure))
#17 C:\\shuriza\\rekap\\rekap\\vendor\\laravel\\framework\\src\\Illuminate\\Pipeline\\Pipeline.php(208): Illuminate\\Session\\Middleware\\StartSession->handle(Object(Illuminate\\Http\\Request), Object(Closure))
#18 C:\\shuriza\\rekap\\rekap\\vendor\\laravel\\framework\\src\\Illuminate\\Cookie\\Middleware\\AddQueuedCookiesToResponse.php(36): Illuminate\\Pipeline\\Pipeline->Illuminate\\Pipeline\\{closure}(Object(Illuminate\\Http\\Request))
#19 C:\\shuriza\\rekap\\rekap\\vendor\\laravel\\framework\\src\\Illuminate\\Pipeline\\Pipeline.php(208): Illuminate\\Cookie\\Middleware\\AddQueuedCookiesToResponse->handle(Object(Illuminate\\Http\\Request), Object(Closure))
#20 C:\\shuriza\\rekap\\rekap\\vendor\\laravel\\framework\\src\\Illuminate\\Cookie\\Middleware\\EncryptCookies.php(74): Illuminate\\Pipeline\\Pipeline->Illuminate\\Pipeline\\{closure}(Object(Illuminate\\Http\\Request))
#21 C:\\shuriza\\rekap\\rekap\\vendor\\laravel\\framework\\src\\Illuminate\\Pipeline\\Pipeline.php(208): Illuminate\\Cookie\\Middleware\\EncryptCookies->handle(Object(Illuminate\\Http\\Request), Object(Closure))
#22 C:\\shuriza\\rekap\\rekap\\vendor\\laravel\\framework\\src\\Illuminate\\Pipeline\\Pipeline.php(126): Illuminate\\Pipeline\\Pipeline->Illuminate\\Pipeline\\{closure}(Object(Illuminate\\Http\\Request))
#23 C:\\shuriza\\rekap\\rekap\\vendor\\laravel\\framework\\src\\Illuminate\\Routing\\Router.php(807): Illuminate\\Pipeline\\Pipeline->then(Object(Closure))
#24 C:\\shuriza\\rekap\\rekap\\vendor\\laravel\\framework\\src\\Illuminate\\Routing\\Router.php(786): Illuminate\\Routing\\Router->runRouteWithinStack(Object(Illuminate\\Routing\\Route), Object(Illuminate\\Http\\Request))
#25 C:\\shuriza\\rekap\\rekap\\vendor\\laravel\\framework\\src\\Illuminate\\Routing\\Router.php(750): Illuminate\\Routing\\Router->runRoute(Object(Illuminate\\Http\\Request), Object(Illuminate\\Routing\\Route))
#26 C:\\shuriza\\rekap\\rekap\\vendor\\laravel\\framework\\src\\Illuminate\\Routing\\Router.php(739): Illuminate\\Routing\\Router->dispatchToRoute(Object(Illuminate\\Http\\Request))
#27 C:\\shuriza\\rekap\\rekap\\vendor\\laravel\\framework\\src\\Illuminate\\Foundation\\Http\\Kernel.php(200): Illuminate\\Routing\\Router->dispatch(Object(Illuminate\\Http\\Request))
#28 C:\\shuriza\\rekap\\rekap\\vendor\\laravel\\framework\\src\\Illuminate\\Pipeline\\Pipeline.php(169): Illuminate\\Foundation\\Http\\Kernel->Illuminate\\Foundation\\Http\\{closure}(Object(Illuminate\\Http\\Request))
#29 C:\\shuriza\\rekap\\rekap\\vendor\\laravel\\framework\\src\\Illuminate\\Foundation\\Http\\Middleware\\TransformsRequest.php(21): Illuminate\\Pipeline\\Pipeline->Illuminate\\Pipeline\\{closure}(Object(Illuminate\\Http\\Request))
#30 C:\\shuriza\\rekap\\rekap\\vendor\\laravel\\framework\\src\\Illuminate\\Foundation\\Http\\Middleware\\ConvertEmptyStringsToNull.php(31): Illuminate\\Foundation\\Http\\Middleware\\TransformsRequest->handle(Object(Illuminate\\Http\\Request), Object(Closure))
#31 C:\\shuriza\\rekap\\rekap\\vendor\\laravel\\framework\\src\\Illuminate\\Pipeline\\Pipeline.php(208): Illuminate\\Foundation\\Http\\Middleware\\ConvertEmptyStringsToNull->handle(Object(Illuminate\\Http\\Request), Object(Closure))
#32 C:\\shuriza\\rekap\\rekap\\vendor\\laravel\\framework\\src\\Illuminate\\Foundation\\Http\\Middleware\\TransformsRequest.php(21): Illuminate\\Pipeline\\Pipeline->Illuminate\\Pipeline\\{closure}(Object(Illuminate\\Http\\Request))
#33 C:\\shuriza\\rekap\\rekap\\vendor\\laravel\\framework\\src\\Illuminate\\Foundation\\Http\\Middleware\\TrimStrings.php(51): Illuminate\\Foundation\\Http\\Middleware\\TransformsRequest->handle(Object(Illuminate\\Http\\Request), Object(Closure))
#34 C:\\shuriza\\rekap\\rekap\\vendor\\laravel\\framework\\src\\Illuminate\\Pipeline\\Pipeline.php(208): Illuminate\\Foundation\\Http\\Middleware\\TrimStrings->handle(Object(Illuminate\\Http\\Request), Object(Closure))
#35 C:\\shuriza\\rekap\\rekap\\vendor\\laravel\\framework\\src\\Illuminate\\Http\\Middleware\\ValidatePostSize.php(27): Illuminate\\Pipeline\\Pipeline->Illuminate\\Pipeline\\{closure}(Object(Illuminate\\Http\\Request))
#36 C:\\shuriza\\rekap\\rekap\\vendor\\laravel\\framework\\src\\Illuminate\\Pipeline\\Pipeline.php(208): Illuminate\\Http\\Middleware\\ValidatePostSize->handle(Object(Illuminate\\Http\\Request), Object(Closure))
#37 C:\\shuriza\\rekap\\rekap\\vendor\\laravel\\framework\\src\\Illuminate\\Foundation\\Http\\Middleware\\PreventRequestsDuringMaintenance.php(109): Illuminate\\Pipeline\\Pipeline->Illuminate\\Pipeline\\{closure}(Object(Illuminate\\Http\\Request))
#38 C:\\shuriza\\rekap\\rekap\\vendor\\laravel\\framework\\src\\Illuminate\\Pipeline\\Pipeline.php(208): Illuminate\\Foundation\\Http\\Middleware\\PreventRequestsDuringMaintenance->handle(Object(Illuminate\\Http\\Request), Object(Closure))
#39 C:\\shuriza\\rekap\\rekap\\vendor\\laravel\\framework\\src\\Illuminate\\Http\\Middleware\\HandleCors.php(48): Illuminate\\Pipeline\\Pipeline->Illuminate\\Pipeline\\{closure}(Object(Illuminate\\Http\\Request))
#40 C:\\shuriza\\rekap\\rekap\\vendor\\laravel\\framework\\src\\Illuminate\\Pipeline\\Pipeline.php(208): Illuminate\\Http\\Middleware\\HandleCors->handle(Object(Illuminate\\Http\\Request), Object(Closure))
#41 C:\\shuriza\\rekap\\rekap\\vendor\\laravel\\framework\\src\\Illuminate\\Http\\Middleware\\TrustProxies.php(58): Illuminate\\Pipeline\\Pipeline->Illuminate\\Pipeline\\{closure}(Object(Illuminate\\Http\\Request))
#42 C:\\shuriza\\rekap\\rekap\\vendor\\laravel\\framework\\src\\Illuminate\\Pipeline\\Pipeline.php(208): Illuminate\\Http\\Middleware\\TrustProxies->handle(Object(Illuminate\\Http\\Request), Object(Closure))
#43 C:\\shuriza\\rekap\\rekap\\vendor\\laravel\\framework\\src\\Illuminate\\Foundation\\Http\\Middleware\\InvokeDeferredCallbacks.php(22): Illuminate\\Pipeline\\Pipeline->Illuminate\\Pipeline\\{closure}(Object(Illuminate\\Http\\Request))
#44 C:\\shuriza\\rekap\\rekap\\vendor\\laravel\\framework\\src\\Illuminate\\Pipeline\\Pipeline.php(208): Illuminate\\Foundation\\Http\\Middleware\\InvokeDeferredCallbacks->handle(Object(Illuminate\\Http\\Request), Object(Closure))
#45 C:\\shuriza\\rekap\\rekap\\vendor\\laravel\\framework\\src\\Illuminate\\Http\\Middleware\\ValidatePathEncoding.php(26): Illuminate\\Pipeline\\Pipeline->Illuminate\\Pipeline\\{closure}(Object(Illuminate\\Http\\Request))
#46 C:\\shuriza\\rekap\\rekap\\vendor\\laravel\\framework\\src\\Illuminate\\Pipeline\\Pipeline.php(208): Illuminate\\Http\\Middleware\\ValidatePathEncoding->handle(Object(Illuminate\\Http\\Request), Object(Closure))
#47 C:\\shuriza\\rekap\\rekap\\vendor\\laravel\\framework\\src\\Illuminate\\Pipeline\\Pipeline.php(126): Illuminate\\Pipeline\\Pipeline->Illuminate\\Pipeline\\{closure}(Object(Illuminate\\Http\\Request))
#48 C:\\shuriza\\rekap\\rekap\\vendor\\laravel\\framework\\src\\Illuminate\\Foundation\\Http\\Kernel.php(175): Illuminate\\Pipeline\\Pipeline->then(Object(Closure))
#49 C:\\shuriza\\rekap\\rekap\\vendor\\laravel\\framework\\src\\Illuminate\\Foundation\\Http\\Kernel.php(144): Illuminate\\Foundation\\Http\\Kernel->sendRequestThroughRouter(Object(Illuminate\\Http\\Request))
#50 C:\\shuriza\\rekap\\rekap\\vendor\\laravel\\framework\\src\\Illuminate\\Foundation\\Application.php(1219): Illuminate\\Foundation\\Http\\Kernel->handle(Object(Illuminate\\Http\\Request))
#51 C:\\shuriza\\rekap\\rekap\\public\\index.php(20): Illuminate\\Foundation\\Application->handleRequest(Object(Illuminate\\Http\\Request))
#52 C:\\shuriza\\rekap\\rekap\\vendor\\laravel\\framework\\src\\Illuminate\\Foundation\\resources\\server.php(23): require_once('C:\\\\shuriza\\\\reka...')
#53 {main}
"} 
[2025-07-04 03:54:53] local.ERROR: Undefined variable $permissions (View: C:\shuriza\rekap\rekap\resources\views\permissions\create.blade.php) {"exception":"[object] (Illuminate\\View\\ViewException(code: 0): Undefined variable $permissions (View: C:\\shuriza\\rekap\\rekap\\resources\\views\\permissions\\create.blade.php) at C:\\shuriza\\rekap\\rekap\\storage\\framework\\views\\d81c8a252ef5277ee9e63888c6c6d6de.php:148)
[stacktrace]
#0 C:\\shuriza\\rekap\\rekap\\vendor\\laravel\\framework\\src\\Illuminate\\View\\Engines\\PhpEngine.php(59): Illuminate\\View\\Engines\\CompilerEngine->handleViewException(Object(ErrorException), 1)
#1 C:\\shuriza\\rekap\\rekap\\vendor\\laravel\\framework\\src\\Illuminate\\View\\Engines\\CompilerEngine.php(74): Illuminate\\View\\Engines\\PhpEngine->evaluatePath('C:\\\\shuriza\\\\reka...', Array)
#2 C:\\shuriza\\rekap\\rekap\\vendor\\laravel\\framework\\src\\Illuminate\\View\\View.php(208): Illuminate\\View\\Engines\\CompilerEngine->get('C:\\\\shuriza\\\\reka...', Array)
#3 C:\\shuriza\\rekap\\rekap\\vendor\\laravel\\framework\\src\\Illuminate\\View\\View.php(191): Illuminate\\View\\View->getContents()
#4 C:\\shuriza\\rekap\\rekap\\vendor\\laravel\\framework\\src\\Illuminate\\View\\View.php(160): Illuminate\\View\\View->renderContents()
#5 C:\\shuriza\\rekap\\rekap\\vendor\\laravel\\framework\\src\\Illuminate\\Http\\Response.php(78): Illuminate\\View\\View->render()
#6 C:\\shuriza\\rekap\\rekap\\vendor\\laravel\\framework\\src\\Illuminate\\Http\\Response.php(34): Illuminate\\Http\\Response->setContent(Object(Illuminate\\View\\View))
#7 C:\\shuriza\\rekap\\rekap\\vendor\\laravel\\framework\\src\\Illuminate\\Routing\\Router.php(924): Illuminate\\Http\\Response->__construct(Object(Illuminate\\View\\View), 200, Array)
#8 C:\\shuriza\\rekap\\rekap\\vendor\\laravel\\framework\\src\\Illuminate\\Routing\\Router.php(891): Illuminate\\Routing\\Router::toResponse(Object(Illuminate\\Http\\Request), Object(Illuminate\\View\\View))
#9 C:\\shuriza\\rekap\\rekap\\vendor\\laravel\\framework\\src\\Illuminate\\Routing\\Router.php(807): Illuminate\\Routing\\Router->prepareResponse(Object(Illuminate\\Http\\Request), Object(Illuminate\\View\\View))
#10 C:\\shuriza\\rekap\\rekap\\vendor\\laravel\\framework\\src\\Illuminate\\Pipeline\\Pipeline.php(169): Illuminate\\Routing\\Router->Illuminate\\Routing\\{closure}(Object(Illuminate\\Http\\Request))
#11 C:\\shuriza\\rekap\\rekap\\vendor\\laravel\\framework\\src\\Illuminate\\Routing\\Middleware\\SubstituteBindings.php(50): Illuminate\\Pipeline\\Pipeline->Illuminate\\Pipeline\\{closure}(Object(Illuminate\\Http\\Request))
#12 C:\\shuriza\\rekap\\rekap\\vendor\\laravel\\framework\\src\\Illuminate\\Pipeline\\Pipeline.php(208): Illuminate\\Routing\\Middleware\\SubstituteBindings->handle(Object(Illuminate\\Http\\Request), Object(Closure))
#13 C:\\shuriza\\rekap\\rekap\\vendor\\laravel\\framework\\src\\Illuminate\\Foundation\\Http\\Middleware\\VerifyCsrfToken.php(87): Illuminate\\Pipeline\\Pipeline->Illuminate\\Pipeline\\{closure}(Object(Illuminate\\Http\\Request))
#14 C:\\shuriza\\rekap\\rekap\\vendor\\laravel\\framework\\src\\Illuminate\\Pipeline\\Pipeline.php(208): Illuminate\\Foundation\\Http\\Middleware\\VerifyCsrfToken->handle(Object(Illuminate\\Http\\Request), Object(Closure))
#15 C:\\shuriza\\rekap\\rekap\\vendor\\laravel\\framework\\src\\Illuminate\\View\\Middleware\\ShareErrorsFromSession.php(48): Illuminate\\Pipeline\\Pipeline->Illuminate\\Pipeline\\{closure}(Object(Illuminate\\Http\\Request))
#16 C:\\shuriza\\rekap\\rekap\\vendor\\laravel\\framework\\src\\Illuminate\\Pipeline\\Pipeline.php(208): Illuminate\\View\\Middleware\\ShareErrorsFromSession->handle(Object(Illuminate\\Http\\Request), Object(Closure))
#17 C:\\shuriza\\rekap\\rekap\\vendor\\laravel\\framework\\src\\Illuminate\\Session\\Middleware\\StartSession.php(120): Illuminate\\Pipeline\\Pipeline->Illuminate\\Pipeline\\{closure}(Object(Illuminate\\Http\\Request))
#18 C:\\shuriza\\rekap\\rekap\\vendor\\laravel\\framework\\src\\Illuminate\\Session\\Middleware\\StartSession.php(63): Illuminate\\Session\\Middleware\\StartSession->handleStatefulRequest(Object(Illuminate\\Http\\Request), Object(Illuminate\\Session\\Store), Object(Closure))
#19 C:\\shuriza\\rekap\\rekap\\vendor\\laravel\\framework\\src\\Illuminate\\Pipeline\\Pipeline.php(208): Illuminate\\Session\\Middleware\\StartSession->handle(Object(Illuminate\\Http\\Request), Object(Closure))
#20 C:\\shuriza\\rekap\\rekap\\vendor\\laravel\\framework\\src\\Illuminate\\Cookie\\Middleware\\AddQueuedCookiesToResponse.php(36): Illuminate\\Pipeline\\Pipeline->Illuminate\\Pipeline\\{closure}(Object(Illuminate\\Http\\Request))
#21 C:\\shuriza\\rekap\\rekap\\vendor\\laravel\\framework\\src\\Illuminate\\Pipeline\\Pipeline.php(208): Illuminate\\Cookie\\Middleware\\AddQueuedCookiesToResponse->handle(Object(Illuminate\\Http\\Request), Object(Closure))
#22 C:\\shuriza\\rekap\\rekap\\vendor\\laravel\\framework\\src\\Illuminate\\Cookie\\Middleware\\EncryptCookies.php(74): Illuminate\\Pipeline\\Pipeline->Illuminate\\Pipeline\\{closure}(Object(Illuminate\\Http\\Request))
#23 C:\\shuriza\\rekap\\rekap\\vendor\\laravel\\framework\\src\\Illuminate\\Pipeline\\Pipeline.php(208): Illuminate\\Cookie\\Middleware\\EncryptCookies->handle(Object(Illuminate\\Http\\Request), Object(Closure))
#24 C:\\shuriza\\rekap\\rekap\\vendor\\laravel\\framework\\src\\Illuminate\\Pipeline\\Pipeline.php(126): Illuminate\\Pipeline\\Pipeline->Illuminate\\Pipeline\\{closure}(Object(Illuminate\\Http\\Request))
#25 C:\\shuriza\\rekap\\rekap\\vendor\\laravel\\framework\\src\\Illuminate\\Routing\\Router.php(807): Illuminate\\Pipeline\\Pipeline->then(Object(Closure))
#26 C:\\shuriza\\rekap\\rekap\\vendor\\laravel\\framework\\src\\Illuminate\\Routing\\Router.php(786): Illuminate\\Routing\\Router->runRouteWithinStack(Object(Illuminate\\Routing\\Route), Object(Illuminate\\Http\\Request))
#27 C:\\shuriza\\rekap\\rekap\\vendor\\laravel\\framework\\src\\Illuminate\\Routing\\Router.php(750): Illuminate\\Routing\\Router->runRoute(Object(Illuminate\\Http\\Request), Object(Illuminate\\Routing\\Route))
#28 C:\\shuriza\\rekap\\rekap\\vendor\\laravel\\framework\\src\\Illuminate\\Routing\\Router.php(739): Illuminate\\Routing\\Router->dispatchToRoute(Object(Illuminate\\Http\\Request))
#29 C:\\shuriza\\rekap\\rekap\\vendor\\laravel\\framework\\src\\Illuminate\\Foundation\\Http\\Kernel.php(200): Illuminate\\Routing\\Router->dispatch(Object(Illuminate\\Http\\Request))
#30 C:\\shuriza\\rekap\\rekap\\vendor\\laravel\\framework\\src\\Illuminate\\Pipeline\\Pipeline.php(169): Illuminate\\Foundation\\Http\\Kernel->Illuminate\\Foundation\\Http\\{closure}(Object(Illuminate\\Http\\Request))
#31 C:\\shuriza\\rekap\\rekap\\vendor\\laravel\\framework\\src\\Illuminate\\Foundation\\Http\\Middleware\\TransformsRequest.php(21): Illuminate\\Pipeline\\Pipeline->Illuminate\\Pipeline\\{closure}(Object(Illuminate\\Http\\Request))
#32 C:\\shuriza\\rekap\\rekap\\vendor\\laravel\\framework\\src\\Illuminate\\Foundation\\Http\\Middleware\\ConvertEmptyStringsToNull.php(31): Illuminate\\Foundation\\Http\\Middleware\\TransformsRequest->handle(Object(Illuminate\\Http\\Request), Object(Closure))
#33 C:\\shuriza\\rekap\\rekap\\vendor\\laravel\\framework\\src\\Illuminate\\Pipeline\\Pipeline.php(208): Illuminate\\Foundation\\Http\\Middleware\\ConvertEmptyStringsToNull->handle(Object(Illuminate\\Http\\Request), Object(Closure))
#34 C:\\shuriza\\rekap\\rekap\\vendor\\laravel\\framework\\src\\Illuminate\\Foundation\\Http\\Middleware\\TransformsRequest.php(21): Illuminate\\Pipeline\\Pipeline->Illuminate\\Pipeline\\{closure}(Object(Illuminate\\Http\\Request))
#35 C:\\shuriza\\rekap\\rekap\\vendor\\laravel\\framework\\src\\Illuminate\\Foundation\\Http\\Middleware\\TrimStrings.php(51): Illuminate\\Foundation\\Http\\Middleware\\TransformsRequest->handle(Object(Illuminate\\Http\\Request), Object(Closure))
#36 C:\\shuriza\\rekap\\rekap\\vendor\\laravel\\framework\\src\\Illuminate\\Pipeline\\Pipeline.php(208): Illuminate\\Foundation\\Http\\Middleware\\TrimStrings->handle(Object(Illuminate\\Http\\Request), Object(Closure))
#37 C:\\shuriza\\rekap\\rekap\\vendor\\laravel\\framework\\src\\Illuminate\\Http\\Middleware\\ValidatePostSize.php(27): Illuminate\\Pipeline\\Pipeline->Illuminate\\Pipeline\\{closure}(Object(Illuminate\\Http\\Request))
#38 C:\\shuriza\\rekap\\rekap\\vendor\\laravel\\framework\\src\\Illuminate\\Pipeline\\Pipeline.php(208): Illuminate\\Http\\Middleware\\ValidatePostSize->handle(Object(Illuminate\\Http\\Request), Object(Closure))
#39 C:\\shuriza\\rekap\\rekap\\vendor\\laravel\\framework\\src\\Illuminate\\Foundation\\Http\\Middleware\\PreventRequestsDuringMaintenance.php(109): Illuminate\\Pipeline\\Pipeline->Illuminate\\Pipeline\\{closure}(Object(Illuminate\\Http\\Request))
#40 C:\\shuriza\\rekap\\rekap\\vendor\\laravel\\framework\\src\\Illuminate\\Pipeline\\Pipeline.php(208): Illuminate\\Foundation\\Http\\Middleware\\PreventRequestsDuringMaintenance->handle(Object(Illuminate\\Http\\Request), Object(Closure))
#41 C:\\shuriza\\rekap\\rekap\\vendor\\laravel\\framework\\src\\Illuminate\\Http\\Middleware\\HandleCors.php(48): Illuminate\\Pipeline\\Pipeline->Illuminate\\Pipeline\\{closure}(Object(Illuminate\\Http\\Request))
#42 C:\\shuriza\\rekap\\rekap\\vendor\\laravel\\framework\\src\\Illuminate\\Pipeline\\Pipeline.php(208): Illuminate\\Http\\Middleware\\HandleCors->handle(Object(Illuminate\\Http\\Request), Object(Closure))
#43 C:\\shuriza\\rekap\\rekap\\vendor\\laravel\\framework\\src\\Illuminate\\Http\\Middleware\\TrustProxies.php(58): Illuminate\\Pipeline\\Pipeline->Illuminate\\Pipeline\\{closure}(Object(Illuminate\\Http\\Request))
#44 C:\\shuriza\\rekap\\rekap\\vendor\\laravel\\framework\\src\\Illuminate\\Pipeline\\Pipeline.php(208): Illuminate\\Http\\Middleware\\TrustProxies->handle(Object(Illuminate\\Http\\Request), Object(Closure))
#45 C:\\shuriza\\rekap\\rekap\\vendor\\laravel\\framework\\src\\Illuminate\\Foundation\\Http\\Middleware\\InvokeDeferredCallbacks.php(22): Illuminate\\Pipeline\\Pipeline->Illuminate\\Pipeline\\{closure}(Object(Illuminate\\Http\\Request))
#46 C:\\shuriza\\rekap\\rekap\\vendor\\laravel\\framework\\src\\Illuminate\\Pipeline\\Pipeline.php(208): Illuminate\\Foundation\\Http\\Middleware\\InvokeDeferredCallbacks->handle(Object(Illuminate\\Http\\Request), Object(Closure))
#47 C:\\shuriza\\rekap\\rekap\\vendor\\laravel\\framework\\src\\Illuminate\\Http\\Middleware\\ValidatePathEncoding.php(26): Illuminate\\Pipeline\\Pipeline->Illuminate\\Pipeline\\{closure}(Object(Illuminate\\Http\\Request))
#48 C:\\shuriza\\rekap\\rekap\\vendor\\laravel\\framework\\src\\Illuminate\\Pipeline\\Pipeline.php(208): Illuminate\\Http\\Middleware\\ValidatePathEncoding->handle(Object(Illuminate\\Http\\Request), Object(Closure))
#49 C:\\shuriza\\rekap\\rekap\\vendor\\laravel\\framework\\src\\Illuminate\\Pipeline\\Pipeline.php(126): Illuminate\\Pipeline\\Pipeline->Illuminate\\Pipeline\\{closure}(Object(Illuminate\\Http\\Request))
#50 C:\\shuriza\\rekap\\rekap\\vendor\\laravel\\framework\\src\\Illuminate\\Foundation\\Http\\Kernel.php(175): Illuminate\\Pipeline\\Pipeline->then(Object(Closure))
#51 C:\\shuriza\\rekap\\rekap\\vendor\\laravel\\framework\\src\\Illuminate\\Foundation\\Http\\Kernel.php(144): Illuminate\\Foundation\\Http\\Kernel->sendRequestThroughRouter(Object(Illuminate\\Http\\Request))
#52 C:\\shuriza\\rekap\\rekap\\vendor\\laravel\\framework\\src\\Illuminate\\Foundation\\Application.php(1219): Illuminate\\Foundation\\Http\\Kernel->handle(Object(Illuminate\\Http\\Request))
#53 C:\\shuriza\\rekap\\rekap\\public\\index.php(20): Illuminate\\Foundation\\Application->handleRequest(Object(Illuminate\\Http\\Request))
#54 C:\\shuriza\\rekap\\rekap\\vendor\\laravel\\framework\\src\\Illuminate\\Foundation\\resources\\server.php(23): require_once('C:\\\\shuriza\\\\reka...')
#55 {main}

[previous exception] [object] (ErrorException(code: 0): Undefined variable $permissions at C:\\shuriza\\rekap\\rekap\\storage\\framework\\views\\d81c8a252ef5277ee9e63888c6c6d6de.php:148)
[stacktrace]
#0 C:\\shuriza\\rekap\\rekap\\vendor\\laravel\\framework\\src\\Illuminate\\Foundation\\Bootstrap\\HandleExceptions.php(256): Illuminate\\Foundation\\Bootstrap\\HandleExceptions->handleError(2, 'Undefined varia...', 'C:\\\\shuriza\\\\reka...', 148)
#1 C:\\shuriza\\rekap\\rekap\\storage\\framework\\views\\d81c8a252ef5277ee9e63888c6c6d6de.php(148): Illuminate\\Foundation\\Bootstrap\\HandleExceptions->Illuminate\\Foundation\\Bootstrap\\{closure}(2, 'Undefined varia...', 'C:\\\\shuriza\\\\reka...', 148)
#2 C:\\shuriza\\rekap\\rekap\\vendor\\laravel\\framework\\src\\Illuminate\\Filesystem\\Filesystem.php(123): require('C:\\\\shuriza\\\\reka...')
#3 C:\\shuriza\\rekap\\rekap\\vendor\\laravel\\framework\\src\\Illuminate\\Filesystem\\Filesystem.php(124): Illuminate\\Filesystem\\Filesystem::Illuminate\\Filesystem\\{closure}()
#4 C:\\shuriza\\rekap\\rekap\\vendor\\laravel\\framework\\src\\Illuminate\\View\\Engines\\PhpEngine.php(57): Illuminate\\Filesystem\\Filesystem->getRequire('C:\\\\shuriza\\\\reka...', Array)
#5 C:\\shuriza\\rekap\\rekap\\vendor\\laravel\\framework\\src\\Illuminate\\View\\Engines\\CompilerEngine.php(74): Illuminate\\View\\Engines\\PhpEngine->evaluatePath('C:\\\\shuriza\\\\reka...', Array)
#6 C:\\shuriza\\rekap\\rekap\\vendor\\laravel\\framework\\src\\Illuminate\\View\\View.php(208): Illuminate\\View\\Engines\\CompilerEngine->get('C:\\\\shuriza\\\\reka...', Array)
#7 C:\\shuriza\\rekap\\rekap\\vendor\\laravel\\framework\\src\\Illuminate\\View\\View.php(191): Illuminate\\View\\View->getContents()
#8 C:\\shuriza\\rekap\\rekap\\vendor\\laravel\\framework\\src\\Illuminate\\View\\View.php(160): Illuminate\\View\\View->renderContents()
#9 C:\\shuriza\\rekap\\rekap\\vendor\\laravel\\framework\\src\\Illuminate\\Http\\Response.php(78): Illuminate\\View\\View->render()
#10 C:\\shuriza\\rekap\\rekap\\vendor\\laravel\\framework\\src\\Illuminate\\Http\\Response.php(34): Illuminate\\Http\\Response->setContent(Object(Illuminate\\View\\View))
#11 C:\\shuriza\\rekap\\rekap\\vendor\\laravel\\framework\\src\\Illuminate\\Routing\\Router.php(924): Illuminate\\Http\\Response->__construct(Object(Illuminate\\View\\View), 200, Array)
#12 C:\\shuriza\\rekap\\rekap\\vendor\\laravel\\framework\\src\\Illuminate\\Routing\\Router.php(891): Illuminate\\Routing\\Router::toResponse(Object(Illuminate\\Http\\Request), Object(Illuminate\\View\\View))
#13 C:\\shuriza\\rekap\\rekap\\vendor\\laravel\\framework\\src\\Illuminate\\Routing\\Router.php(807): Illuminate\\Routing\\Router->prepareResponse(Object(Illuminate\\Http\\Request), Object(Illuminate\\View\\View))
#14 C:\\shuriza\\rekap\\rekap\\vendor\\laravel\\framework\\src\\Illuminate\\Pipeline\\Pipeline.php(169): Illuminate\\Routing\\Router->Illuminate\\Routing\\{closure}(Object(Illuminate\\Http\\Request))
#15 C:\\shuriza\\rekap\\rekap\\vendor\\laravel\\framework\\src\\Illuminate\\Routing\\Middleware\\SubstituteBindings.php(50): Illuminate\\Pipeline\\Pipeline->Illuminate\\Pipeline\\{closure}(Object(Illuminate\\Http\\Request))
#16 C:\\shuriza\\rekap\\rekap\\vendor\\laravel\\framework\\src\\Illuminate\\Pipeline\\Pipeline.php(208): Illuminate\\Routing\\Middleware\\SubstituteBindings->handle(Object(Illuminate\\Http\\Request), Object(Closure))
#17 C:\\shuriza\\rekap\\rekap\\vendor\\laravel\\framework\\src\\Illuminate\\Foundation\\Http\\Middleware\\VerifyCsrfToken.php(87): Illuminate\\Pipeline\\Pipeline->Illuminate\\Pipeline\\{closure}(Object(Illuminate\\Http\\Request))
#18 C:\\shuriza\\rekap\\rekap\\vendor\\laravel\\framework\\src\\Illuminate\\Pipeline\\Pipeline.php(208): Illuminate\\Foundation\\Http\\Middleware\\VerifyCsrfToken->handle(Object(Illuminate\\Http\\Request), Object(Closure))
#19 C:\\shuriza\\rekap\\rekap\\vendor\\laravel\\framework\\src\\Illuminate\\View\\Middleware\\ShareErrorsFromSession.php(48): Illuminate\\Pipeline\\Pipeline->Illuminate\\Pipeline\\{closure}(Object(Illuminate\\Http\\Request))
#20 C:\\shuriza\\rekap\\rekap\\vendor\\laravel\\framework\\src\\Illuminate\\Pipeline\\Pipeline.php(208): Illuminate\\View\\Middleware\\ShareErrorsFromSession->handle(Object(Illuminate\\Http\\Request), Object(Closure))
#21 C:\\shuriza\\rekap\\rekap\\vendor\\laravel\\framework\\src\\Illuminate\\Session\\Middleware\\StartSession.php(120): Illuminate\\Pipeline\\Pipeline->Illuminate\\Pipeline\\{closure}(Object(Illuminate\\Http\\Request))
#22 C:\\shuriza\\rekap\\rekap\\vendor\\laravel\\framework\\src\\Illuminate\\Session\\Middleware\\StartSession.php(63): Illuminate\\Session\\Middleware\\StartSession->handleStatefulRequest(Object(Illuminate\\Http\\Request), Object(Illuminate\\Session\\Store), Object(Closure))
#23 C:\\shuriza\\rekap\\rekap\\vendor\\laravel\\framework\\src\\Illuminate\\Pipeline\\Pipeline.php(208): Illuminate\\Session\\Middleware\\StartSession->handle(Object(Illuminate\\Http\\Request), Object(Closure))
#24 C:\\shuriza\\rekap\\rekap\\vendor\\laravel\\framework\\src\\Illuminate\\Cookie\\Middleware\\AddQueuedCookiesToResponse.php(36): Illuminate\\Pipeline\\Pipeline->Illuminate\\Pipeline\\{closure}(Object(Illuminate\\Http\\Request))
#25 C:\\shuriza\\rekap\\rekap\\vendor\\laravel\\framework\\src\\Illuminate\\Pipeline\\Pipeline.php(208): Illuminate\\Cookie\\Middleware\\AddQueuedCookiesToResponse->handle(Object(Illuminate\\Http\\Request), Object(Closure))
#26 C:\\shuriza\\rekap\\rekap\\vendor\\laravel\\framework\\src\\Illuminate\\Cookie\\Middleware\\EncryptCookies.php(74): Illuminate\\Pipeline\\Pipeline->Illuminate\\Pipeline\\{closure}(Object(Illuminate\\Http\\Request))
#27 C:\\shuriza\\rekap\\rekap\\vendor\\laravel\\framework\\src\\Illuminate\\Pipeline\\Pipeline.php(208): Illuminate\\Cookie\\Middleware\\EncryptCookies->handle(Object(Illuminate\\Http\\Request), Object(Closure))
#28 C:\\shuriza\\rekap\\rekap\\vendor\\laravel\\framework\\src\\Illuminate\\Pipeline\\Pipeline.php(126): Illuminate\\Pipeline\\Pipeline->Illuminate\\Pipeline\\{closure}(Object(Illuminate\\Http\\Request))
#29 C:\\shuriza\\rekap\\rekap\\vendor\\laravel\\framework\\src\\Illuminate\\Routing\\Router.php(807): Illuminate\\Pipeline\\Pipeline->then(Object(Closure))
#30 C:\\shuriza\\rekap\\rekap\\vendor\\laravel\\framework\\src\\Illuminate\\Routing\\Router.php(786): Illuminate\\Routing\\Router->runRouteWithinStack(Object(Illuminate\\Routing\\Route), Object(Illuminate\\Http\\Request))
#31 C:\\shuriza\\rekap\\rekap\\vendor\\laravel\\framework\\src\\Illuminate\\Routing\\Router.php(750): Illuminate\\Routing\\Router->runRoute(Object(Illuminate\\Http\\Request), Object(Illuminate\\Routing\\Route))
#32 C:\\shuriza\\rekap\\rekap\\vendor\\laravel\\framework\\src\\Illuminate\\Routing\\Router.php(739): Illuminate\\Routing\\Router->dispatchToRoute(Object(Illuminate\\Http\\Request))
#33 C:\\shuriza\\rekap\\rekap\\vendor\\laravel\\framework\\src\\Illuminate\\Foundation\\Http\\Kernel.php(200): Illuminate\\Routing\\Router->dispatch(Object(Illuminate\\Http\\Request))
#34 C:\\shuriza\\rekap\\rekap\\vendor\\laravel\\framework\\src\\Illuminate\\Pipeline\\Pipeline.php(169): Illuminate\\Foundation\\Http\\Kernel->Illuminate\\Foundation\\Http\\{closure}(Object(Illuminate\\Http\\Request))
#35 C:\\shuriza\\rekap\\rekap\\vendor\\laravel\\framework\\src\\Illuminate\\Foundation\\Http\\Middleware\\TransformsRequest.php(21): Illuminate\\Pipeline\\Pipeline->Illuminate\\Pipeline\\{closure}(Object(Illuminate\\Http\\Request))
#36 C:\\shuriza\\rekap\\rekap\\vendor\\laravel\\framework\\src\\Illuminate\\Foundation\\Http\\Middleware\\ConvertEmptyStringsToNull.php(31): Illuminate\\Foundation\\Http\\Middleware\\TransformsRequest->handle(Object(Illuminate\\Http\\Request), Object(Closure))
#37 C:\\shuriza\\rekap\\rekap\\vendor\\laravel\\framework\\src\\Illuminate\\Pipeline\\Pipeline.php(208): Illuminate\\Foundation\\Http\\Middleware\\ConvertEmptyStringsToNull->handle(Object(Illuminate\\Http\\Request), Object(Closure))
#38 C:\\shuriza\\rekap\\rekap\\vendor\\laravel\\framework\\src\\Illuminate\\Foundation\\Http\\Middleware\\TransformsRequest.php(21): Illuminate\\Pipeline\\Pipeline->Illuminate\\Pipeline\\{closure}(Object(Illuminate\\Http\\Request))
#39 C:\\shuriza\\rekap\\rekap\\vendor\\laravel\\framework\\src\\Illuminate\\Foundation\\Http\\Middleware\\TrimStrings.php(51): Illuminate\\Foundation\\Http\\Middleware\\TransformsRequest->handle(Object(Illuminate\\Http\\Request), Object(Closure))
#40 C:\\shuriza\\rekap\\rekap\\vendor\\laravel\\framework\\src\\Illuminate\\Pipeline\\Pipeline.php(208): Illuminate\\Foundation\\Http\\Middleware\\TrimStrings->handle(Object(Illuminate\\Http\\Request), Object(Closure))
#41 C:\\shuriza\\rekap\\rekap\\vendor\\laravel\\framework\\src\\Illuminate\\Http\\Middleware\\ValidatePostSize.php(27): Illuminate\\Pipeline\\Pipeline->Illuminate\\Pipeline\\{closure}(Object(Illuminate\\Http\\Request))
#42 C:\\shuriza\\rekap\\rekap\\vendor\\laravel\\framework\\src\\Illuminate\\Pipeline\\Pipeline.php(208): Illuminate\\Http\\Middleware\\ValidatePostSize->handle(Object(Illuminate\\Http\\Request), Object(Closure))
#43 C:\\shuriza\\rekap\\rekap\\vendor\\laravel\\framework\\src\\Illuminate\\Foundation\\Http\\Middleware\\PreventRequestsDuringMaintenance.php(109): Illuminate\\Pipeline\\Pipeline->Illuminate\\Pipeline\\{closure}(Object(Illuminate\\Http\\Request))
#44 C:\\shuriza\\rekap\\rekap\\vendor\\laravel\\framework\\src\\Illuminate\\Pipeline\\Pipeline.php(208): Illuminate\\Foundation\\Http\\Middleware\\PreventRequestsDuringMaintenance->handle(Object(Illuminate\\Http\\Request), Object(Closure))
#45 C:\\shuriza\\rekap\\rekap\\vendor\\laravel\\framework\\src\\Illuminate\\Http\\Middleware\\HandleCors.php(48): Illuminate\\Pipeline\\Pipeline->Illuminate\\Pipeline\\{closure}(Object(Illuminate\\Http\\Request))
#46 C:\\shuriza\\rekap\\rekap\\vendor\\laravel\\framework\\src\\Illuminate\\Pipeline\\Pipeline.php(208): Illuminate\\Http\\Middleware\\HandleCors->handle(Object(Illuminate\\Http\\Request), Object(Closure))
#47 C:\\shuriza\\rekap\\rekap\\vendor\\laravel\\framework\\src\\Illuminate\\Http\\Middleware\\TrustProxies.php(58): Illuminate\\Pipeline\\Pipeline->Illuminate\\Pipeline\\{closure}(Object(Illuminate\\Http\\Request))
#48 C:\\shuriza\\rekap\\rekap\\vendor\\laravel\\framework\\src\\Illuminate\\Pipeline\\Pipeline.php(208): Illuminate\\Http\\Middleware\\TrustProxies->handle(Object(Illuminate\\Http\\Request), Object(Closure))
#49 C:\\shuriza\\rekap\\rekap\\vendor\\laravel\\framework\\src\\Illuminate\\Foundation\\Http\\Middleware\\InvokeDeferredCallbacks.php(22): Illuminate\\Pipeline\\Pipeline->Illuminate\\Pipeline\\{closure}(Object(Illuminate\\Http\\Request))
#50 C:\\shuriza\\rekap\\rekap\\vendor\\laravel\\framework\\src\\Illuminate\\Pipeline\\Pipeline.php(208): Illuminate\\Foundation\\Http\\Middleware\\InvokeDeferredCallbacks->handle(Object(Illuminate\\Http\\Request), Object(Closure))
#51 C:\\shuriza\\rekap\\rekap\\vendor\\laravel\\framework\\src\\Illuminate\\Http\\Middleware\\ValidatePathEncoding.php(26): Illuminate\\Pipeline\\Pipeline->Illuminate\\Pipeline\\{closure}(Object(Illuminate\\Http\\Request))
#52 C:\\shuriza\\rekap\\rekap\\vendor\\laravel\\framework\\src\\Illuminate\\Pipeline\\Pipeline.php(208): Illuminate\\Http\\Middleware\\ValidatePathEncoding->handle(Object(Illuminate\\Http\\Request), Object(Closure))
#53 C:\\shuriza\\rekap\\rekap\\vendor\\laravel\\framework\\src\\Illuminate\\Pipeline\\Pipeline.php(126): Illuminate\\Pipeline\\Pipeline->Illuminate\\Pipeline\\{closure}(Object(Illuminate\\Http\\Request))
#54 C:\\shuriza\\rekap\\rekap\\vendor\\laravel\\framework\\src\\Illuminate\\Foundation\\Http\\Kernel.php(175): Illuminate\\Pipeline\\Pipeline->then(Object(Closure))
#55 C:\\shuriza\\rekap\\rekap\\vendor\\laravel\\framework\\src\\Illuminate\\Foundation\\Http\\Kernel.php(144): Illuminate\\Foundation\\Http\\Kernel->sendRequestThroughRouter(Object(Illuminate\\Http\\Request))
#56 C:\\shuriza\\rekap\\rekap\\vendor\\laravel\\framework\\src\\Illuminate\\Foundation\\Application.php(1219): Illuminate\\Foundation\\Http\\Kernel->handle(Object(Illuminate\\Http\\Request))
#57 C:\\shuriza\\rekap\\rekap\\public\\index.php(20): Illuminate\\Foundation\\Application->handleRequest(Object(Illuminate\\Http\\Request))
#58 C:\\shuriza\\rekap\\rekap\\vendor\\laravel\\framework\\src\\Illuminate\\Foundation\\resources\\server.php(23): require_once('C:\\\\shuriza\\\\reka...')
#59 {main}
"} 
[2025-07-04 06:08:04] local.ERROR: SQLSTATE[HY000]: General error: 1824 Failed to open the referenced table 'pegawai' (Connection: mysql, SQL: alter table `izin_presensi` add constraint `izin_presensi_pegawai_id_foreign` foreign key (`pegawai_id`) references `pegawai` (`id`) on delete cascade) {"exception":"[object] (Illuminate\\Database\\QueryException(code: HY000): SQLSTATE[HY000]: General error: 1824 Failed to open the referenced table 'pegawai' (Connection: mysql, SQL: alter table `izin_presensi` add constraint `izin_presensi_pegawai_id_foreign` foreign key (`pegawai_id`) references `pegawai` (`id`) on delete cascade) at C:\\shuriza\\rekap\\rekap\\vendor\\laravel\\framework\\src\\Illuminate\\Database\\Connection.php:822)
[stacktrace]
#0 C:\\shuriza\\rekap\\rekap\\vendor\\laravel\\framework\\src\\Illuminate\\Database\\Connection.php(776): Illuminate\\Database\\Connection->runQueryCallback('alter table `iz...', Array, Object(Closure))
#1 C:\\shuriza\\rekap\\rekap\\vendor\\laravel\\framework\\src\\Illuminate\\Database\\Connection.php(557): Illuminate\\Database\\Connection->run('alter table `iz...', Array, Object(Closure))
#2 C:\\shuriza\\rekap\\rekap\\vendor\\laravel\\framework\\src\\Illuminate\\Database\\Schema\\Blueprint.php(119): Illuminate\\Database\\Connection->statement('alter table `iz...')
#3 C:\\shuriza\\rekap\\rekap\\vendor\\laravel\\framework\\src\\Illuminate\\Database\\Schema\\Builder.php(618): Illuminate\\Database\\Schema\\Blueprint->build()
#4 C:\\shuriza\\rekap\\rekap\\vendor\\laravel\\framework\\src\\Illuminate\\Database\\Schema\\Builder.php(472): Illuminate\\Database\\Schema\\Builder->build(Object(Illuminate\\Database\\Schema\\Blueprint))
#5 C:\\shuriza\\rekap\\rekap\\vendor\\laravel\\framework\\src\\Illuminate\\Support\\Facades\\Facade.php(361): Illuminate\\Database\\Schema\\Builder->create('izin_presensi', Object(Closure))
#6 C:\\shuriza\\rekap\\rekap\\database\\migrations\\2025_07_04_060603_create_izin_presensi_table.php(11): Illuminate\\Support\\Facades\\Facade::__callStatic('create', Array)
#7 C:\\shuriza\\rekap\\rekap\\vendor\\laravel\\framework\\src\\Illuminate\\Database\\Migrations\\Migrator.php(514): CreateIzinPresensiTable->up()
#8 C:\\shuriza\\rekap\\rekap\\vendor\\laravel\\framework\\src\\Illuminate\\Database\\Migrations\\Migrator.php(439): Illuminate\\Database\\Migrations\\Migrator->runMethod(Object(Illuminate\\Database\\MySqlConnection), Object(CreateIzinPresensiTable), 'up')
#9 C:\\shuriza\\rekap\\rekap\\vendor\\laravel\\framework\\src\\Illuminate\\Database\\Migrations\\Migrator.php(448): Illuminate\\Database\\Migrations\\Migrator->Illuminate\\Database\\Migrations\\{closure}()
#10 C:\\shuriza\\rekap\\rekap\\vendor\\laravel\\framework\\src\\Illuminate\\Database\\Migrations\\Migrator.php(250): Illuminate\\Database\\Migrations\\Migrator->runMigration(Object(CreateIzinPresensiTable), 'up')
#11 C:\\shuriza\\rekap\\rekap\\vendor\\laravel\\framework\\src\\Illuminate\\Console\\View\\Components\\Task.php(41): Illuminate\\Database\\Migrations\\Migrator->Illuminate\\Database\\Migrations\\{closure}()
#12 C:\\shuriza\\rekap\\rekap\\vendor\\laravel\\framework\\src\\Illuminate\\Database\\Migrations\\Migrator.php(805): Illuminate\\Console\\View\\Components\\Task->render('2025_07_04_0606...', Object(Closure))
#13 C:\\shuriza\\rekap\\rekap\\vendor\\laravel\\framework\\src\\Illuminate\\Database\\Migrations\\Migrator.php(250): Illuminate\\Database\\Migrations\\Migrator->write('Illuminate\\\\Cons...', '2025_07_04_0606...', Object(Closure))
#14 C:\\shuriza\\rekap\\rekap\\vendor\\laravel\\framework\\src\\Illuminate\\Database\\Migrations\\Migrator.php(210): Illuminate\\Database\\Migrations\\Migrator->runUp('C:\\\\shuriza\\\\reka...', 4, false)
#15 C:\\shuriza\\rekap\\rekap\\vendor\\laravel\\framework\\src\\Illuminate\\Database\\Migrations\\Migrator.php(137): Illuminate\\Database\\Migrations\\Migrator->runPending(Array, Array)
#16 C:\\shuriza\\rekap\\rekap\\vendor\\laravel\\framework\\src\\Illuminate\\Database\\Console\\Migrations\\MigrateCommand.php(116): Illuminate\\Database\\Migrations\\Migrator->run(Array, Array)
#17 C:\\shuriza\\rekap\\rekap\\vendor\\laravel\\framework\\src\\Illuminate\\Database\\Migrations\\Migrator.php(665): Illuminate\\Database\\Console\\Migrations\\MigrateCommand->Illuminate\\Database\\Console\\Migrations\\{closure}()
#18 C:\\shuriza\\rekap\\rekap\\vendor\\laravel\\framework\\src\\Illuminate\\Database\\Console\\Migrations\\MigrateCommand.php(109): Illuminate\\Database\\Migrations\\Migrator->usingConnection(NULL, Object(Closure))
#19 C:\\shuriza\\rekap\\rekap\\vendor\\laravel\\framework\\src\\Illuminate\\Database\\Console\\Migrations\\MigrateCommand.php(88): Illuminate\\Database\\Console\\Migrations\\MigrateCommand->runMigrations()
#20 C:\\shuriza\\rekap\\rekap\\vendor\\laravel\\framework\\src\\Illuminate\\Container\\BoundMethod.php(36): Illuminate\\Database\\Console\\Migrations\\MigrateCommand->handle()
#21 C:\\shuriza\\rekap\\rekap\\vendor\\laravel\\framework\\src\\Illuminate\\Container\\Util.php(43): Illuminate\\Container\\BoundMethod::Illuminate\\Container\\{closure}()
#22 C:\\shuriza\\rekap\\rekap\\vendor\\laravel\\framework\\src\\Illuminate\\Container\\BoundMethod.php(96): Illuminate\\Container\\Util::unwrapIfClosure(Object(Closure))
#23 C:\\shuriza\\rekap\\rekap\\vendor\\laravel\\framework\\src\\Illuminate\\Container\\BoundMethod.php(35): Illuminate\\Container\\BoundMethod::callBoundMethod(Object(Illuminate\\Foundation\\Application), Array, Object(Closure))
#24 C:\\shuriza\\rekap\\rekap\\vendor\\laravel\\framework\\src\\Illuminate\\Container\\Container.php(754): Illuminate\\Container\\BoundMethod::call(Object(Illuminate\\Foundation\\Application), Array, Array, NULL)
#25 C:\\shuriza\\rekap\\rekap\\vendor\\laravel\\framework\\src\\Illuminate\\Console\\Command.php(211): Illuminate\\Container\\Container->call(Array)
#26 C:\\shuriza\\rekap\\rekap\\vendor\\symfony\\console\\Command\\Command.php(279): Illuminate\\Console\\Command->execute(Object(Symfony\\Component\\Console\\Input\\ArgvInput), Object(Illuminate\\Console\\OutputStyle))
#27 C:\\shuriza\\rekap\\rekap\\vendor\\laravel\\framework\\src\\Illuminate\\Console\\Command.php(180): Symfony\\Component\\Console\\Command\\Command->run(Object(Symfony\\Component\\Console\\Input\\ArgvInput), Object(Illuminate\\Console\\OutputStyle))
#28 C:\\shuriza\\rekap\\rekap\\vendor\\symfony\\console\\Application.php(1094): Illuminate\\Console\\Command->run(Object(Symfony\\Component\\Console\\Input\\ArgvInput), Object(Symfony\\Component\\Console\\Output\\ConsoleOutput))
#29 C:\\shuriza\\rekap\\rekap\\vendor\\symfony\\console\\Application.php(342): Symfony\\Component\\Console\\Application->doRunCommand(Object(Illuminate\\Database\\Console\\Migrations\\MigrateCommand), Object(Symfony\\Component\\Console\\Input\\ArgvInput), Object(Symfony\\Component\\Console\\Output\\ConsoleOutput))
#30 C:\\shuriza\\rekap\\rekap\\vendor\\symfony\\console\\Application.php(193): Symfony\\Component\\Console\\Application->doRun(Object(Symfony\\Component\\Console\\Input\\ArgvInput), Object(Symfony\\Component\\Console\\Output\\ConsoleOutput))
#31 C:\\shuriza\\rekap\\rekap\\vendor\\laravel\\framework\\src\\Illuminate\\Foundation\\Console\\Kernel.php(197): Symfony\\Component\\Console\\Application->run(Object(Symfony\\Component\\Console\\Input\\ArgvInput), Object(Symfony\\Component\\Console\\Output\\ConsoleOutput))
#32 C:\\shuriza\\rekap\\rekap\\vendor\\laravel\\framework\\src\\Illuminate\\Foundation\\Application.php(1234): Illuminate\\Foundation\\Console\\Kernel->handle(Object(Symfony\\Component\\Console\\Input\\ArgvInput), Object(Symfony\\Component\\Console\\Output\\ConsoleOutput))
#33 C:\\shuriza\\rekap\\rekap\\artisan(16): Illuminate\\Foundation\\Application->handleCommand(Object(Symfony\\Component\\Console\\Input\\ArgvInput))
#34 {main}

[previous exception] [object] (PDOException(code: HY000): SQLSTATE[HY000]: General error: 1824 Failed to open the referenced table 'pegawai' at C:\\shuriza\\rekap\\rekap\\vendor\\laravel\\framework\\src\\Illuminate\\Database\\Connection.php:568)
[stacktrace]
#0 C:\\shuriza\\rekap\\rekap\\vendor\\laravel\\framework\\src\\Illuminate\\Database\\Connection.php(568): PDOStatement->execute()
#1 C:\\shuriza\\rekap\\rekap\\vendor\\laravel\\framework\\src\\Illuminate\\Database\\Connection.php(809): Illuminate\\Database\\Connection->Illuminate\\Database\\{closure}('alter table `iz...', Array)
#2 C:\\shuriza\\rekap\\rekap\\vendor\\laravel\\framework\\src\\Illuminate\\Database\\Connection.php(776): Illuminate\\Database\\Connection->runQueryCallback('alter table `iz...', Array, Object(Closure))
#3 C:\\shuriza\\rekap\\rekap\\vendor\\laravel\\framework\\src\\Illuminate\\Database\\Connection.php(557): Illuminate\\Database\\Connection->run('alter table `iz...', Array, Object(Closure))
#4 C:\\shuriza\\rekap\\rekap\\vendor\\laravel\\framework\\src\\Illuminate\\Database\\Schema\\Blueprint.php(119): Illuminate\\Database\\Connection->statement('alter table `iz...')
#5 C:\\shuriza\\rekap\\rekap\\vendor\\laravel\\framework\\src\\Illuminate\\Database\\Schema\\Builder.php(618): Illuminate\\Database\\Schema\\Blueprint->build()
#6 C:\\shuriza\\rekap\\rekap\\vendor\\laravel\\framework\\src\\Illuminate\\Database\\Schema\\Builder.php(472): Illuminate\\Database\\Schema\\Builder->build(Object(Illuminate\\Database\\Schema\\Blueprint))
#7 C:\\shuriza\\rekap\\rekap\\vendor\\laravel\\framework\\src\\Illuminate\\Support\\Facades\\Facade.php(361): Illuminate\\Database\\Schema\\Builder->create('izin_presensi', Object(Closure))
#8 C:\\shuriza\\rekap\\rekap\\database\\migrations\\2025_07_04_060603_create_izin_presensi_table.php(11): Illuminate\\Support\\Facades\\Facade::__callStatic('create', Array)
#9 C:\\shuriza\\rekap\\rekap\\vendor\\laravel\\framework\\src\\Illuminate\\Database\\Migrations\\Migrator.php(514): CreateIzinPresensiTable->up()
#10 C:\\shuriza\\rekap\\rekap\\vendor\\laravel\\framework\\src\\Illuminate\\Database\\Migrations\\Migrator.php(439): Illuminate\\Database\\Migrations\\Migrator->runMethod(Object(Illuminate\\Database\\MySqlConnection), Object(CreateIzinPresensiTable), 'up')
#11 C:\\shuriza\\rekap\\rekap\\vendor\\laravel\\framework\\src\\Illuminate\\Database\\Migrations\\Migrator.php(448): Illuminate\\Database\\Migrations\\Migrator->Illuminate\\Database\\Migrations\\{closure}()
#12 C:\\shuriza\\rekap\\rekap\\vendor\\laravel\\framework\\src\\Illuminate\\Database\\Migrations\\Migrator.php(250): Illuminate\\Database\\Migrations\\Migrator->runMigration(Object(CreateIzinPresensiTable), 'up')
#13 C:\\shuriza\\rekap\\rekap\\vendor\\laravel\\framework\\src\\Illuminate\\Console\\View\\Components\\Task.php(41): Illuminate\\Database\\Migrations\\Migrator->Illuminate\\Database\\Migrations\\{closure}()
#14 C:\\shuriza\\rekap\\rekap\\vendor\\laravel\\framework\\src\\Illuminate\\Database\\Migrations\\Migrator.php(805): Illuminate\\Console\\View\\Components\\Task->render('2025_07_04_0606...', Object(Closure))
#15 C:\\shuriza\\rekap\\rekap\\vendor\\laravel\\framework\\src\\Illuminate\\Database\\Migrations\\Migrator.php(250): Illuminate\\Database\\Migrations\\Migrator->write('Illuminate\\\\Cons...', '2025_07_04_0606...', Object(Closure))
#16 C:\\shuriza\\rekap\\rekap\\vendor\\laravel\\framework\\src\\Illuminate\\Database\\Migrations\\Migrator.php(210): Illuminate\\Database\\Migrations\\Migrator->runUp('C:\\\\shuriza\\\\reka...', 4, false)
#17 C:\\shuriza\\rekap\\rekap\\vendor\\laravel\\framework\\src\\Illuminate\\Database\\Migrations\\Migrator.php(137): Illuminate\\Database\\Migrations\\Migrator->runPending(Array, Array)
#18 C:\\shuriza\\rekap\\rekap\\vendor\\laravel\\framework\\src\\Illuminate\\Database\\Console\\Migrations\\MigrateCommand.php(116): Illuminate\\Database\\Migrations\\Migrator->run(Array, Array)
#19 C:\\shuriza\\rekap\\rekap\\vendor\\laravel\\framework\\src\\Illuminate\\Database\\Migrations\\Migrator.php(665): Illuminate\\Database\\Console\\Migrations\\MigrateCommand->Illuminate\\Database\\Console\\Migrations\\{closure}()
#20 C:\\shuriza\\rekap\\rekap\\vendor\\laravel\\framework\\src\\Illuminate\\Database\\Console\\Migrations\\MigrateCommand.php(109): Illuminate\\Database\\Migrations\\Migrator->usingConnection(NULL, Object(Closure))
#21 C:\\shuriza\\rekap\\rekap\\vendor\\laravel\\framework\\src\\Illuminate\\Database\\Console\\Migrations\\MigrateCommand.php(88): Illuminate\\Database\\Console\\Migrations\\MigrateCommand->runMigrations()
#22 C:\\shuriza\\rekap\\rekap\\vendor\\laravel\\framework\\src\\Illuminate\\Container\\BoundMethod.php(36): Illuminate\\Database\\Console\\Migrations\\MigrateCommand->handle()
#23 C:\\shuriza\\rekap\\rekap\\vendor\\laravel\\framework\\src\\Illuminate\\Container\\Util.php(43): Illuminate\\Container\\BoundMethod::Illuminate\\Container\\{closure}()
#24 C:\\shuriza\\rekap\\rekap\\vendor\\laravel\\framework\\src\\Illuminate\\Container\\BoundMethod.php(96): Illuminate\\Container\\Util::unwrapIfClosure(Object(Closure))
#25 C:\\shuriza\\rekap\\rekap\\vendor\\laravel\\framework\\src\\Illuminate\\Container\\BoundMethod.php(35): Illuminate\\Container\\BoundMethod::callBoundMethod(Object(Illuminate\\Foundation\\Application), Array, Object(Closure))
#26 C:\\shuriza\\rekap\\rekap\\vendor\\laravel\\framework\\src\\Illuminate\\Container\\Container.php(754): Illuminate\\Container\\BoundMethod::call(Object(Illuminate\\Foundation\\Application), Array, Array, NULL)
#27 C:\\shuriza\\rekap\\rekap\\vendor\\laravel\\framework\\src\\Illuminate\\Console\\Command.php(211): Illuminate\\Container\\Container->call(Array)
#28 C:\\shuriza\\rekap\\rekap\\vendor\\symfony\\console\\Command\\Command.php(279): Illuminate\\Console\\Command->execute(Object(Symfony\\Component\\Console\\Input\\ArgvInput), Object(Illuminate\\Console\\OutputStyle))
#29 C:\\shuriza\\rekap\\rekap\\vendor\\laravel\\framework\\src\\Illuminate\\Console\\Command.php(180): Symfony\\Component\\Console\\Command\\Command->run(Object(Symfony\\Component\\Console\\Input\\ArgvInput), Object(Illuminate\\Console\\OutputStyle))
#30 C:\\shuriza\\rekap\\rekap\\vendor\\symfony\\console\\Application.php(1094): Illuminate\\Console\\Command->run(Object(Symfony\\Component\\Console\\Input\\ArgvInput), Object(Symfony\\Component\\Console\\Output\\ConsoleOutput))
#31 C:\\shuriza\\rekap\\rekap\\vendor\\symfony\\console\\Application.php(342): Symfony\\Component\\Console\\Application->doRunCommand(Object(Illuminate\\Database\\Console\\Migrations\\MigrateCommand), Object(Symfony\\Component\\Console\\Input\\ArgvInput), Object(Symfony\\Component\\Console\\Output\\ConsoleOutput))
#32 C:\\shuriza\\rekap\\rekap\\vendor\\symfony\\console\\Application.php(193): Symfony\\Component\\Console\\Application->doRun(Object(Symfony\\Component\\Console\\Input\\ArgvInput), Object(Symfony\\Component\\Console\\Output\\ConsoleOutput))
#33 C:\\shuriza\\rekap\\rekap\\vendor\\laravel\\framework\\src\\Illuminate\\Foundation\\Console\\Kernel.php(197): Symfony\\Component\\Console\\Application->run(Object(Symfony\\Component\\Console\\Input\\ArgvInput), Object(Symfony\\Component\\Console\\Output\\ConsoleOutput))
#34 C:\\shuriza\\rekap\\rekap\\vendor\\laravel\\framework\\src\\Illuminate\\Foundation\\Application.php(1234): Illuminate\\Foundation\\Console\\Kernel->handle(Object(Symfony\\Component\\Console\\Input\\ArgvInput), Object(Symfony\\Component\\Console\\Output\\ConsoleOutput))
#35 C:\\shuriza\\rekap\\rekap\\artisan(16): Illuminate\\Foundation\\Application->handleCommand(Object(Symfony\\Component\\Console\\Input\\ArgvInput))
#36 {main}
"} 
[2025-07-04 06:10:08] local.ERROR: SQLSTATE[HY000]: General error: 1824 Failed to open the referenced table 'karyawans' (Connection: mysql, SQL: alter table `absensi` add constraint `absensi_karyawan_id_foreign` foreign key (`karyawan_id`) references `karyawans` (`id`) on delete cascade) {"exception":"[object] (Illuminate\\Database\\QueryException(code: HY000): SQLSTATE[HY000]: General error: 1824 Failed to open the referenced table 'karyawans' (Connection: mysql, SQL: alter table `absensi` add constraint `absensi_karyawan_id_foreign` foreign key (`karyawan_id`) references `karyawans` (`id`) on delete cascade) at C:\\shuriza\\rekap\\rekap\\vendor\\laravel\\framework\\src\\Illuminate\\Database\\Connection.php:822)
[stacktrace]
#0 C:\\shuriza\\rekap\\rekap\\vendor\\laravel\\framework\\src\\Illuminate\\Database\\Connection.php(776): Illuminate\\Database\\Connection->runQueryCallback('alter table `ab...', Array, Object(Closure))
#1 C:\\shuriza\\rekap\\rekap\\vendor\\laravel\\framework\\src\\Illuminate\\Database\\Connection.php(557): Illuminate\\Database\\Connection->run('alter table `ab...', Array, Object(Closure))
#2 C:\\shuriza\\rekap\\rekap\\vendor\\laravel\\framework\\src\\Illuminate\\Database\\Schema\\Blueprint.php(119): Illuminate\\Database\\Connection->statement('alter table `ab...')
#3 C:\\shuriza\\rekap\\rekap\\vendor\\laravel\\framework\\src\\Illuminate\\Database\\Schema\\Builder.php(618): Illuminate\\Database\\Schema\\Blueprint->build()
#4 C:\\shuriza\\rekap\\rekap\\vendor\\laravel\\framework\\src\\Illuminate\\Database\\Schema\\Builder.php(472): Illuminate\\Database\\Schema\\Builder->build(Object(Illuminate\\Database\\Schema\\Blueprint))
#5 C:\\shuriza\\rekap\\rekap\\vendor\\laravel\\framework\\src\\Illuminate\\Support\\Facades\\Facade.php(361): Illuminate\\Database\\Schema\\Builder->create('absensi', Object(Closure))
#6 C:\\shuriza\\rekap\\rekap\\database\\migrations\\2025_07_01_024455_create_absensis_table.php(14): Illuminate\\Support\\Facades\\Facade::__callStatic('create', Array)
#7 C:\\shuriza\\rekap\\rekap\\vendor\\laravel\\framework\\src\\Illuminate\\Database\\Migrations\\Migrator.php(514): Illuminate\\Database\\Migrations\\Migration@anonymous->up()
#8 C:\\shuriza\\rekap\\rekap\\vendor\\laravel\\framework\\src\\Illuminate\\Database\\Migrations\\Migrator.php(439): Illuminate\\Database\\Migrations\\Migrator->runMethod(Object(Illuminate\\Database\\MySqlConnection), Object(Illuminate\\Database\\Migrations\\Migration@anonymous), 'up')
#9 C:\\shuriza\\rekap\\rekap\\vendor\\laravel\\framework\\src\\Illuminate\\Database\\Migrations\\Migrator.php(448): Illuminate\\Database\\Migrations\\Migrator->Illuminate\\Database\\Migrations\\{closure}()
#10 C:\\shuriza\\rekap\\rekap\\vendor\\laravel\\framework\\src\\Illuminate\\Database\\Migrations\\Migrator.php(250): Illuminate\\Database\\Migrations\\Migrator->runMigration(Object(Illuminate\\Database\\Migrations\\Migration@anonymous), 'up')
#11 C:\\shuriza\\rekap\\rekap\\vendor\\laravel\\framework\\src\\Illuminate\\Console\\View\\Components\\Task.php(41): Illuminate\\Database\\Migrations\\Migrator->Illuminate\\Database\\Migrations\\{closure}()
#12 C:\\shuriza\\rekap\\rekap\\vendor\\laravel\\framework\\src\\Illuminate\\Database\\Migrations\\Migrator.php(805): Illuminate\\Console\\View\\Components\\Task->render('2025_07_01_0244...', Object(Closure))
#13 C:\\shuriza\\rekap\\rekap\\vendor\\laravel\\framework\\src\\Illuminate\\Database\\Migrations\\Migrator.php(250): Illuminate\\Database\\Migrations\\Migrator->write('Illuminate\\\\Cons...', '2025_07_01_0244...', Object(Closure))
#14 C:\\shuriza\\rekap\\rekap\\vendor\\laravel\\framework\\src\\Illuminate\\Database\\Migrations\\Migrator.php(210): Illuminate\\Database\\Migrations\\Migrator->runUp('C:\\\\shuriza\\\\reka...', 1, false)
#15 C:\\shuriza\\rekap\\rekap\\vendor\\laravel\\framework\\src\\Illuminate\\Database\\Migrations\\Migrator.php(137): Illuminate\\Database\\Migrations\\Migrator->runPending(Array, Array)
#16 C:\\shuriza\\rekap\\rekap\\vendor\\laravel\\framework\\src\\Illuminate\\Database\\Console\\Migrations\\MigrateCommand.php(116): Illuminate\\Database\\Migrations\\Migrator->run(Array, Array)
#17 C:\\shuriza\\rekap\\rekap\\vendor\\laravel\\framework\\src\\Illuminate\\Database\\Migrations\\Migrator.php(665): Illuminate\\Database\\Console\\Migrations\\MigrateCommand->Illuminate\\Database\\Console\\Migrations\\{closure}()
#18 C:\\shuriza\\rekap\\rekap\\vendor\\laravel\\framework\\src\\Illuminate\\Database\\Console\\Migrations\\MigrateCommand.php(109): Illuminate\\Database\\Migrations\\Migrator->usingConnection(NULL, Object(Closure))
#19 C:\\shuriza\\rekap\\rekap\\vendor\\laravel\\framework\\src\\Illuminate\\Database\\Console\\Migrations\\MigrateCommand.php(88): Illuminate\\Database\\Console\\Migrations\\MigrateCommand->runMigrations()
#20 C:\\shuriza\\rekap\\rekap\\vendor\\laravel\\framework\\src\\Illuminate\\Container\\BoundMethod.php(36): Illuminate\\Database\\Console\\Migrations\\MigrateCommand->handle()
#21 C:\\shuriza\\rekap\\rekap\\vendor\\laravel\\framework\\src\\Illuminate\\Container\\Util.php(43): Illuminate\\Container\\BoundMethod::Illuminate\\Container\\{closure}()
#22 C:\\shuriza\\rekap\\rekap\\vendor\\laravel\\framework\\src\\Illuminate\\Container\\BoundMethod.php(96): Illuminate\\Container\\Util::unwrapIfClosure(Object(Closure))
#23 C:\\shuriza\\rekap\\rekap\\vendor\\laravel\\framework\\src\\Illuminate\\Container\\BoundMethod.php(35): Illuminate\\Container\\BoundMethod::callBoundMethod(Object(Illuminate\\Foundation\\Application), Array, Object(Closure))
#24 C:\\shuriza\\rekap\\rekap\\vendor\\laravel\\framework\\src\\Illuminate\\Container\\Container.php(754): Illuminate\\Container\\BoundMethod::call(Object(Illuminate\\Foundation\\Application), Array, Array, NULL)
#25 C:\\shuriza\\rekap\\rekap\\vendor\\laravel\\framework\\src\\Illuminate\\Console\\Command.php(211): Illuminate\\Container\\Container->call(Array)
#26 C:\\shuriza\\rekap\\rekap\\vendor\\symfony\\console\\Command\\Command.php(279): Illuminate\\Console\\Command->execute(Object(Symfony\\Component\\Console\\Input\\ArrayInput), Object(Illuminate\\Console\\OutputStyle))
#27 C:\\shuriza\\rekap\\rekap\\vendor\\laravel\\framework\\src\\Illuminate\\Console\\Command.php(180): Symfony\\Component\\Console\\Command\\Command->run(Object(Symfony\\Component\\Console\\Input\\ArrayInput), Object(Illuminate\\Console\\OutputStyle))
#28 C:\\shuriza\\rekap\\rekap\\vendor\\laravel\\framework\\src\\Illuminate\\Console\\Concerns\\CallsCommands.php(68): Illuminate\\Console\\Command->run(Object(Symfony\\Component\\Console\\Input\\ArrayInput), Object(Illuminate\\Console\\OutputStyle))
#29 C:\\shuriza\\rekap\\rekap\\vendor\\laravel\\framework\\src\\Illuminate\\Console\\Concerns\\CallsCommands.php(29): Illuminate\\Console\\Command->runCommand('migrate', Array, Object(Illuminate\\Console\\OutputStyle))
#30 C:\\shuriza\\rekap\\rekap\\vendor\\laravel\\framework\\src\\Illuminate\\Database\\Console\\Migrations\\FreshCommand.php(81): Illuminate\\Console\\Command->call('migrate', Array)
#31 C:\\shuriza\\rekap\\rekap\\vendor\\laravel\\framework\\src\\Illuminate\\Container\\BoundMethod.php(36): Illuminate\\Database\\Console\\Migrations\\FreshCommand->handle()
#32 C:\\shuriza\\rekap\\rekap\\vendor\\laravel\\framework\\src\\Illuminate\\Container\\Util.php(43): Illuminate\\Container\\BoundMethod::Illuminate\\Container\\{closure}()
#33 C:\\shuriza\\rekap\\rekap\\vendor\\laravel\\framework\\src\\Illuminate\\Container\\BoundMethod.php(96): Illuminate\\Container\\Util::unwrapIfClosure(Object(Closure))
#34 C:\\shuriza\\rekap\\rekap\\vendor\\laravel\\framework\\src\\Illuminate\\Container\\BoundMethod.php(35): Illuminate\\Container\\BoundMethod::callBoundMethod(Object(Illuminate\\Foundation\\Application), Array, Object(Closure))
#35 C:\\shuriza\\rekap\\rekap\\vendor\\laravel\\framework\\src\\Illuminate\\Container\\Container.php(754): Illuminate\\Container\\BoundMethod::call(Object(Illuminate\\Foundation\\Application), Array, Array, NULL)
#36 C:\\shuriza\\rekap\\rekap\\vendor\\laravel\\framework\\src\\Illuminate\\Console\\Command.php(211): Illuminate\\Container\\Container->call(Array)
#37 C:\\shuriza\\rekap\\rekap\\vendor\\symfony\\console\\Command\\Command.php(279): Illuminate\\Console\\Command->execute(Object(Symfony\\Component\\Console\\Input\\ArgvInput), Object(Illuminate\\Console\\OutputStyle))
#38 C:\\shuriza\\rekap\\rekap\\vendor\\laravel\\framework\\src\\Illuminate\\Console\\Command.php(180): Symfony\\Component\\Console\\Command\\Command->run(Object(Symfony\\Component\\Console\\Input\\ArgvInput), Object(Illuminate\\Console\\OutputStyle))
#39 C:\\shuriza\\rekap\\rekap\\vendor\\symfony\\console\\Application.php(1094): Illuminate\\Console\\Command->run(Object(Symfony\\Component\\Console\\Input\\ArgvInput), Object(Symfony\\Component\\Console\\Output\\ConsoleOutput))
#40 C:\\shuriza\\rekap\\rekap\\vendor\\symfony\\console\\Application.php(342): Symfony\\Component\\Console\\Application->doRunCommand(Object(Illuminate\\Database\\Console\\Migrations\\FreshCommand), Object(Symfony\\Component\\Console\\Input\\ArgvInput), Object(Symfony\\Component\\Console\\Output\\ConsoleOutput))
#41 C:\\shuriza\\rekap\\rekap\\vendor\\symfony\\console\\Application.php(193): Symfony\\Component\\Console\\Application->doRun(Object(Symfony\\Component\\Console\\Input\\ArgvInput), Object(Symfony\\Component\\Console\\Output\\ConsoleOutput))
#42 C:\\shuriza\\rekap\\rekap\\vendor\\laravel\\framework\\src\\Illuminate\\Foundation\\Console\\Kernel.php(197): Symfony\\Component\\Console\\Application->run(Object(Symfony\\Component\\Console\\Input\\ArgvInput), Object(Symfony\\Component\\Console\\Output\\ConsoleOutput))
#43 C:\\shuriza\\rekap\\rekap\\vendor\\laravel\\framework\\src\\Illuminate\\Foundation\\Application.php(1234): Illuminate\\Foundation\\Console\\Kernel->handle(Object(Symfony\\Component\\Console\\Input\\ArgvInput), Object(Symfony\\Component\\Console\\Output\\ConsoleOutput))
#44 C:\\shuriza\\rekap\\rekap\\artisan(16): Illuminate\\Foundation\\Application->handleCommand(Object(Symfony\\Component\\Console\\Input\\ArgvInput))
#45 {main}

[previous exception] [object] (PDOException(code: HY000): SQLSTATE[HY000]: General error: 1824 Failed to open the referenced table 'karyawans' at C:\\shuriza\\rekap\\rekap\\vendor\\laravel\\framework\\src\\Illuminate\\Database\\Connection.php:568)
[stacktrace]
#0 C:\\shuriza\\rekap\\rekap\\vendor\\laravel\\framework\\src\\Illuminate\\Database\\Connection.php(568): PDOStatement->execute()
#1 C:\\shuriza\\rekap\\rekap\\vendor\\laravel\\framework\\src\\Illuminate\\Database\\Connection.php(809): Illuminate\\Database\\Connection->Illuminate\\Database\\{closure}('alter table `ab...', Array)
#2 C:\\shuriza\\rekap\\rekap\\vendor\\laravel\\framework\\src\\Illuminate\\Database\\Connection.php(776): Illuminate\\Database\\Connection->runQueryCallback('alter table `ab...', Array, Object(Closure))
#3 C:\\shuriza\\rekap\\rekap\\vendor\\laravel\\framework\\src\\Illuminate\\Database\\Connection.php(557): Illuminate\\Database\\Connection->run('alter table `ab...', Array, Object(Closure))
#4 C:\\shuriza\\rekap\\rekap\\vendor\\laravel\\framework\\src\\Illuminate\\Database\\Schema\\Blueprint.php(119): Illuminate\\Database\\Connection->statement('alter table `ab...')
#5 C:\\shuriza\\rekap\\rekap\\vendor\\laravel\\framework\\src\\Illuminate\\Database\\Schema\\Builder.php(618): Illuminate\\Database\\Schema\\Blueprint->build()
#6 C:\\shuriza\\rekap\\rekap\\vendor\\laravel\\framework\\src\\Illuminate\\Database\\Schema\\Builder.php(472): Illuminate\\Database\\Schema\\Builder->build(Object(Illuminate\\Database\\Schema\\Blueprint))
#7 C:\\shuriza\\rekap\\rekap\\vendor\\laravel\\framework\\src\\Illuminate\\Support\\Facades\\Facade.php(361): Illuminate\\Database\\Schema\\Builder->create('absensi', Object(Closure))
#8 C:\\shuriza\\rekap\\rekap\\database\\migrations\\2025_07_01_024455_create_absensis_table.php(14): Illuminate\\Support\\Facades\\Facade::__callStatic('create', Array)
#9 C:\\shuriza\\rekap\\rekap\\vendor\\laravel\\framework\\src\\Illuminate\\Database\\Migrations\\Migrator.php(514): Illuminate\\Database\\Migrations\\Migration@anonymous->up()
#10 C:\\shuriza\\rekap\\rekap\\vendor\\laravel\\framework\\src\\Illuminate\\Database\\Migrations\\Migrator.php(439): Illuminate\\Database\\Migrations\\Migrator->runMethod(Object(Illuminate\\Database\\MySqlConnection), Object(Illuminate\\Database\\Migrations\\Migration@anonymous), 'up')
#11 C:\\shuriza\\rekap\\rekap\\vendor\\laravel\\framework\\src\\Illuminate\\Database\\Migrations\\Migrator.php(448): Illuminate\\Database\\Migrations\\Migrator->Illuminate\\Database\\Migrations\\{closure}()
#12 C:\\shuriza\\rekap\\rekap\\vendor\\laravel\\framework\\src\\Illuminate\\Database\\Migrations\\Migrator.php(250): Illuminate\\Database\\Migrations\\Migrator->runMigration(Object(Illuminate\\Database\\Migrations\\Migration@anonymous), 'up')
#13 C:\\shuriza\\rekap\\rekap\\vendor\\laravel\\framework\\src\\Illuminate\\Console\\View\\Components\\Task.php(41): Illuminate\\Database\\Migrations\\Migrator->Illuminate\\Database\\Migrations\\{closure}()
#14 C:\\shuriza\\rekap\\rekap\\vendor\\laravel\\framework\\src\\Illuminate\\Database\\Migrations\\Migrator.php(805): Illuminate\\Console\\View\\Components\\Task->render('2025_07_01_0244...', Object(Closure))
#15 C:\\shuriza\\rekap\\rekap\\vendor\\laravel\\framework\\src\\Illuminate\\Database\\Migrations\\Migrator.php(250): Illuminate\\Database\\Migrations\\Migrator->write('Illuminate\\\\Cons...', '2025_07_01_0244...', Object(Closure))
#16 C:\\shuriza\\rekap\\rekap\\vendor\\laravel\\framework\\src\\Illuminate\\Database\\Migrations\\Migrator.php(210): Illuminate\\Database\\Migrations\\Migrator->runUp('C:\\\\shuriza\\\\reka...', 1, false)
#17 C:\\shuriza\\rekap\\rekap\\vendor\\laravel\\framework\\src\\Illuminate\\Database\\Migrations\\Migrator.php(137): Illuminate\\Database\\Migrations\\Migrator->runPending(Array, Array)
#18 C:\\shuriza\\rekap\\rekap\\vendor\\laravel\\framework\\src\\Illuminate\\Database\\Console\\Migrations\\MigrateCommand.php(116): Illuminate\\Database\\Migrations\\Migrator->run(Array, Array)
#19 C:\\shuriza\\rekap\\rekap\\vendor\\laravel\\framework\\src\\Illuminate\\Database\\Migrations\\Migrator.php(665): Illuminate\\Database\\Console\\Migrations\\MigrateCommand->Illuminate\\Database\\Console\\Migrations\\{closure}()
#20 C:\\shuriza\\rekap\\rekap\\vendor\\laravel\\framework\\src\\Illuminate\\Database\\Console\\Migrations\\MigrateCommand.php(109): Illuminate\\Database\\Migrations\\Migrator->usingConnection(NULL, Object(Closure))
#21 C:\\shuriza\\rekap\\rekap\\vendor\\laravel\\framework\\src\\Illuminate\\Database\\Console\\Migrations\\MigrateCommand.php(88): Illuminate\\Database\\Console\\Migrations\\MigrateCommand->runMigrations()
#22 C:\\shuriza\\rekap\\rekap\\vendor\\laravel\\framework\\src\\Illuminate\\Container\\BoundMethod.php(36): Illuminate\\Database\\Console\\Migrations\\MigrateCommand->handle()
#23 C:\\shuriza\\rekap\\rekap\\vendor\\laravel\\framework\\src\\Illuminate\\Container\\Util.php(43): Illuminate\\Container\\BoundMethod::Illuminate\\Container\\{closure}()
#24 C:\\shuriza\\rekap\\rekap\\vendor\\laravel\\framework\\src\\Illuminate\\Container\\BoundMethod.php(96): Illuminate\\Container\\Util::unwrapIfClosure(Object(Closure))
#25 C:\\shuriza\\rekap\\rekap\\vendor\\laravel\\framework\\src\\Illuminate\\Container\\BoundMethod.php(35): Illuminate\\Container\\BoundMethod::callBoundMethod(Object(Illuminate\\Foundation\\Application), Array, Object(Closure))
#26 C:\\shuriza\\rekap\\rekap\\vendor\\laravel\\framework\\src\\Illuminate\\Container\\Container.php(754): Illuminate\\Container\\BoundMethod::call(Object(Illuminate\\Foundation\\Application), Array, Array, NULL)
#27 C:\\shuriza\\rekap\\rekap\\vendor\\laravel\\framework\\src\\Illuminate\\Console\\Command.php(211): Illuminate\\Container\\Container->call(Array)
#28 C:\\shuriza\\rekap\\rekap\\vendor\\symfony\\console\\Command\\Command.php(279): Illuminate\\Console\\Command->execute(Object(Symfony\\Component\\Console\\Input\\ArrayInput), Object(Illuminate\\Console\\OutputStyle))
#29 C:\\shuriza\\rekap\\rekap\\vendor\\laravel\\framework\\src\\Illuminate\\Console\\Command.php(180): Symfony\\Component\\Console\\Command\\Command->run(Object(Symfony\\Component\\Console\\Input\\ArrayInput), Object(Illuminate\\Console\\OutputStyle))
#30 C:\\shuriza\\rekap\\rekap\\vendor\\laravel\\framework\\src\\Illuminate\\Console\\Concerns\\CallsCommands.php(68): Illuminate\\Console\\Command->run(Object(Symfony\\Component\\Console\\Input\\ArrayInput), Object(Illuminate\\Console\\OutputStyle))
#31 C:\\shuriza\\rekap\\rekap\\vendor\\laravel\\framework\\src\\Illuminate\\Console\\Concerns\\CallsCommands.php(29): Illuminate\\Console\\Command->runCommand('migrate', Array, Object(Illuminate\\Console\\OutputStyle))
#32 C:\\shuriza\\rekap\\rekap\\vendor\\laravel\\framework\\src\\Illuminate\\Database\\Console\\Migrations\\FreshCommand.php(81): Illuminate\\Console\\Command->call('migrate', Array)
#33 C:\\shuriza\\rekap\\rekap\\vendor\\laravel\\framework\\src\\Illuminate\\Container\\BoundMethod.php(36): Illuminate\\Database\\Console\\Migrations\\FreshCommand->handle()
#34 C:\\shuriza\\rekap\\rekap\\vendor\\laravel\\framework\\src\\Illuminate\\Container\\Util.php(43): Illuminate\\Container\\BoundMethod::Illuminate\\Container\\{closure}()
#35 C:\\shuriza\\rekap\\rekap\\vendor\\laravel\\framework\\src\\Illuminate\\Container\\BoundMethod.php(96): Illuminate\\Container\\Util::unwrapIfClosure(Object(Closure))
#36 C:\\shuriza\\rekap\\rekap\\vendor\\laravel\\framework\\src\\Illuminate\\Container\\BoundMethod.php(35): Illuminate\\Container\\BoundMethod::callBoundMethod(Object(Illuminate\\Foundation\\Application), Array, Object(Closure))
#37 C:\\shuriza\\rekap\\rekap\\vendor\\laravel\\framework\\src\\Illuminate\\Container\\Container.php(754): Illuminate\\Container\\BoundMethod::call(Object(Illuminate\\Foundation\\Application), Array, Array, NULL)
#38 C:\\shuriza\\rekap\\rekap\\vendor\\laravel\\framework\\src\\Illuminate\\Console\\Command.php(211): Illuminate\\Container\\Container->call(Array)
#39 C:\\shuriza\\rekap\\rekap\\vendor\\symfony\\console\\Command\\Command.php(279): Illuminate\\Console\\Command->execute(Object(Symfony\\Component\\Console\\Input\\ArgvInput), Object(Illuminate\\Console\\OutputStyle))
#40 C:\\shuriza\\rekap\\rekap\\vendor\\laravel\\framework\\src\\Illuminate\\Console\\Command.php(180): Symfony\\Component\\Console\\Command\\Command->run(Object(Symfony\\Component\\Console\\Input\\ArgvInput), Object(Illuminate\\Console\\OutputStyle))
#41 C:\\shuriza\\rekap\\rekap\\vendor\\symfony\\console\\Application.php(1094): Illuminate\\Console\\Command->run(Object(Symfony\\Component\\Console\\Input\\ArgvInput), Object(Symfony\\Component\\Console\\Output\\ConsoleOutput))
#42 C:\\shuriza\\rekap\\rekap\\vendor\\symfony\\console\\Application.php(342): Symfony\\Component\\Console\\Application->doRunCommand(Object(Illuminate\\Database\\Console\\Migrations\\FreshCommand), Object(Symfony\\Component\\Console\\Input\\ArgvInput), Object(Symfony\\Component\\Console\\Output\\ConsoleOutput))
#43 C:\\shuriza\\rekap\\rekap\\vendor\\symfony\\console\\Application.php(193): Symfony\\Component\\Console\\Application->doRun(Object(Symfony\\Component\\Console\\Input\\ArgvInput), Object(Symfony\\Component\\Console\\Output\\ConsoleOutput))
#44 C:\\shuriza\\rekap\\rekap\\vendor\\laravel\\framework\\src\\Illuminate\\Foundation\\Console\\Kernel.php(197): Symfony\\Component\\Console\\Application->run(Object(Symfony\\Component\\Console\\Input\\ArgvInput), Object(Symfony\\Component\\Console\\Output\\ConsoleOutput))
#45 C:\\shuriza\\rekap\\rekap\\vendor\\laravel\\framework\\src\\Illuminate\\Foundation\\Application.php(1234): Illuminate\\Foundation\\Console\\Kernel->handle(Object(Symfony\\Component\\Console\\Input\\ArgvInput), Object(Symfony\\Component\\Console\\Output\\ConsoleOutput))
#46 C:\\shuriza\\rekap\\rekap\\artisan(16): Illuminate\\Foundation\\Application->handleCommand(Object(Symfony\\Component\\Console\\Input\\ArgvInput))
#47 {main}
"} 
[2025-07-04 06:10:53] local.ERROR: SQLSTATE[42S01]: Base table or view already exists: 1050 Table 'absensi' already exists (Connection: mysql, SQL: create table `absensi` (`id` bigint unsigned not null auto_increment primary key, `karyawan_id` bigint unsigned not null, `tanggal` date not null, `jam_masuk` time not null, `jam_pulang` time null, `created_at` timestamp null, `updated_at` timestamp null) default character set utf8mb4 collate 'utf8mb4_unicode_ci') {"exception":"[object] (Illuminate\\Database\\QueryException(code: 42S01): SQLSTATE[42S01]: Base table or view already exists: 1050 Table 'absensi' already exists (Connection: mysql, SQL: create table `absensi` (`id` bigint unsigned not null auto_increment primary key, `karyawan_id` bigint unsigned not null, `tanggal` date not null, `jam_masuk` time not null, `jam_pulang` time null, `created_at` timestamp null, `updated_at` timestamp null) default character set utf8mb4 collate 'utf8mb4_unicode_ci') at C:\\shuriza\\rekap\\rekap\\vendor\\laravel\\framework\\src\\Illuminate\\Database\\Connection.php:822)
[stacktrace]
#0 C:\\shuriza\\rekap\\rekap\\vendor\\laravel\\framework\\src\\Illuminate\\Database\\Connection.php(776): Illuminate\\Database\\Connection->runQueryCallback('create table `a...', Array, Object(Closure))
#1 C:\\shuriza\\rekap\\rekap\\vendor\\laravel\\framework\\src\\Illuminate\\Database\\Connection.php(557): Illuminate\\Database\\Connection->run('create table `a...', Array, Object(Closure))
#2 C:\\shuriza\\rekap\\rekap\\vendor\\laravel\\framework\\src\\Illuminate\\Database\\Schema\\Blueprint.php(119): Illuminate\\Database\\Connection->statement('create table `a...')
#3 C:\\shuriza\\rekap\\rekap\\vendor\\laravel\\framework\\src\\Illuminate\\Database\\Schema\\Builder.php(618): Illuminate\\Database\\Schema\\Blueprint->build()
#4 C:\\shuriza\\rekap\\rekap\\vendor\\laravel\\framework\\src\\Illuminate\\Database\\Schema\\Builder.php(472): Illuminate\\Database\\Schema\\Builder->build(Object(Illuminate\\Database\\Schema\\Blueprint))
#5 C:\\shuriza\\rekap\\rekap\\vendor\\laravel\\framework\\src\\Illuminate\\Support\\Facades\\Facade.php(361): Illuminate\\Database\\Schema\\Builder->create('absensi', Object(Closure))
#6 C:\\shuriza\\rekap\\rekap\\database\\migrations\\2025_07_01_024455_create_absensis_table.php(14): Illuminate\\Support\\Facades\\Facade::__callStatic('create', Array)
#7 C:\\shuriza\\rekap\\rekap\\vendor\\laravel\\framework\\src\\Illuminate\\Database\\Migrations\\Migrator.php(514): Illuminate\\Database\\Migrations\\Migration@anonymous->up()
#8 C:\\shuriza\\rekap\\rekap\\vendor\\laravel\\framework\\src\\Illuminate\\Database\\Migrations\\Migrator.php(439): Illuminate\\Database\\Migrations\\Migrator->runMethod(Object(Illuminate\\Database\\MySqlConnection), Object(Illuminate\\Database\\Migrations\\Migration@anonymous), 'up')
#9 C:\\shuriza\\rekap\\rekap\\vendor\\laravel\\framework\\src\\Illuminate\\Database\\Migrations\\Migrator.php(448): Illuminate\\Database\\Migrations\\Migrator->Illuminate\\Database\\Migrations\\{closure}()
#10 C:\\shuriza\\rekap\\rekap\\vendor\\laravel\\framework\\src\\Illuminate\\Database\\Migrations\\Migrator.php(250): Illuminate\\Database\\Migrations\\Migrator->runMigration(Object(Illuminate\\Database\\Migrations\\Migration@anonymous), 'up')
#11 C:\\shuriza\\rekap\\rekap\\vendor\\laravel\\framework\\src\\Illuminate\\Console\\View\\Components\\Task.php(41): Illuminate\\Database\\Migrations\\Migrator->Illuminate\\Database\\Migrations\\{closure}()
#12 C:\\shuriza\\rekap\\rekap\\vendor\\laravel\\framework\\src\\Illuminate\\Database\\Migrations\\Migrator.php(805): Illuminate\\Console\\View\\Components\\Task->render('2025_07_01_0244...', Object(Closure))
#13 C:\\shuriza\\rekap\\rekap\\vendor\\laravel\\framework\\src\\Illuminate\\Database\\Migrations\\Migrator.php(250): Illuminate\\Database\\Migrations\\Migrator->write('Illuminate\\\\Cons...', '2025_07_01_0244...', Object(Closure))
#14 C:\\shuriza\\rekap\\rekap\\vendor\\laravel\\framework\\src\\Illuminate\\Database\\Migrations\\Migrator.php(210): Illuminate\\Database\\Migrations\\Migrator->runUp('C:\\\\shuriza\\\\reka...', 1, false)
#15 C:\\shuriza\\rekap\\rekap\\vendor\\laravel\\framework\\src\\Illuminate\\Database\\Migrations\\Migrator.php(137): Illuminate\\Database\\Migrations\\Migrator->runPending(Array, Array)
#16 C:\\shuriza\\rekap\\rekap\\vendor\\laravel\\framework\\src\\Illuminate\\Database\\Console\\Migrations\\MigrateCommand.php(116): Illuminate\\Database\\Migrations\\Migrator->run(Array, Array)
#17 C:\\shuriza\\rekap\\rekap\\vendor\\laravel\\framework\\src\\Illuminate\\Database\\Migrations\\Migrator.php(665): Illuminate\\Database\\Console\\Migrations\\MigrateCommand->Illuminate\\Database\\Console\\Migrations\\{closure}()
#18 C:\\shuriza\\rekap\\rekap\\vendor\\laravel\\framework\\src\\Illuminate\\Database\\Console\\Migrations\\MigrateCommand.php(109): Illuminate\\Database\\Migrations\\Migrator->usingConnection(NULL, Object(Closure))
#19 C:\\shuriza\\rekap\\rekap\\vendor\\laravel\\framework\\src\\Illuminate\\Database\\Console\\Migrations\\MigrateCommand.php(88): Illuminate\\Database\\Console\\Migrations\\MigrateCommand->runMigrations()
#20 C:\\shuriza\\rekap\\rekap\\vendor\\laravel\\framework\\src\\Illuminate\\Container\\BoundMethod.php(36): Illuminate\\Database\\Console\\Migrations\\MigrateCommand->handle()
#21 C:\\shuriza\\rekap\\rekap\\vendor\\laravel\\framework\\src\\Illuminate\\Container\\Util.php(43): Illuminate\\Container\\BoundMethod::Illuminate\\Container\\{closure}()
#22 C:\\shuriza\\rekap\\rekap\\vendor\\laravel\\framework\\src\\Illuminate\\Container\\BoundMethod.php(96): Illuminate\\Container\\Util::unwrapIfClosure(Object(Closure))
#23 C:\\shuriza\\rekap\\rekap\\vendor\\laravel\\framework\\src\\Illuminate\\Container\\BoundMethod.php(35): Illuminate\\Container\\BoundMethod::callBoundMethod(Object(Illuminate\\Foundation\\Application), Array, Object(Closure))
#24 C:\\shuriza\\rekap\\rekap\\vendor\\laravel\\framework\\src\\Illuminate\\Container\\Container.php(754): Illuminate\\Container\\BoundMethod::call(Object(Illuminate\\Foundation\\Application), Array, Array, NULL)
#25 C:\\shuriza\\rekap\\rekap\\vendor\\laravel\\framework\\src\\Illuminate\\Console\\Command.php(211): Illuminate\\Container\\Container->call(Array)
#26 C:\\shuriza\\rekap\\rekap\\vendor\\symfony\\console\\Command\\Command.php(279): Illuminate\\Console\\Command->execute(Object(Symfony\\Component\\Console\\Input\\ArgvInput), Object(Illuminate\\Console\\OutputStyle))
#27 C:\\shuriza\\rekap\\rekap\\vendor\\laravel\\framework\\src\\Illuminate\\Console\\Command.php(180): Symfony\\Component\\Console\\Command\\Command->run(Object(Symfony\\Component\\Console\\Input\\ArgvInput), Object(Illuminate\\Console\\OutputStyle))
#28 C:\\shuriza\\rekap\\rekap\\vendor\\symfony\\console\\Application.php(1094): Illuminate\\Console\\Command->run(Object(Symfony\\Component\\Console\\Input\\ArgvInput), Object(Symfony\\Component\\Console\\Output\\ConsoleOutput))
#29 C:\\shuriza\\rekap\\rekap\\vendor\\symfony\\console\\Application.php(342): Symfony\\Component\\Console\\Application->doRunCommand(Object(Illuminate\\Database\\Console\\Migrations\\MigrateCommand), Object(Symfony\\Component\\Console\\Input\\ArgvInput), Object(Symfony\\Component\\Console\\Output\\ConsoleOutput))
#30 C:\\shuriza\\rekap\\rekap\\vendor\\symfony\\console\\Application.php(193): Symfony\\Component\\Console\\Application->doRun(Object(Symfony\\Component\\Console\\Input\\ArgvInput), Object(Symfony\\Component\\Console\\Output\\ConsoleOutput))
#31 C:\\shuriza\\rekap\\rekap\\vendor\\laravel\\framework\\src\\Illuminate\\Foundation\\Console\\Kernel.php(197): Symfony\\Component\\Console\\Application->run(Object(Symfony\\Component\\Console\\Input\\ArgvInput), Object(Symfony\\Component\\Console\\Output\\ConsoleOutput))
#32 C:\\shuriza\\rekap\\rekap\\vendor\\laravel\\framework\\src\\Illuminate\\Foundation\\Application.php(1234): Illuminate\\Foundation\\Console\\Kernel->handle(Object(Symfony\\Component\\Console\\Input\\ArgvInput), Object(Symfony\\Component\\Console\\Output\\ConsoleOutput))
#33 C:\\shuriza\\rekap\\rekap\\artisan(16): Illuminate\\Foundation\\Application->handleCommand(Object(Symfony\\Component\\Console\\Input\\ArgvInput))
#34 {main}

[previous exception] [object] (PDOException(code: 42S01): SQLSTATE[42S01]: Base table or view already exists: 1050 Table 'absensi' already exists at C:\\shuriza\\rekap\\rekap\\vendor\\laravel\\framework\\src\\Illuminate\\Database\\Connection.php:568)
[stacktrace]
#0 C:\\shuriza\\rekap\\rekap\\vendor\\laravel\\framework\\src\\Illuminate\\Database\\Connection.php(568): PDOStatement->execute()
#1 C:\\shuriza\\rekap\\rekap\\vendor\\laravel\\framework\\src\\Illuminate\\Database\\Connection.php(809): Illuminate\\Database\\Connection->Illuminate\\Database\\{closure}('create table `a...', Array)
#2 C:\\shuriza\\rekap\\rekap\\vendor\\laravel\\framework\\src\\Illuminate\\Database\\Connection.php(776): Illuminate\\Database\\Connection->runQueryCallback('create table `a...', Array, Object(Closure))
#3 C:\\shuriza\\rekap\\rekap\\vendor\\laravel\\framework\\src\\Illuminate\\Database\\Connection.php(557): Illuminate\\Database\\Connection->run('create table `a...', Array, Object(Closure))
#4 C:\\shuriza\\rekap\\rekap\\vendor\\laravel\\framework\\src\\Illuminate\\Database\\Schema\\Blueprint.php(119): Illuminate\\Database\\Connection->statement('create table `a...')
#5 C:\\shuriza\\rekap\\rekap\\vendor\\laravel\\framework\\src\\Illuminate\\Database\\Schema\\Builder.php(618): Illuminate\\Database\\Schema\\Blueprint->build()
#6 C:\\shuriza\\rekap\\rekap\\vendor\\laravel\\framework\\src\\Illuminate\\Database\\Schema\\Builder.php(472): Illuminate\\Database\\Schema\\Builder->build(Object(Illuminate\\Database\\Schema\\Blueprint))
#7 C:\\shuriza\\rekap\\rekap\\vendor\\laravel\\framework\\src\\Illuminate\\Support\\Facades\\Facade.php(361): Illuminate\\Database\\Schema\\Builder->create('absensi', Object(Closure))
#8 C:\\shuriza\\rekap\\rekap\\database\\migrations\\2025_07_01_024455_create_absensis_table.php(14): Illuminate\\Support\\Facades\\Facade::__callStatic('create', Array)
#9 C:\\shuriza\\rekap\\rekap\\vendor\\laravel\\framework\\src\\Illuminate\\Database\\Migrations\\Migrator.php(514): Illuminate\\Database\\Migrations\\Migration@anonymous->up()
#10 C:\\shuriza\\rekap\\rekap\\vendor\\laravel\\framework\\src\\Illuminate\\Database\\Migrations\\Migrator.php(439): Illuminate\\Database\\Migrations\\Migrator->runMethod(Object(Illuminate\\Database\\MySqlConnection), Object(Illuminate\\Database\\Migrations\\Migration@anonymous), 'up')
#11 C:\\shuriza\\rekap\\rekap\\vendor\\laravel\\framework\\src\\Illuminate\\Database\\Migrations\\Migrator.php(448): Illuminate\\Database\\Migrations\\Migrator->Illuminate\\Database\\Migrations\\{closure}()
#12 C:\\shuriza\\rekap\\rekap\\vendor\\laravel\\framework\\src\\Illuminate\\Database\\Migrations\\Migrator.php(250): Illuminate\\Database\\Migrations\\Migrator->runMigration(Object(Illuminate\\Database\\Migrations\\Migration@anonymous), 'up')
#13 C:\\shuriza\\rekap\\rekap\\vendor\\laravel\\framework\\src\\Illuminate\\Console\\View\\Components\\Task.php(41): Illuminate\\Database\\Migrations\\Migrator->Illuminate\\Database\\Migrations\\{closure}()
#14 C:\\shuriza\\rekap\\rekap\\vendor\\laravel\\framework\\src\\Illuminate\\Database\\Migrations\\Migrator.php(805): Illuminate\\Console\\View\\Components\\Task->render('2025_07_01_0244...', Object(Closure))
#15 C:\\shuriza\\rekap\\rekap\\vendor\\laravel\\framework\\src\\Illuminate\\Database\\Migrations\\Migrator.php(250): Illuminate\\Database\\Migrations\\Migrator->write('Illuminate\\\\Cons...', '2025_07_01_0244...', Object(Closure))
#16 C:\\shuriza\\rekap\\rekap\\vendor\\laravel\\framework\\src\\Illuminate\\Database\\Migrations\\Migrator.php(210): Illuminate\\Database\\Migrations\\Migrator->runUp('C:\\\\shuriza\\\\reka...', 1, false)
#17 C:\\shuriza\\rekap\\rekap\\vendor\\laravel\\framework\\src\\Illuminate\\Database\\Migrations\\Migrator.php(137): Illuminate\\Database\\Migrations\\Migrator->runPending(Array, Array)
#18 C:\\shuriza\\rekap\\rekap\\vendor\\laravel\\framework\\src\\Illuminate\\Database\\Console\\Migrations\\MigrateCommand.php(116): Illuminate\\Database\\Migrations\\Migrator->run(Array, Array)
#19 C:\\shuriza\\rekap\\rekap\\vendor\\laravel\\framework\\src\\Illuminate\\Database\\Migrations\\Migrator.php(665): Illuminate\\Database\\Console\\Migrations\\MigrateCommand->Illuminate\\Database\\Console\\Migrations\\{closure}()
#20 C:\\shuriza\\rekap\\rekap\\vendor\\laravel\\framework\\src\\Illuminate\\Database\\Console\\Migrations\\MigrateCommand.php(109): Illuminate\\Database\\Migrations\\Migrator->usingConnection(NULL, Object(Closure))
#21 C:\\shuriza\\rekap\\rekap\\vendor\\laravel\\framework\\src\\Illuminate\\Database\\Console\\Migrations\\MigrateCommand.php(88): Illuminate\\Database\\Console\\Migrations\\MigrateCommand->runMigrations()
#22 C:\\shuriza\\rekap\\rekap\\vendor\\laravel\\framework\\src\\Illuminate\\Container\\BoundMethod.php(36): Illuminate\\Database\\Console\\Migrations\\MigrateCommand->handle()
#23 C:\\shuriza\\rekap\\rekap\\vendor\\laravel\\framework\\src\\Illuminate\\Container\\Util.php(43): Illuminate\\Container\\BoundMethod::Illuminate\\Container\\{closure}()
#24 C:\\shuriza\\rekap\\rekap\\vendor\\laravel\\framework\\src\\Illuminate\\Container\\BoundMethod.php(96): Illuminate\\Container\\Util::unwrapIfClosure(Object(Closure))
#25 C:\\shuriza\\rekap\\rekap\\vendor\\laravel\\framework\\src\\Illuminate\\Container\\BoundMethod.php(35): Illuminate\\Container\\BoundMethod::callBoundMethod(Object(Illuminate\\Foundation\\Application), Array, Object(Closure))
#26 C:\\shuriza\\rekap\\rekap\\vendor\\laravel\\framework\\src\\Illuminate\\Container\\Container.php(754): Illuminate\\Container\\BoundMethod::call(Object(Illuminate\\Foundation\\Application), Array, Array, NULL)
#27 C:\\shuriza\\rekap\\rekap\\vendor\\laravel\\framework\\src\\Illuminate\\Console\\Command.php(211): Illuminate\\Container\\Container->call(Array)
#28 C:\\shuriza\\rekap\\rekap\\vendor\\symfony\\console\\Command\\Command.php(279): Illuminate\\Console\\Command->execute(Object(Symfony\\Component\\Console\\Input\\ArgvInput), Object(Illuminate\\Console\\OutputStyle))
#29 C:\\shuriza\\rekap\\rekap\\vendor\\laravel\\framework\\src\\Illuminate\\Console\\Command.php(180): Symfony\\Component\\Console\\Command\\Command->run(Object(Symfony\\Component\\Console\\Input\\ArgvInput), Object(Illuminate\\Console\\OutputStyle))
#30 C:\\shuriza\\rekap\\rekap\\vendor\\symfony\\console\\Application.php(1094): Illuminate\\Console\\Command->run(Object(Symfony\\Component\\Console\\Input\\ArgvInput), Object(Symfony\\Component\\Console\\Output\\ConsoleOutput))
#31 C:\\shuriza\\rekap\\rekap\\vendor\\symfony\\console\\Application.php(342): Symfony\\Component\\Console\\Application->doRunCommand(Object(Illuminate\\Database\\Console\\Migrations\\MigrateCommand), Object(Symfony\\Component\\Console\\Input\\ArgvInput), Object(Symfony\\Component\\Console\\Output\\ConsoleOutput))
#32 C:\\shuriza\\rekap\\rekap\\vendor\\symfony\\console\\Application.php(193): Symfony\\Component\\Console\\Application->doRun(Object(Symfony\\Component\\Console\\Input\\ArgvInput), Object(Symfony\\Component\\Console\\Output\\ConsoleOutput))
#33 C:\\shuriza\\rekap\\rekap\\vendor\\laravel\\framework\\src\\Illuminate\\Foundation\\Console\\Kernel.php(197): Symfony\\Component\\Console\\Application->run(Object(Symfony\\Component\\Console\\Input\\ArgvInput), Object(Symfony\\Component\\Console\\Output\\ConsoleOutput))
#34 C:\\shuriza\\rekap\\rekap\\vendor\\laravel\\framework\\src\\Illuminate\\Foundation\\Application.php(1234): Illuminate\\Foundation\\Console\\Kernel->handle(Object(Symfony\\Component\\Console\\Input\\ArgvInput), Object(Symfony\\Component\\Console\\Output\\ConsoleOutput))
#35 C:\\shuriza\\rekap\\rekap\\artisan(16): Illuminate\\Foundation\\Application->handleCommand(Object(Symfony\\Component\\Console\\Input\\ArgvInput))
#36 {main}
"} 
[2025-07-04 06:11:53] local.ERROR: SQLSTATE[42S01]: Base table or view already exists: 1050 Table 'absensi' already exists (Connection: mysql, SQL: create table `absensi` (`id` bigint unsigned not null auto_increment primary key, `karyawan_id` bigint unsigned not null, `tanggal` date not null, `jam_masuk` time not null, `jam_pulang` time null, `created_at` timestamp null, `updated_at` timestamp null) default character set utf8mb4 collate 'utf8mb4_unicode_ci') {"exception":"[object] (Illuminate\\Database\\QueryException(code: 42S01): SQLSTATE[42S01]: Base table or view already exists: 1050 Table 'absensi' already exists (Connection: mysql, SQL: create table `absensi` (`id` bigint unsigned not null auto_increment primary key, `karyawan_id` bigint unsigned not null, `tanggal` date not null, `jam_masuk` time not null, `jam_pulang` time null, `created_at` timestamp null, `updated_at` timestamp null) default character set utf8mb4 collate 'utf8mb4_unicode_ci') at C:\\shuriza\\rekap\\rekap\\vendor\\laravel\\framework\\src\\Illuminate\\Database\\Connection.php:822)
[stacktrace]
#0 C:\\shuriza\\rekap\\rekap\\vendor\\laravel\\framework\\src\\Illuminate\\Database\\Connection.php(776): Illuminate\\Database\\Connection->runQueryCallback('create table `a...', Array, Object(Closure))
#1 C:\\shuriza\\rekap\\rekap\\vendor\\laravel\\framework\\src\\Illuminate\\Database\\Connection.php(557): Illuminate\\Database\\Connection->run('create table `a...', Array, Object(Closure))
#2 C:\\shuriza\\rekap\\rekap\\vendor\\laravel\\framework\\src\\Illuminate\\Database\\Schema\\Blueprint.php(119): Illuminate\\Database\\Connection->statement('create table `a...')
#3 C:\\shuriza\\rekap\\rekap\\vendor\\laravel\\framework\\src\\Illuminate\\Database\\Schema\\Builder.php(618): Illuminate\\Database\\Schema\\Blueprint->build()
#4 C:\\shuriza\\rekap\\rekap\\vendor\\laravel\\framework\\src\\Illuminate\\Database\\Schema\\Builder.php(472): Illuminate\\Database\\Schema\\Builder->build(Object(Illuminate\\Database\\Schema\\Blueprint))
#5 C:\\shuriza\\rekap\\rekap\\vendor\\laravel\\framework\\src\\Illuminate\\Support\\Facades\\Facade.php(361): Illuminate\\Database\\Schema\\Builder->create('absensi', Object(Closure))
#6 C:\\shuriza\\rekap\\rekap\\database\\migrations\\2025_07_01_024455_create_absensis_table.php(14): Illuminate\\Support\\Facades\\Facade::__callStatic('create', Array)
#7 C:\\shuriza\\rekap\\rekap\\vendor\\laravel\\framework\\src\\Illuminate\\Database\\Migrations\\Migrator.php(514): Illuminate\\Database\\Migrations\\Migration@anonymous->up()
#8 C:\\shuriza\\rekap\\rekap\\vendor\\laravel\\framework\\src\\Illuminate\\Database\\Migrations\\Migrator.php(439): Illuminate\\Database\\Migrations\\Migrator->runMethod(Object(Illuminate\\Database\\MySqlConnection), Object(Illuminate\\Database\\Migrations\\Migration@anonymous), 'up')
#9 C:\\shuriza\\rekap\\rekap\\vendor\\laravel\\framework\\src\\Illuminate\\Database\\Migrations\\Migrator.php(448): Illuminate\\Database\\Migrations\\Migrator->Illuminate\\Database\\Migrations\\{closure}()
#10 C:\\shuriza\\rekap\\rekap\\vendor\\laravel\\framework\\src\\Illuminate\\Database\\Migrations\\Migrator.php(250): Illuminate\\Database\\Migrations\\Migrator->runMigration(Object(Illuminate\\Database\\Migrations\\Migration@anonymous), 'up')
#11 C:\\shuriza\\rekap\\rekap\\vendor\\laravel\\framework\\src\\Illuminate\\Console\\View\\Components\\Task.php(41): Illuminate\\Database\\Migrations\\Migrator->Illuminate\\Database\\Migrations\\{closure}()
#12 C:\\shuriza\\rekap\\rekap\\vendor\\laravel\\framework\\src\\Illuminate\\Database\\Migrations\\Migrator.php(805): Illuminate\\Console\\View\\Components\\Task->render('2025_07_01_0244...', Object(Closure))
#13 C:\\shuriza\\rekap\\rekap\\vendor\\laravel\\framework\\src\\Illuminate\\Database\\Migrations\\Migrator.php(250): Illuminate\\Database\\Migrations\\Migrator->write('Illuminate\\\\Cons...', '2025_07_01_0244...', Object(Closure))
#14 C:\\shuriza\\rekap\\rekap\\vendor\\laravel\\framework\\src\\Illuminate\\Database\\Migrations\\Migrator.php(210): Illuminate\\Database\\Migrations\\Migrator->runUp('C:\\\\shuriza\\\\reka...', 1, false)
#15 C:\\shuriza\\rekap\\rekap\\vendor\\laravel\\framework\\src\\Illuminate\\Database\\Migrations\\Migrator.php(137): Illuminate\\Database\\Migrations\\Migrator->runPending(Array, Array)
#16 C:\\shuriza\\rekap\\rekap\\vendor\\laravel\\framework\\src\\Illuminate\\Database\\Console\\Migrations\\MigrateCommand.php(116): Illuminate\\Database\\Migrations\\Migrator->run(Array, Array)
#17 C:\\shuriza\\rekap\\rekap\\vendor\\laravel\\framework\\src\\Illuminate\\Database\\Migrations\\Migrator.php(665): Illuminate\\Database\\Console\\Migrations\\MigrateCommand->Illuminate\\Database\\Console\\Migrations\\{closure}()
#18 C:\\shuriza\\rekap\\rekap\\vendor\\laravel\\framework\\src\\Illuminate\\Database\\Console\\Migrations\\MigrateCommand.php(109): Illuminate\\Database\\Migrations\\Migrator->usingConnection(NULL, Object(Closure))
#19 C:\\shuriza\\rekap\\rekap\\vendor\\laravel\\framework\\src\\Illuminate\\Database\\Console\\Migrations\\MigrateCommand.php(88): Illuminate\\Database\\Console\\Migrations\\MigrateCommand->runMigrations()
#20 C:\\shuriza\\rekap\\rekap\\vendor\\laravel\\framework\\src\\Illuminate\\Container\\BoundMethod.php(36): Illuminate\\Database\\Console\\Migrations\\MigrateCommand->handle()
#21 C:\\shuriza\\rekap\\rekap\\vendor\\laravel\\framework\\src\\Illuminate\\Container\\Util.php(43): Illuminate\\Container\\BoundMethod::Illuminate\\Container\\{closure}()
#22 C:\\shuriza\\rekap\\rekap\\vendor\\laravel\\framework\\src\\Illuminate\\Container\\BoundMethod.php(96): Illuminate\\Container\\Util::unwrapIfClosure(Object(Closure))
#23 C:\\shuriza\\rekap\\rekap\\vendor\\laravel\\framework\\src\\Illuminate\\Container\\BoundMethod.php(35): Illuminate\\Container\\BoundMethod::callBoundMethod(Object(Illuminate\\Foundation\\Application), Array, Object(Closure))
#24 C:\\shuriza\\rekap\\rekap\\vendor\\laravel\\framework\\src\\Illuminate\\Container\\Container.php(754): Illuminate\\Container\\BoundMethod::call(Object(Illuminate\\Foundation\\Application), Array, Array, NULL)
#25 C:\\shuriza\\rekap\\rekap\\vendor\\laravel\\framework\\src\\Illuminate\\Console\\Command.php(211): Illuminate\\Container\\Container->call(Array)
#26 C:\\shuriza\\rekap\\rekap\\vendor\\symfony\\console\\Command\\Command.php(279): Illuminate\\Console\\Command->execute(Object(Symfony\\Component\\Console\\Input\\ArgvInput), Object(Illuminate\\Console\\OutputStyle))
#27 C:\\shuriza\\rekap\\rekap\\vendor\\laravel\\framework\\src\\Illuminate\\Console\\Command.php(180): Symfony\\Component\\Console\\Command\\Command->run(Object(Symfony\\Component\\Console\\Input\\ArgvInput), Object(Illuminate\\Console\\OutputStyle))
#28 C:\\shuriza\\rekap\\rekap\\vendor\\symfony\\console\\Application.php(1094): Illuminate\\Console\\Command->run(Object(Symfony\\Component\\Console\\Input\\ArgvInput), Object(Symfony\\Component\\Console\\Output\\ConsoleOutput))
#29 C:\\shuriza\\rekap\\rekap\\vendor\\symfony\\console\\Application.php(342): Symfony\\Component\\Console\\Application->doRunCommand(Object(Illuminate\\Database\\Console\\Migrations\\MigrateCommand), Object(Symfony\\Component\\Console\\Input\\ArgvInput), Object(Symfony\\Component\\Console\\Output\\ConsoleOutput))
#30 C:\\shuriza\\rekap\\rekap\\vendor\\symfony\\console\\Application.php(193): Symfony\\Component\\Console\\Application->doRun(Object(Symfony\\Component\\Console\\Input\\ArgvInput), Object(Symfony\\Component\\Console\\Output\\ConsoleOutput))
#31 C:\\shuriza\\rekap\\rekap\\vendor\\laravel\\framework\\src\\Illuminate\\Foundation\\Console\\Kernel.php(197): Symfony\\Component\\Console\\Application->run(Object(Symfony\\Component\\Console\\Input\\ArgvInput), Object(Symfony\\Component\\Console\\Output\\ConsoleOutput))
#32 C:\\shuriza\\rekap\\rekap\\vendor\\laravel\\framework\\src\\Illuminate\\Foundation\\Application.php(1234): Illuminate\\Foundation\\Console\\Kernel->handle(Object(Symfony\\Component\\Console\\Input\\ArgvInput), Object(Symfony\\Component\\Console\\Output\\ConsoleOutput))
#33 C:\\shuriza\\rekap\\rekap\\artisan(16): Illuminate\\Foundation\\Application->handleCommand(Object(Symfony\\Component\\Console\\Input\\ArgvInput))
#34 {main}

[previous exception] [object] (PDOException(code: 42S01): SQLSTATE[42S01]: Base table or view already exists: 1050 Table 'absensi' already exists at C:\\shuriza\\rekap\\rekap\\vendor\\laravel\\framework\\src\\Illuminate\\Database\\Connection.php:568)
[stacktrace]
#0 C:\\shuriza\\rekap\\rekap\\vendor\\laravel\\framework\\src\\Illuminate\\Database\\Connection.php(568): PDOStatement->execute()
#1 C:\\shuriza\\rekap\\rekap\\vendor\\laravel\\framework\\src\\Illuminate\\Database\\Connection.php(809): Illuminate\\Database\\Connection->Illuminate\\Database\\{closure}('create table `a...', Array)
#2 C:\\shuriza\\rekap\\rekap\\vendor\\laravel\\framework\\src\\Illuminate\\Database\\Connection.php(776): Illuminate\\Database\\Connection->runQueryCallback('create table `a...', Array, Object(Closure))
#3 C:\\shuriza\\rekap\\rekap\\vendor\\laravel\\framework\\src\\Illuminate\\Database\\Connection.php(557): Illuminate\\Database\\Connection->run('create table `a...', Array, Object(Closure))
#4 C:\\shuriza\\rekap\\rekap\\vendor\\laravel\\framework\\src\\Illuminate\\Database\\Schema\\Blueprint.php(119): Illuminate\\Database\\Connection->statement('create table `a...')
#5 C:\\shuriza\\rekap\\rekap\\vendor\\laravel\\framework\\src\\Illuminate\\Database\\Schema\\Builder.php(618): Illuminate\\Database\\Schema\\Blueprint->build()
#6 C:\\shuriza\\rekap\\rekap\\vendor\\laravel\\framework\\src\\Illuminate\\Database\\Schema\\Builder.php(472): Illuminate\\Database\\Schema\\Builder->build(Object(Illuminate\\Database\\Schema\\Blueprint))
#7 C:\\shuriza\\rekap\\rekap\\vendor\\laravel\\framework\\src\\Illuminate\\Support\\Facades\\Facade.php(361): Illuminate\\Database\\Schema\\Builder->create('absensi', Object(Closure))
#8 C:\\shuriza\\rekap\\rekap\\database\\migrations\\2025_07_01_024455_create_absensis_table.php(14): Illuminate\\Support\\Facades\\Facade::__callStatic('create', Array)
#9 C:\\shuriza\\rekap\\rekap\\vendor\\laravel\\framework\\src\\Illuminate\\Database\\Migrations\\Migrator.php(514): Illuminate\\Database\\Migrations\\Migration@anonymous->up()
#10 C:\\shuriza\\rekap\\rekap\\vendor\\laravel\\framework\\src\\Illuminate\\Database\\Migrations\\Migrator.php(439): Illuminate\\Database\\Migrations\\Migrator->runMethod(Object(Illuminate\\Database\\MySqlConnection), Object(Illuminate\\Database\\Migrations\\Migration@anonymous), 'up')
#11 C:\\shuriza\\rekap\\rekap\\vendor\\laravel\\framework\\src\\Illuminate\\Database\\Migrations\\Migrator.php(448): Illuminate\\Database\\Migrations\\Migrator->Illuminate\\Database\\Migrations\\{closure}()
#12 C:\\shuriza\\rekap\\rekap\\vendor\\laravel\\framework\\src\\Illuminate\\Database\\Migrations\\Migrator.php(250): Illuminate\\Database\\Migrations\\Migrator->runMigration(Object(Illuminate\\Database\\Migrations\\Migration@anonymous), 'up')
#13 C:\\shuriza\\rekap\\rekap\\vendor\\laravel\\framework\\src\\Illuminate\\Console\\View\\Components\\Task.php(41): Illuminate\\Database\\Migrations\\Migrator->Illuminate\\Database\\Migrations\\{closure}()
#14 C:\\shuriza\\rekap\\rekap\\vendor\\laravel\\framework\\src\\Illuminate\\Database\\Migrations\\Migrator.php(805): Illuminate\\Console\\View\\Components\\Task->render('2025_07_01_0244...', Object(Closure))
#15 C:\\shuriza\\rekap\\rekap\\vendor\\laravel\\framework\\src\\Illuminate\\Database\\Migrations\\Migrator.php(250): Illuminate\\Database\\Migrations\\Migrator->write('Illuminate\\\\Cons...', '2025_07_01_0244...', Object(Closure))
#16 C:\\shuriza\\rekap\\rekap\\vendor\\laravel\\framework\\src\\Illuminate\\Database\\Migrations\\Migrator.php(210): Illuminate\\Database\\Migrations\\Migrator->runUp('C:\\\\shuriza\\\\reka...', 1, false)
#17 C:\\shuriza\\rekap\\rekap\\vendor\\laravel\\framework\\src\\Illuminate\\Database\\Migrations\\Migrator.php(137): Illuminate\\Database\\Migrations\\Migrator->runPending(Array, Array)
#18 C:\\shuriza\\rekap\\rekap\\vendor\\laravel\\framework\\src\\Illuminate\\Database\\Console\\Migrations\\MigrateCommand.php(116): Illuminate\\Database\\Migrations\\Migrator->run(Array, Array)
#19 C:\\shuriza\\rekap\\rekap\\vendor\\laravel\\framework\\src\\Illuminate\\Database\\Migrations\\Migrator.php(665): Illuminate\\Database\\Console\\Migrations\\MigrateCommand->Illuminate\\Database\\Console\\Migrations\\{closure}()
#20 C:\\shuriza\\rekap\\rekap\\vendor\\laravel\\framework\\src\\Illuminate\\Database\\Console\\Migrations\\MigrateCommand.php(109): Illuminate\\Database\\Migrations\\Migrator->usingConnection(NULL, Object(Closure))
#21 C:\\shuriza\\rekap\\rekap\\vendor\\laravel\\framework\\src\\Illuminate\\Database\\Console\\Migrations\\MigrateCommand.php(88): Illuminate\\Database\\Console\\Migrations\\MigrateCommand->runMigrations()
#22 C:\\shuriza\\rekap\\rekap\\vendor\\laravel\\framework\\src\\Illuminate\\Container\\BoundMethod.php(36): Illuminate\\Database\\Console\\Migrations\\MigrateCommand->handle()
#23 C:\\shuriza\\rekap\\rekap\\vendor\\laravel\\framework\\src\\Illuminate\\Container\\Util.php(43): Illuminate\\Container\\BoundMethod::Illuminate\\Container\\{closure}()
#24 C:\\shuriza\\rekap\\rekap\\vendor\\laravel\\framework\\src\\Illuminate\\Container\\BoundMethod.php(96): Illuminate\\Container\\Util::unwrapIfClosure(Object(Closure))
#25 C:\\shuriza\\rekap\\rekap\\vendor\\laravel\\framework\\src\\Illuminate\\Container\\BoundMethod.php(35): Illuminate\\Container\\BoundMethod::callBoundMethod(Object(Illuminate\\Foundation\\Application), Array, Object(Closure))
#26 C:\\shuriza\\rekap\\rekap\\vendor\\laravel\\framework\\src\\Illuminate\\Container\\Container.php(754): Illuminate\\Container\\BoundMethod::call(Object(Illuminate\\Foundation\\Application), Array, Array, NULL)
#27 C:\\shuriza\\rekap\\rekap\\vendor\\laravel\\framework\\src\\Illuminate\\Console\\Command.php(211): Illuminate\\Container\\Container->call(Array)
#28 C:\\shuriza\\rekap\\rekap\\vendor\\symfony\\console\\Command\\Command.php(279): Illuminate\\Console\\Command->execute(Object(Symfony\\Component\\Console\\Input\\ArgvInput), Object(Illuminate\\Console\\OutputStyle))
#29 C:\\shuriza\\rekap\\rekap\\vendor\\laravel\\framework\\src\\Illuminate\\Console\\Command.php(180): Symfony\\Component\\Console\\Command\\Command->run(Object(Symfony\\Component\\Console\\Input\\ArgvInput), Object(Illuminate\\Console\\OutputStyle))
#30 C:\\shuriza\\rekap\\rekap\\vendor\\symfony\\console\\Application.php(1094): Illuminate\\Console\\Command->run(Object(Symfony\\Component\\Console\\Input\\ArgvInput), Object(Symfony\\Component\\Console\\Output\\ConsoleOutput))
#31 C:\\shuriza\\rekap\\rekap\\vendor\\symfony\\console\\Application.php(342): Symfony\\Component\\Console\\Application->doRunCommand(Object(Illuminate\\Database\\Console\\Migrations\\MigrateCommand), Object(Symfony\\Component\\Console\\Input\\ArgvInput), Object(Symfony\\Component\\Console\\Output\\ConsoleOutput))
#32 C:\\shuriza\\rekap\\rekap\\vendor\\symfony\\console\\Application.php(193): Symfony\\Component\\Console\\Application->doRun(Object(Symfony\\Component\\Console\\Input\\ArgvInput), Object(Symfony\\Component\\Console\\Output\\ConsoleOutput))
#33 C:\\shuriza\\rekap\\rekap\\vendor\\laravel\\framework\\src\\Illuminate\\Foundation\\Console\\Kernel.php(197): Symfony\\Component\\Console\\Application->run(Object(Symfony\\Component\\Console\\Input\\ArgvInput), Object(Symfony\\Component\\Console\\Output\\ConsoleOutput))
#34 C:\\shuriza\\rekap\\rekap\\vendor\\laravel\\framework\\src\\Illuminate\\Foundation\\Application.php(1234): Illuminate\\Foundation\\Console\\Kernel->handle(Object(Symfony\\Component\\Console\\Input\\ArgvInput), Object(Symfony\\Component\\Console\\Output\\ConsoleOutput))
#35 C:\\shuriza\\rekap\\rekap\\artisan(16): Illuminate\\Foundation\\Application->handleCommand(Object(Symfony\\Component\\Console\\Input\\ArgvInput))
#36 {main}
"} 
[2025-07-04 06:12:29] local.ERROR: SQLSTATE[HY000]: General error: 1824 Failed to open the referenced table 'karyawans' (Connection: mysql, SQL: alter table `absensi` add constraint `absensi_karyawan_id_foreign` foreign key (`karyawan_id`) references `karyawans` (`id`) on delete cascade) {"exception":"[object] (Illuminate\\Database\\QueryException(code: HY000): SQLSTATE[HY000]: General error: 1824 Failed to open the referenced table 'karyawans' (Connection: mysql, SQL: alter table `absensi` add constraint `absensi_karyawan_id_foreign` foreign key (`karyawan_id`) references `karyawans` (`id`) on delete cascade) at C:\\shuriza\\rekap\\rekap\\vendor\\laravel\\framework\\src\\Illuminate\\Database\\Connection.php:822)
[stacktrace]
#0 C:\\shuriza\\rekap\\rekap\\vendor\\laravel\\framework\\src\\Illuminate\\Database\\Connection.php(776): Illuminate\\Database\\Connection->runQueryCallback('alter table `ab...', Array, Object(Closure))
#1 C:\\shuriza\\rekap\\rekap\\vendor\\laravel\\framework\\src\\Illuminate\\Database\\Connection.php(557): Illuminate\\Database\\Connection->run('alter table `ab...', Array, Object(Closure))
#2 C:\\shuriza\\rekap\\rekap\\vendor\\laravel\\framework\\src\\Illuminate\\Database\\Schema\\Blueprint.php(119): Illuminate\\Database\\Connection->statement('alter table `ab...')
#3 C:\\shuriza\\rekap\\rekap\\vendor\\laravel\\framework\\src\\Illuminate\\Database\\Schema\\Builder.php(618): Illuminate\\Database\\Schema\\Blueprint->build()
#4 C:\\shuriza\\rekap\\rekap\\vendor\\laravel\\framework\\src\\Illuminate\\Database\\Schema\\Builder.php(472): Illuminate\\Database\\Schema\\Builder->build(Object(Illuminate\\Database\\Schema\\Blueprint))
#5 C:\\shuriza\\rekap\\rekap\\vendor\\laravel\\framework\\src\\Illuminate\\Support\\Facades\\Facade.php(361): Illuminate\\Database\\Schema\\Builder->create('absensi', Object(Closure))
#6 C:\\shuriza\\rekap\\rekap\\database\\migrations\\2025_07_01_024455_create_absensis_table.php(14): Illuminate\\Support\\Facades\\Facade::__callStatic('create', Array)
#7 C:\\shuriza\\rekap\\rekap\\vendor\\laravel\\framework\\src\\Illuminate\\Database\\Migrations\\Migrator.php(514): Illuminate\\Database\\Migrations\\Migration@anonymous->up()
#8 C:\\shuriza\\rekap\\rekap\\vendor\\laravel\\framework\\src\\Illuminate\\Database\\Migrations\\Migrator.php(439): Illuminate\\Database\\Migrations\\Migrator->runMethod(Object(Illuminate\\Database\\MySqlConnection), Object(Illuminate\\Database\\Migrations\\Migration@anonymous), 'up')
#9 C:\\shuriza\\rekap\\rekap\\vendor\\laravel\\framework\\src\\Illuminate\\Database\\Migrations\\Migrator.php(448): Illuminate\\Database\\Migrations\\Migrator->Illuminate\\Database\\Migrations\\{closure}()
#10 C:\\shuriza\\rekap\\rekap\\vendor\\laravel\\framework\\src\\Illuminate\\Database\\Migrations\\Migrator.php(250): Illuminate\\Database\\Migrations\\Migrator->runMigration(Object(Illuminate\\Database\\Migrations\\Migration@anonymous), 'up')
#11 C:\\shuriza\\rekap\\rekap\\vendor\\laravel\\framework\\src\\Illuminate\\Console\\View\\Components\\Task.php(41): Illuminate\\Database\\Migrations\\Migrator->Illuminate\\Database\\Migrations\\{closure}()
#12 C:\\shuriza\\rekap\\rekap\\vendor\\laravel\\framework\\src\\Illuminate\\Database\\Migrations\\Migrator.php(805): Illuminate\\Console\\View\\Components\\Task->render('2025_07_01_0244...', Object(Closure))
#13 C:\\shuriza\\rekap\\rekap\\vendor\\laravel\\framework\\src\\Illuminate\\Database\\Migrations\\Migrator.php(250): Illuminate\\Database\\Migrations\\Migrator->write('Illuminate\\\\Cons...', '2025_07_01_0244...', Object(Closure))
#14 C:\\shuriza\\rekap\\rekap\\vendor\\laravel\\framework\\src\\Illuminate\\Database\\Migrations\\Migrator.php(210): Illuminate\\Database\\Migrations\\Migrator->runUp('C:\\\\shuriza\\\\reka...', 1, false)
#15 C:\\shuriza\\rekap\\rekap\\vendor\\laravel\\framework\\src\\Illuminate\\Database\\Migrations\\Migrator.php(137): Illuminate\\Database\\Migrations\\Migrator->runPending(Array, Array)
#16 C:\\shuriza\\rekap\\rekap\\vendor\\laravel\\framework\\src\\Illuminate\\Database\\Console\\Migrations\\MigrateCommand.php(116): Illuminate\\Database\\Migrations\\Migrator->run(Array, Array)
#17 C:\\shuriza\\rekap\\rekap\\vendor\\laravel\\framework\\src\\Illuminate\\Database\\Migrations\\Migrator.php(665): Illuminate\\Database\\Console\\Migrations\\MigrateCommand->Illuminate\\Database\\Console\\Migrations\\{closure}()
#18 C:\\shuriza\\rekap\\rekap\\vendor\\laravel\\framework\\src\\Illuminate\\Database\\Console\\Migrations\\MigrateCommand.php(109): Illuminate\\Database\\Migrations\\Migrator->usingConnection(NULL, Object(Closure))
#19 C:\\shuriza\\rekap\\rekap\\vendor\\laravel\\framework\\src\\Illuminate\\Database\\Console\\Migrations\\MigrateCommand.php(88): Illuminate\\Database\\Console\\Migrations\\MigrateCommand->runMigrations()
#20 C:\\shuriza\\rekap\\rekap\\vendor\\laravel\\framework\\src\\Illuminate\\Container\\BoundMethod.php(36): Illuminate\\Database\\Console\\Migrations\\MigrateCommand->handle()
#21 C:\\shuriza\\rekap\\rekap\\vendor\\laravel\\framework\\src\\Illuminate\\Container\\Util.php(43): Illuminate\\Container\\BoundMethod::Illuminate\\Container\\{closure}()
#22 C:\\shuriza\\rekap\\rekap\\vendor\\laravel\\framework\\src\\Illuminate\\Container\\BoundMethod.php(96): Illuminate\\Container\\Util::unwrapIfClosure(Object(Closure))
#23 C:\\shuriza\\rekap\\rekap\\vendor\\laravel\\framework\\src\\Illuminate\\Container\\BoundMethod.php(35): Illuminate\\Container\\BoundMethod::callBoundMethod(Object(Illuminate\\Foundation\\Application), Array, Object(Closure))
#24 C:\\shuriza\\rekap\\rekap\\vendor\\laravel\\framework\\src\\Illuminate\\Container\\Container.php(754): Illuminate\\Container\\BoundMethod::call(Object(Illuminate\\Foundation\\Application), Array, Array, NULL)
#25 C:\\shuriza\\rekap\\rekap\\vendor\\laravel\\framework\\src\\Illuminate\\Console\\Command.php(211): Illuminate\\Container\\Container->call(Array)
#26 C:\\shuriza\\rekap\\rekap\\vendor\\symfony\\console\\Command\\Command.php(279): Illuminate\\Console\\Command->execute(Object(Symfony\\Component\\Console\\Input\\ArgvInput), Object(Illuminate\\Console\\OutputStyle))
#27 C:\\shuriza\\rekap\\rekap\\vendor\\laravel\\framework\\src\\Illuminate\\Console\\Command.php(180): Symfony\\Component\\Console\\Command\\Command->run(Object(Symfony\\Component\\Console\\Input\\ArgvInput), Object(Illuminate\\Console\\OutputStyle))
#28 C:\\shuriza\\rekap\\rekap\\vendor\\symfony\\console\\Application.php(1094): Illuminate\\Console\\Command->run(Object(Symfony\\Component\\Console\\Input\\ArgvInput), Object(Symfony\\Component\\Console\\Output\\ConsoleOutput))
#29 C:\\shuriza\\rekap\\rekap\\vendor\\symfony\\console\\Application.php(342): Symfony\\Component\\Console\\Application->doRunCommand(Object(Illuminate\\Database\\Console\\Migrations\\MigrateCommand), Object(Symfony\\Component\\Console\\Input\\ArgvInput), Object(Symfony\\Component\\Console\\Output\\ConsoleOutput))
#30 C:\\shuriza\\rekap\\rekap\\vendor\\symfony\\console\\Application.php(193): Symfony\\Component\\Console\\Application->doRun(Object(Symfony\\Component\\Console\\Input\\ArgvInput), Object(Symfony\\Component\\Console\\Output\\ConsoleOutput))
#31 C:\\shuriza\\rekap\\rekap\\vendor\\laravel\\framework\\src\\Illuminate\\Foundation\\Console\\Kernel.php(197): Symfony\\Component\\Console\\Application->run(Object(Symfony\\Component\\Console\\Input\\ArgvInput), Object(Symfony\\Component\\Console\\Output\\ConsoleOutput))
#32 C:\\shuriza\\rekap\\rekap\\vendor\\laravel\\framework\\src\\Illuminate\\Foundation\\Application.php(1234): Illuminate\\Foundation\\Console\\Kernel->handle(Object(Symfony\\Component\\Console\\Input\\ArgvInput), Object(Symfony\\Component\\Console\\Output\\ConsoleOutput))
#33 C:\\shuriza\\rekap\\rekap\\artisan(16): Illuminate\\Foundation\\Application->handleCommand(Object(Symfony\\Component\\Console\\Input\\ArgvInput))
#34 {main}

[previous exception] [object] (PDOException(code: HY000): SQLSTATE[HY000]: General error: 1824 Failed to open the referenced table 'karyawans' at C:\\shuriza\\rekap\\rekap\\vendor\\laravel\\framework\\src\\Illuminate\\Database\\Connection.php:568)
[stacktrace]
#0 C:\\shuriza\\rekap\\rekap\\vendor\\laravel\\framework\\src\\Illuminate\\Database\\Connection.php(568): PDOStatement->execute()
#1 C:\\shuriza\\rekap\\rekap\\vendor\\laravel\\framework\\src\\Illuminate\\Database\\Connection.php(809): Illuminate\\Database\\Connection->Illuminate\\Database\\{closure}('alter table `ab...', Array)
#2 C:\\shuriza\\rekap\\rekap\\vendor\\laravel\\framework\\src\\Illuminate\\Database\\Connection.php(776): Illuminate\\Database\\Connection->runQueryCallback('alter table `ab...', Array, Object(Closure))
#3 C:\\shuriza\\rekap\\rekap\\vendor\\laravel\\framework\\src\\Illuminate\\Database\\Connection.php(557): Illuminate\\Database\\Connection->run('alter table `ab...', Array, Object(Closure))
#4 C:\\shuriza\\rekap\\rekap\\vendor\\laravel\\framework\\src\\Illuminate\\Database\\Schema\\Blueprint.php(119): Illuminate\\Database\\Connection->statement('alter table `ab...')
#5 C:\\shuriza\\rekap\\rekap\\vendor\\laravel\\framework\\src\\Illuminate\\Database\\Schema\\Builder.php(618): Illuminate\\Database\\Schema\\Blueprint->build()
#6 C:\\shuriza\\rekap\\rekap\\vendor\\laravel\\framework\\src\\Illuminate\\Database\\Schema\\Builder.php(472): Illuminate\\Database\\Schema\\Builder->build(Object(Illuminate\\Database\\Schema\\Blueprint))
#7 C:\\shuriza\\rekap\\rekap\\vendor\\laravel\\framework\\src\\Illuminate\\Support\\Facades\\Facade.php(361): Illuminate\\Database\\Schema\\Builder->create('absensi', Object(Closure))
#8 C:\\shuriza\\rekap\\rekap\\database\\migrations\\2025_07_01_024455_create_absensis_table.php(14): Illuminate\\Support\\Facades\\Facade::__callStatic('create', Array)
#9 C:\\shuriza\\rekap\\rekap\\vendor\\laravel\\framework\\src\\Illuminate\\Database\\Migrations\\Migrator.php(514): Illuminate\\Database\\Migrations\\Migration@anonymous->up()
#10 C:\\shuriza\\rekap\\rekap\\vendor\\laravel\\framework\\src\\Illuminate\\Database\\Migrations\\Migrator.php(439): Illuminate\\Database\\Migrations\\Migrator->runMethod(Object(Illuminate\\Database\\MySqlConnection), Object(Illuminate\\Database\\Migrations\\Migration@anonymous), 'up')
#11 C:\\shuriza\\rekap\\rekap\\vendor\\laravel\\framework\\src\\Illuminate\\Database\\Migrations\\Migrator.php(448): Illuminate\\Database\\Migrations\\Migrator->Illuminate\\Database\\Migrations\\{closure}()
#12 C:\\shuriza\\rekap\\rekap\\vendor\\laravel\\framework\\src\\Illuminate\\Database\\Migrations\\Migrator.php(250): Illuminate\\Database\\Migrations\\Migrator->runMigration(Object(Illuminate\\Database\\Migrations\\Migration@anonymous), 'up')
#13 C:\\shuriza\\rekap\\rekap\\vendor\\laravel\\framework\\src\\Illuminate\\Console\\View\\Components\\Task.php(41): Illuminate\\Database\\Migrations\\Migrator->Illuminate\\Database\\Migrations\\{closure}()
#14 C:\\shuriza\\rekap\\rekap\\vendor\\laravel\\framework\\src\\Illuminate\\Database\\Migrations\\Migrator.php(805): Illuminate\\Console\\View\\Components\\Task->render('2025_07_01_0244...', Object(Closure))
#15 C:\\shuriza\\rekap\\rekap\\vendor\\laravel\\framework\\src\\Illuminate\\Database\\Migrations\\Migrator.php(250): Illuminate\\Database\\Migrations\\Migrator->write('Illuminate\\\\Cons...', '2025_07_01_0244...', Object(Closure))
#16 C:\\shuriza\\rekap\\rekap\\vendor\\laravel\\framework\\src\\Illuminate\\Database\\Migrations\\Migrator.php(210): Illuminate\\Database\\Migrations\\Migrator->runUp('C:\\\\shuriza\\\\reka...', 1, false)
#17 C:\\shuriza\\rekap\\rekap\\vendor\\laravel\\framework\\src\\Illuminate\\Database\\Migrations\\Migrator.php(137): Illuminate\\Database\\Migrations\\Migrator->runPending(Array, Array)
#18 C:\\shuriza\\rekap\\rekap\\vendor\\laravel\\framework\\src\\Illuminate\\Database\\Console\\Migrations\\MigrateCommand.php(116): Illuminate\\Database\\Migrations\\Migrator->run(Array, Array)
#19 C:\\shuriza\\rekap\\rekap\\vendor\\laravel\\framework\\src\\Illuminate\\Database\\Migrations\\Migrator.php(665): Illuminate\\Database\\Console\\Migrations\\MigrateCommand->Illuminate\\Database\\Console\\Migrations\\{closure}()
#20 C:\\shuriza\\rekap\\rekap\\vendor\\laravel\\framework\\src\\Illuminate\\Database\\Console\\Migrations\\MigrateCommand.php(109): Illuminate\\Database\\Migrations\\Migrator->usingConnection(NULL, Object(Closure))
#21 C:\\shuriza\\rekap\\rekap\\vendor\\laravel\\framework\\src\\Illuminate\\Database\\Console\\Migrations\\MigrateCommand.php(88): Illuminate\\Database\\Console\\Migrations\\MigrateCommand->runMigrations()
#22 C:\\shuriza\\rekap\\rekap\\vendor\\laravel\\framework\\src\\Illuminate\\Container\\BoundMethod.php(36): Illuminate\\Database\\Console\\Migrations\\MigrateCommand->handle()
#23 C:\\shuriza\\rekap\\rekap\\vendor\\laravel\\framework\\src\\Illuminate\\Container\\Util.php(43): Illuminate\\Container\\BoundMethod::Illuminate\\Container\\{closure}()
#24 C:\\shuriza\\rekap\\rekap\\vendor\\laravel\\framework\\src\\Illuminate\\Container\\BoundMethod.php(96): Illuminate\\Container\\Util::unwrapIfClosure(Object(Closure))
#25 C:\\shuriza\\rekap\\rekap\\vendor\\laravel\\framework\\src\\Illuminate\\Container\\BoundMethod.php(35): Illuminate\\Container\\BoundMethod::callBoundMethod(Object(Illuminate\\Foundation\\Application), Array, Object(Closure))
#26 C:\\shuriza\\rekap\\rekap\\vendor\\laravel\\framework\\src\\Illuminate\\Container\\Container.php(754): Illuminate\\Container\\BoundMethod::call(Object(Illuminate\\Foundation\\Application), Array, Array, NULL)
#27 C:\\shuriza\\rekap\\rekap\\vendor\\laravel\\framework\\src\\Illuminate\\Console\\Command.php(211): Illuminate\\Container\\Container->call(Array)
#28 C:\\shuriza\\rekap\\rekap\\vendor\\symfony\\console\\Command\\Command.php(279): Illuminate\\Console\\Command->execute(Object(Symfony\\Component\\Console\\Input\\ArgvInput), Object(Illuminate\\Console\\OutputStyle))
#29 C:\\shuriza\\rekap\\rekap\\vendor\\laravel\\framework\\src\\Illuminate\\Console\\Command.php(180): Symfony\\Component\\Console\\Command\\Command->run(Object(Symfony\\Component\\Console\\Input\\ArgvInput), Object(Illuminate\\Console\\OutputStyle))
#30 C:\\shuriza\\rekap\\rekap\\vendor\\symfony\\console\\Application.php(1094): Illuminate\\Console\\Command->run(Object(Symfony\\Component\\Console\\Input\\ArgvInput), Object(Symfony\\Component\\Console\\Output\\ConsoleOutput))
#31 C:\\shuriza\\rekap\\rekap\\vendor\\symfony\\console\\Application.php(342): Symfony\\Component\\Console\\Application->doRunCommand(Object(Illuminate\\Database\\Console\\Migrations\\MigrateCommand), Object(Symfony\\Component\\Console\\Input\\ArgvInput), Object(Symfony\\Component\\Console\\Output\\ConsoleOutput))
#32 C:\\shuriza\\rekap\\rekap\\vendor\\symfony\\console\\Application.php(193): Symfony\\Component\\Console\\Application->doRun(Object(Symfony\\Component\\Console\\Input\\ArgvInput), Object(Symfony\\Component\\Console\\Output\\ConsoleOutput))
#33 C:\\shuriza\\rekap\\rekap\\vendor\\laravel\\framework\\src\\Illuminate\\Foundation\\Console\\Kernel.php(197): Symfony\\Component\\Console\\Application->run(Object(Symfony\\Component\\Console\\Input\\ArgvInput), Object(Symfony\\Component\\Console\\Output\\ConsoleOutput))
#34 C:\\shuriza\\rekap\\rekap\\vendor\\laravel\\framework\\src\\Illuminate\\Foundation\\Application.php(1234): Illuminate\\Foundation\\Console\\Kernel->handle(Object(Symfony\\Component\\Console\\Input\\ArgvInput), Object(Symfony\\Component\\Console\\Output\\ConsoleOutput))
#35 C:\\shuriza\\rekap\\rekap\\artisan(16): Illuminate\\Foundation\\Application->handleCommand(Object(Symfony\\Component\\Console\\Input\\ArgvInput))
#36 {main}
"} 
[2025-07-04 06:13:18] local.ERROR: SQLSTATE[HY000]: General error: 1824 Failed to open the referenced table 'pegawai' (Connection: mysql, SQL: alter table `izin_presensi` add constraint `izin_presensi_pegawai_id_foreign` foreign key (`pegawai_id`) references `pegawai` (`id`) on delete cascade) {"exception":"[object] (Illuminate\\Database\\QueryException(code: HY000): SQLSTATE[HY000]: General error: 1824 Failed to open the referenced table 'pegawai' (Connection: mysql, SQL: alter table `izin_presensi` add constraint `izin_presensi_pegawai_id_foreign` foreign key (`pegawai_id`) references `pegawai` (`id`) on delete cascade) at C:\\shuriza\\rekap\\rekap\\vendor\\laravel\\framework\\src\\Illuminate\\Database\\Connection.php:822)
[stacktrace]
#0 C:\\shuriza\\rekap\\rekap\\vendor\\laravel\\framework\\src\\Illuminate\\Database\\Connection.php(776): Illuminate\\Database\\Connection->runQueryCallback('alter table `iz...', Array, Object(Closure))
#1 C:\\shuriza\\rekap\\rekap\\vendor\\laravel\\framework\\src\\Illuminate\\Database\\Connection.php(557): Illuminate\\Database\\Connection->run('alter table `iz...', Array, Object(Closure))
#2 C:\\shuriza\\rekap\\rekap\\vendor\\laravel\\framework\\src\\Illuminate\\Database\\Schema\\Blueprint.php(119): Illuminate\\Database\\Connection->statement('alter table `iz...')
#3 C:\\shuriza\\rekap\\rekap\\vendor\\laravel\\framework\\src\\Illuminate\\Database\\Schema\\Builder.php(618): Illuminate\\Database\\Schema\\Blueprint->build()
#4 C:\\shuriza\\rekap\\rekap\\vendor\\laravel\\framework\\src\\Illuminate\\Database\\Schema\\Builder.php(472): Illuminate\\Database\\Schema\\Builder->build(Object(Illuminate\\Database\\Schema\\Blueprint))
#5 C:\\shuriza\\rekap\\rekap\\vendor\\laravel\\framework\\src\\Illuminate\\Support\\Facades\\Facade.php(361): Illuminate\\Database\\Schema\\Builder->create('izin_presensi', Object(Closure))
#6 C:\\shuriza\\rekap\\rekap\\database\\migrations\\2025_07_04_060603_create_izin_presensi_table.php(11): Illuminate\\Support\\Facades\\Facade::__callStatic('create', Array)
#7 C:\\shuriza\\rekap\\rekap\\vendor\\laravel\\framework\\src\\Illuminate\\Database\\Migrations\\Migrator.php(514): CreateIzinPresensiTable->up()
#8 C:\\shuriza\\rekap\\rekap\\vendor\\laravel\\framework\\src\\Illuminate\\Database\\Migrations\\Migrator.php(439): Illuminate\\Database\\Migrations\\Migrator->runMethod(Object(Illuminate\\Database\\MySqlConnection), Object(CreateIzinPresensiTable), 'up')
#9 C:\\shuriza\\rekap\\rekap\\vendor\\laravel\\framework\\src\\Illuminate\\Database\\Migrations\\Migrator.php(448): Illuminate\\Database\\Migrations\\Migrator->Illuminate\\Database\\Migrations\\{closure}()
#10 C:\\shuriza\\rekap\\rekap\\vendor\\laravel\\framework\\src\\Illuminate\\Database\\Migrations\\Migrator.php(250): Illuminate\\Database\\Migrations\\Migrator->runMigration(Object(CreateIzinPresensiTable), 'up')
#11 C:\\shuriza\\rekap\\rekap\\vendor\\laravel\\framework\\src\\Illuminate\\Console\\View\\Components\\Task.php(41): Illuminate\\Database\\Migrations\\Migrator->Illuminate\\Database\\Migrations\\{closure}()
#12 C:\\shuriza\\rekap\\rekap\\vendor\\laravel\\framework\\src\\Illuminate\\Database\\Migrations\\Migrator.php(805): Illuminate\\Console\\View\\Components\\Task->render('2025_07_04_0606...', Object(Closure))
#13 C:\\shuriza\\rekap\\rekap\\vendor\\laravel\\framework\\src\\Illuminate\\Database\\Migrations\\Migrator.php(250): Illuminate\\Database\\Migrations\\Migrator->write('Illuminate\\\\Cons...', '2025_07_04_0606...', Object(Closure))
#14 C:\\shuriza\\rekap\\rekap\\vendor\\laravel\\framework\\src\\Illuminate\\Database\\Migrations\\Migrator.php(210): Illuminate\\Database\\Migrations\\Migrator->runUp('C:\\\\shuriza\\\\reka...', 1, false)
#15 C:\\shuriza\\rekap\\rekap\\vendor\\laravel\\framework\\src\\Illuminate\\Database\\Migrations\\Migrator.php(137): Illuminate\\Database\\Migrations\\Migrator->runPending(Array, Array)
#16 C:\\shuriza\\rekap\\rekap\\vendor\\laravel\\framework\\src\\Illuminate\\Database\\Console\\Migrations\\MigrateCommand.php(116): Illuminate\\Database\\Migrations\\Migrator->run(Array, Array)
#17 C:\\shuriza\\rekap\\rekap\\vendor\\laravel\\framework\\src\\Illuminate\\Database\\Migrations\\Migrator.php(665): Illuminate\\Database\\Console\\Migrations\\MigrateCommand->Illuminate\\Database\\Console\\Migrations\\{closure}()
#18 C:\\shuriza\\rekap\\rekap\\vendor\\laravel\\framework\\src\\Illuminate\\Database\\Console\\Migrations\\MigrateCommand.php(109): Illuminate\\Database\\Migrations\\Migrator->usingConnection(NULL, Object(Closure))
#19 C:\\shuriza\\rekap\\rekap\\vendor\\laravel\\framework\\src\\Illuminate\\Database\\Console\\Migrations\\MigrateCommand.php(88): Illuminate\\Database\\Console\\Migrations\\MigrateCommand->runMigrations()
#20 C:\\shuriza\\rekap\\rekap\\vendor\\laravel\\framework\\src\\Illuminate\\Container\\BoundMethod.php(36): Illuminate\\Database\\Console\\Migrations\\MigrateCommand->handle()
#21 C:\\shuriza\\rekap\\rekap\\vendor\\laravel\\framework\\src\\Illuminate\\Container\\Util.php(43): Illuminate\\Container\\BoundMethod::Illuminate\\Container\\{closure}()
#22 C:\\shuriza\\rekap\\rekap\\vendor\\laravel\\framework\\src\\Illuminate\\Container\\BoundMethod.php(96): Illuminate\\Container\\Util::unwrapIfClosure(Object(Closure))
#23 C:\\shuriza\\rekap\\rekap\\vendor\\laravel\\framework\\src\\Illuminate\\Container\\BoundMethod.php(35): Illuminate\\Container\\BoundMethod::callBoundMethod(Object(Illuminate\\Foundation\\Application), Array, Object(Closure))
#24 C:\\shuriza\\rekap\\rekap\\vendor\\laravel\\framework\\src\\Illuminate\\Container\\Container.php(754): Illuminate\\Container\\BoundMethod::call(Object(Illuminate\\Foundation\\Application), Array, Array, NULL)
#25 C:\\shuriza\\rekap\\rekap\\vendor\\laravel\\framework\\src\\Illuminate\\Console\\Command.php(211): Illuminate\\Container\\Container->call(Array)
#26 C:\\shuriza\\rekap\\rekap\\vendor\\symfony\\console\\Command\\Command.php(279): Illuminate\\Console\\Command->execute(Object(Symfony\\Component\\Console\\Input\\ArgvInput), Object(Illuminate\\Console\\OutputStyle))
#27 C:\\shuriza\\rekap\\rekap\\vendor\\laravel\\framework\\src\\Illuminate\\Console\\Command.php(180): Symfony\\Component\\Console\\Command\\Command->run(Object(Symfony\\Component\\Console\\Input\\ArgvInput), Object(Illuminate\\Console\\OutputStyle))
#28 C:\\shuriza\\rekap\\rekap\\vendor\\symfony\\console\\Application.php(1094): Illuminate\\Console\\Command->run(Object(Symfony\\Component\\Console\\Input\\ArgvInput), Object(Symfony\\Component\\Console\\Output\\ConsoleOutput))
#29 C:\\shuriza\\rekap\\rekap\\vendor\\symfony\\console\\Application.php(342): Symfony\\Component\\Console\\Application->doRunCommand(Object(Illuminate\\Database\\Console\\Migrations\\MigrateCommand), Object(Symfony\\Component\\Console\\Input\\ArgvInput), Object(Symfony\\Component\\Console\\Output\\ConsoleOutput))
#30 C:\\shuriza\\rekap\\rekap\\vendor\\symfony\\console\\Application.php(193): Symfony\\Component\\Console\\Application->doRun(Object(Symfony\\Component\\Console\\Input\\ArgvInput), Object(Symfony\\Component\\Console\\Output\\ConsoleOutput))
#31 C:\\shuriza\\rekap\\rekap\\vendor\\laravel\\framework\\src\\Illuminate\\Foundation\\Console\\Kernel.php(197): Symfony\\Component\\Console\\Application->run(Object(Symfony\\Component\\Console\\Input\\ArgvInput), Object(Symfony\\Component\\Console\\Output\\ConsoleOutput))
#32 C:\\shuriza\\rekap\\rekap\\vendor\\laravel\\framework\\src\\Illuminate\\Foundation\\Application.php(1234): Illuminate\\Foundation\\Console\\Kernel->handle(Object(Symfony\\Component\\Console\\Input\\ArgvInput), Object(Symfony\\Component\\Console\\Output\\ConsoleOutput))
#33 C:\\shuriza\\rekap\\rekap\\artisan(16): Illuminate\\Foundation\\Application->handleCommand(Object(Symfony\\Component\\Console\\Input\\ArgvInput))
#34 {main}

[previous exception] [object] (PDOException(code: HY000): SQLSTATE[HY000]: General error: 1824 Failed to open the referenced table 'pegawai' at C:\\shuriza\\rekap\\rekap\\vendor\\laravel\\framework\\src\\Illuminate\\Database\\Connection.php:568)
[stacktrace]
#0 C:\\shuriza\\rekap\\rekap\\vendor\\laravel\\framework\\src\\Illuminate\\Database\\Connection.php(568): PDOStatement->execute()
#1 C:\\shuriza\\rekap\\rekap\\vendor\\laravel\\framework\\src\\Illuminate\\Database\\Connection.php(809): Illuminate\\Database\\Connection->Illuminate\\Database\\{closure}('alter table `iz...', Array)
#2 C:\\shuriza\\rekap\\rekap\\vendor\\laravel\\framework\\src\\Illuminate\\Database\\Connection.php(776): Illuminate\\Database\\Connection->runQueryCallback('alter table `iz...', Array, Object(Closure))
#3 C:\\shuriza\\rekap\\rekap\\vendor\\laravel\\framework\\src\\Illuminate\\Database\\Connection.php(557): Illuminate\\Database\\Connection->run('alter table `iz...', Array, Object(Closure))
#4 C:\\shuriza\\rekap\\rekap\\vendor\\laravel\\framework\\src\\Illuminate\\Database\\Schema\\Blueprint.php(119): Illuminate\\Database\\Connection->statement('alter table `iz...')
#5 C:\\shuriza\\rekap\\rekap\\vendor\\laravel\\framework\\src\\Illuminate\\Database\\Schema\\Builder.php(618): Illuminate\\Database\\Schema\\Blueprint->build()
#6 C:\\shuriza\\rekap\\rekap\\vendor\\laravel\\framework\\src\\Illuminate\\Database\\Schema\\Builder.php(472): Illuminate\\Database\\Schema\\Builder->build(Object(Illuminate\\Database\\Schema\\Blueprint))
#7 C:\\shuriza\\rekap\\rekap\\vendor\\laravel\\framework\\src\\Illuminate\\Support\\Facades\\Facade.php(361): Illuminate\\Database\\Schema\\Builder->create('izin_presensi', Object(Closure))
#8 C:\\shuriza\\rekap\\rekap\\database\\migrations\\2025_07_04_060603_create_izin_presensi_table.php(11): Illuminate\\Support\\Facades\\Facade::__callStatic('create', Array)
#9 C:\\shuriza\\rekap\\rekap\\vendor\\laravel\\framework\\src\\Illuminate\\Database\\Migrations\\Migrator.php(514): CreateIzinPresensiTable->up()
#10 C:\\shuriza\\rekap\\rekap\\vendor\\laravel\\framework\\src\\Illuminate\\Database\\Migrations\\Migrator.php(439): Illuminate\\Database\\Migrations\\Migrator->runMethod(Object(Illuminate\\Database\\MySqlConnection), Object(CreateIzinPresensiTable), 'up')
#11 C:\\shuriza\\rekap\\rekap\\vendor\\laravel\\framework\\src\\Illuminate\\Database\\Migrations\\Migrator.php(448): Illuminate\\Database\\Migrations\\Migrator->Illuminate\\Database\\Migrations\\{closure}()
#12 C:\\shuriza\\rekap\\rekap\\vendor\\laravel\\framework\\src\\Illuminate\\Database\\Migrations\\Migrator.php(250): Illuminate\\Database\\Migrations\\Migrator->runMigration(Object(CreateIzinPresensiTable), 'up')
#13 C:\\shuriza\\rekap\\rekap\\vendor\\laravel\\framework\\src\\Illuminate\\Console\\View\\Components\\Task.php(41): Illuminate\\Database\\Migrations\\Migrator->Illuminate\\Database\\Migrations\\{closure}()
#14 C:\\shuriza\\rekap\\rekap\\vendor\\laravel\\framework\\src\\Illuminate\\Database\\Migrations\\Migrator.php(805): Illuminate\\Console\\View\\Components\\Task->render('2025_07_04_0606...', Object(Closure))
#15 C:\\shuriza\\rekap\\rekap\\vendor\\laravel\\framework\\src\\Illuminate\\Database\\Migrations\\Migrator.php(250): Illuminate\\Database\\Migrations\\Migrator->write('Illuminate\\\\Cons...', '2025_07_04_0606...', Object(Closure))
#16 C:\\shuriza\\rekap\\rekap\\vendor\\laravel\\framework\\src\\Illuminate\\Database\\Migrations\\Migrator.php(210): Illuminate\\Database\\Migrations\\Migrator->runUp('C:\\\\shuriza\\\\reka...', 1, false)
#17 C:\\shuriza\\rekap\\rekap\\vendor\\laravel\\framework\\src\\Illuminate\\Database\\Migrations\\Migrator.php(137): Illuminate\\Database\\Migrations\\Migrator->runPending(Array, Array)
#18 C:\\shuriza\\rekap\\rekap\\vendor\\laravel\\framework\\src\\Illuminate\\Database\\Console\\Migrations\\MigrateCommand.php(116): Illuminate\\Database\\Migrations\\Migrator->run(Array, Array)
#19 C:\\shuriza\\rekap\\rekap\\vendor\\laravel\\framework\\src\\Illuminate\\Database\\Migrations\\Migrator.php(665): Illuminate\\Database\\Console\\Migrations\\MigrateCommand->Illuminate\\Database\\Console\\Migrations\\{closure}()
#20 C:\\shuriza\\rekap\\rekap\\vendor\\laravel\\framework\\src\\Illuminate\\Database\\Console\\Migrations\\MigrateCommand.php(109): Illuminate\\Database\\Migrations\\Migrator->usingConnection(NULL, Object(Closure))
#21 C:\\shuriza\\rekap\\rekap\\vendor\\laravel\\framework\\src\\Illuminate\\Database\\Console\\Migrations\\MigrateCommand.php(88): Illuminate\\Database\\Console\\Migrations\\MigrateCommand->runMigrations()
#22 C:\\shuriza\\rekap\\rekap\\vendor\\laravel\\framework\\src\\Illuminate\\Container\\BoundMethod.php(36): Illuminate\\Database\\Console\\Migrations\\MigrateCommand->handle()
#23 C:\\shuriza\\rekap\\rekap\\vendor\\laravel\\framework\\src\\Illuminate\\Container\\Util.php(43): Illuminate\\Container\\BoundMethod::Illuminate\\Container\\{closure}()
#24 C:\\shuriza\\rekap\\rekap\\vendor\\laravel\\framework\\src\\Illuminate\\Container\\BoundMethod.php(96): Illuminate\\Container\\Util::unwrapIfClosure(Object(Closure))
#25 C:\\shuriza\\rekap\\rekap\\vendor\\laravel\\framework\\src\\Illuminate\\Container\\BoundMethod.php(35): Illuminate\\Container\\BoundMethod::callBoundMethod(Object(Illuminate\\Foundation\\Application), Array, Object(Closure))
#26 C:\\shuriza\\rekap\\rekap\\vendor\\laravel\\framework\\src\\Illuminate\\Container\\Container.php(754): Illuminate\\Container\\BoundMethod::call(Object(Illuminate\\Foundation\\Application), Array, Array, NULL)
#27 C:\\shuriza\\rekap\\rekap\\vendor\\laravel\\framework\\src\\Illuminate\\Console\\Command.php(211): Illuminate\\Container\\Container->call(Array)
#28 C:\\shuriza\\rekap\\rekap\\vendor\\symfony\\console\\Command\\Command.php(279): Illuminate\\Console\\Command->execute(Object(Symfony\\Component\\Console\\Input\\ArgvInput), Object(Illuminate\\Console\\OutputStyle))
#29 C:\\shuriza\\rekap\\rekap\\vendor\\laravel\\framework\\src\\Illuminate\\Console\\Command.php(180): Symfony\\Component\\Console\\Command\\Command->run(Object(Symfony\\Component\\Console\\Input\\ArgvInput), Object(Illuminate\\Console\\OutputStyle))
#30 C:\\shuriza\\rekap\\rekap\\vendor\\symfony\\console\\Application.php(1094): Illuminate\\Console\\Command->run(Object(Symfony\\Component\\Console\\Input\\ArgvInput), Object(Symfony\\Component\\Console\\Output\\ConsoleOutput))
#31 C:\\shuriza\\rekap\\rekap\\vendor\\symfony\\console\\Application.php(342): Symfony\\Component\\Console\\Application->doRunCommand(Object(Illuminate\\Database\\Console\\Migrations\\MigrateCommand), Object(Symfony\\Component\\Console\\Input\\ArgvInput), Object(Symfony\\Component\\Console\\Output\\ConsoleOutput))
#32 C:\\shuriza\\rekap\\rekap\\vendor\\symfony\\console\\Application.php(193): Symfony\\Component\\Console\\Application->doRun(Object(Symfony\\Component\\Console\\Input\\ArgvInput), Object(Symfony\\Component\\Console\\Output\\ConsoleOutput))
#33 C:\\shuriza\\rekap\\rekap\\vendor\\laravel\\framework\\src\\Illuminate\\Foundation\\Console\\Kernel.php(197): Symfony\\Component\\Console\\Application->run(Object(Symfony\\Component\\Console\\Input\\ArgvInput), Object(Symfony\\Component\\Console\\Output\\ConsoleOutput))
#34 C:\\shuriza\\rekap\\rekap\\vendor\\laravel\\framework\\src\\Illuminate\\Foundation\\Application.php(1234): Illuminate\\Foundation\\Console\\Kernel->handle(Object(Symfony\\Component\\Console\\Input\\ArgvInput), Object(Symfony\\Component\\Console\\Output\\ConsoleOutput))
#35 C:\\shuriza\\rekap\\rekap\\artisan(16): Illuminate\\Foundation\\Application->handleCommand(Object(Symfony\\Component\\Console\\Input\\ArgvInput))
#36 {main}
"} 
[2025-07-04 06:16:24] local.ERROR: SQLSTATE[HY000]: General error: 1824 Failed to open the referenced table 'pegawai' (Connection: mysql, SQL: alter table `izin_presensi` add constraint `izin_presensi_pegawai_id_foreign` foreign key (`pegawai_id`) references `pegawai` (`id`) on delete cascade) {"exception":"[object] (Illuminate\\Database\\QueryException(code: HY000): SQLSTATE[HY000]: General error: 1824 Failed to open the referenced table 'pegawai' (Connection: mysql, SQL: alter table `izin_presensi` add constraint `izin_presensi_pegawai_id_foreign` foreign key (`pegawai_id`) references `pegawai` (`id`) on delete cascade) at C:\\shuriza\\rekap\\rekap\\vendor\\laravel\\framework\\src\\Illuminate\\Database\\Connection.php:822)
[stacktrace]
#0 C:\\shuriza\\rekap\\rekap\\vendor\\laravel\\framework\\src\\Illuminate\\Database\\Connection.php(776): Illuminate\\Database\\Connection->runQueryCallback('alter table `iz...', Array, Object(Closure))
#1 C:\\shuriza\\rekap\\rekap\\vendor\\laravel\\framework\\src\\Illuminate\\Database\\Connection.php(557): Illuminate\\Database\\Connection->run('alter table `iz...', Array, Object(Closure))
#2 C:\\shuriza\\rekap\\rekap\\vendor\\laravel\\framework\\src\\Illuminate\\Database\\Schema\\Blueprint.php(119): Illuminate\\Database\\Connection->statement('alter table `iz...')
#3 C:\\shuriza\\rekap\\rekap\\vendor\\laravel\\framework\\src\\Illuminate\\Database\\Schema\\Builder.php(618): Illuminate\\Database\\Schema\\Blueprint->build()
#4 C:\\shuriza\\rekap\\rekap\\vendor\\laravel\\framework\\src\\Illuminate\\Database\\Schema\\Builder.php(472): Illuminate\\Database\\Schema\\Builder->build(Object(Illuminate\\Database\\Schema\\Blueprint))
#5 C:\\shuriza\\rekap\\rekap\\vendor\\laravel\\framework\\src\\Illuminate\\Support\\Facades\\Facade.php(361): Illuminate\\Database\\Schema\\Builder->create('izin_presensi', Object(Closure))
#6 C:\\shuriza\\rekap\\rekap\\database\\migrations\\2025_07_04_060603_create_izin_presensi_table.php(11): Illuminate\\Support\\Facades\\Facade::__callStatic('create', Array)
#7 C:\\shuriza\\rekap\\rekap\\vendor\\laravel\\framework\\src\\Illuminate\\Database\\Migrations\\Migrator.php(514): CreateIzinPresensiTable->up()
#8 C:\\shuriza\\rekap\\rekap\\vendor\\laravel\\framework\\src\\Illuminate\\Database\\Migrations\\Migrator.php(439): Illuminate\\Database\\Migrations\\Migrator->runMethod(Object(Illuminate\\Database\\MySqlConnection), Object(CreateIzinPresensiTable), 'up')
#9 C:\\shuriza\\rekap\\rekap\\vendor\\laravel\\framework\\src\\Illuminate\\Database\\Migrations\\Migrator.php(448): Illuminate\\Database\\Migrations\\Migrator->Illuminate\\Database\\Migrations\\{closure}()
#10 C:\\shuriza\\rekap\\rekap\\vendor\\laravel\\framework\\src\\Illuminate\\Database\\Migrations\\Migrator.php(250): Illuminate\\Database\\Migrations\\Migrator->runMigration(Object(CreateIzinPresensiTable), 'up')
#11 C:\\shuriza\\rekap\\rekap\\vendor\\laravel\\framework\\src\\Illuminate\\Console\\View\\Components\\Task.php(41): Illuminate\\Database\\Migrations\\Migrator->Illuminate\\Database\\Migrations\\{closure}()
#12 C:\\shuriza\\rekap\\rekap\\vendor\\laravel\\framework\\src\\Illuminate\\Database\\Migrations\\Migrator.php(805): Illuminate\\Console\\View\\Components\\Task->render('2025_07_04_0606...', Object(Closure))
#13 C:\\shuriza\\rekap\\rekap\\vendor\\laravel\\framework\\src\\Illuminate\\Database\\Migrations\\Migrator.php(250): Illuminate\\Database\\Migrations\\Migrator->write('Illuminate\\\\Cons...', '2025_07_04_0606...', Object(Closure))
#14 C:\\shuriza\\rekap\\rekap\\vendor\\laravel\\framework\\src\\Illuminate\\Database\\Migrations\\Migrator.php(210): Illuminate\\Database\\Migrations\\Migrator->runUp('C:\\\\shuriza\\\\reka...', 3, false)
#15 C:\\shuriza\\rekap\\rekap\\vendor\\laravel\\framework\\src\\Illuminate\\Database\\Migrations\\Migrator.php(137): Illuminate\\Database\\Migrations\\Migrator->runPending(Array, Array)
#16 C:\\shuriza\\rekap\\rekap\\vendor\\laravel\\framework\\src\\Illuminate\\Database\\Console\\Migrations\\MigrateCommand.php(116): Illuminate\\Database\\Migrations\\Migrator->run(Array, Array)
#17 C:\\shuriza\\rekap\\rekap\\vendor\\laravel\\framework\\src\\Illuminate\\Database\\Migrations\\Migrator.php(665): Illuminate\\Database\\Console\\Migrations\\MigrateCommand->Illuminate\\Database\\Console\\Migrations\\{closure}()
#18 C:\\shuriza\\rekap\\rekap\\vendor\\laravel\\framework\\src\\Illuminate\\Database\\Console\\Migrations\\MigrateCommand.php(109): Illuminate\\Database\\Migrations\\Migrator->usingConnection(NULL, Object(Closure))
#19 C:\\shuriza\\rekap\\rekap\\vendor\\laravel\\framework\\src\\Illuminate\\Database\\Console\\Migrations\\MigrateCommand.php(88): Illuminate\\Database\\Console\\Migrations\\MigrateCommand->runMigrations()
#20 C:\\shuriza\\rekap\\rekap\\vendor\\laravel\\framework\\src\\Illuminate\\Container\\BoundMethod.php(36): Illuminate\\Database\\Console\\Migrations\\MigrateCommand->handle()
#21 C:\\shuriza\\rekap\\rekap\\vendor\\laravel\\framework\\src\\Illuminate\\Container\\Util.php(43): Illuminate\\Container\\BoundMethod::Illuminate\\Container\\{closure}()
#22 C:\\shuriza\\rekap\\rekap\\vendor\\laravel\\framework\\src\\Illuminate\\Container\\BoundMethod.php(96): Illuminate\\Container\\Util::unwrapIfClosure(Object(Closure))
#23 C:\\shuriza\\rekap\\rekap\\vendor\\laravel\\framework\\src\\Illuminate\\Container\\BoundMethod.php(35): Illuminate\\Container\\BoundMethod::callBoundMethod(Object(Illuminate\\Foundation\\Application), Array, Object(Closure))
#24 C:\\shuriza\\rekap\\rekap\\vendor\\laravel\\framework\\src\\Illuminate\\Container\\Container.php(754): Illuminate\\Container\\BoundMethod::call(Object(Illuminate\\Foundation\\Application), Array, Array, NULL)
#25 C:\\shuriza\\rekap\\rekap\\vendor\\laravel\\framework\\src\\Illuminate\\Console\\Command.php(211): Illuminate\\Container\\Container->call(Array)
#26 C:\\shuriza\\rekap\\rekap\\vendor\\symfony\\console\\Command\\Command.php(279): Illuminate\\Console\\Command->execute(Object(Symfony\\Component\\Console\\Input\\ArgvInput), Object(Illuminate\\Console\\OutputStyle))
#27 C:\\shuriza\\rekap\\rekap\\vendor\\laravel\\framework\\src\\Illuminate\\Console\\Command.php(180): Symfony\\Component\\Console\\Command\\Command->run(Object(Symfony\\Component\\Console\\Input\\ArgvInput), Object(Illuminate\\Console\\OutputStyle))
#28 C:\\shuriza\\rekap\\rekap\\vendor\\symfony\\console\\Application.php(1094): Illuminate\\Console\\Command->run(Object(Symfony\\Component\\Console\\Input\\ArgvInput), Object(Symfony\\Component\\Console\\Output\\ConsoleOutput))
#29 C:\\shuriza\\rekap\\rekap\\vendor\\symfony\\console\\Application.php(342): Symfony\\Component\\Console\\Application->doRunCommand(Object(Illuminate\\Database\\Console\\Migrations\\MigrateCommand), Object(Symfony\\Component\\Console\\Input\\ArgvInput), Object(Symfony\\Component\\Console\\Output\\ConsoleOutput))
#30 C:\\shuriza\\rekap\\rekap\\vendor\\symfony\\console\\Application.php(193): Symfony\\Component\\Console\\Application->doRun(Object(Symfony\\Component\\Console\\Input\\ArgvInput), Object(Symfony\\Component\\Console\\Output\\ConsoleOutput))
#31 C:\\shuriza\\rekap\\rekap\\vendor\\laravel\\framework\\src\\Illuminate\\Foundation\\Console\\Kernel.php(197): Symfony\\Component\\Console\\Application->run(Object(Symfony\\Component\\Console\\Input\\ArgvInput), Object(Symfony\\Component\\Console\\Output\\ConsoleOutput))
#32 C:\\shuriza\\rekap\\rekap\\vendor\\laravel\\framework\\src\\Illuminate\\Foundation\\Application.php(1234): Illuminate\\Foundation\\Console\\Kernel->handle(Object(Symfony\\Component\\Console\\Input\\ArgvInput), Object(Symfony\\Component\\Console\\Output\\ConsoleOutput))
#33 C:\\shuriza\\rekap\\rekap\\artisan(16): Illuminate\\Foundation\\Application->handleCommand(Object(Symfony\\Component\\Console\\Input\\ArgvInput))
#34 {main}

[previous exception] [object] (PDOException(code: HY000): SQLSTATE[HY000]: General error: 1824 Failed to open the referenced table 'pegawai' at C:\\shuriza\\rekap\\rekap\\vendor\\laravel\\framework\\src\\Illuminate\\Database\\Connection.php:568)
[stacktrace]
#0 C:\\shuriza\\rekap\\rekap\\vendor\\laravel\\framework\\src\\Illuminate\\Database\\Connection.php(568): PDOStatement->execute()
#1 C:\\shuriza\\rekap\\rekap\\vendor\\laravel\\framework\\src\\Illuminate\\Database\\Connection.php(809): Illuminate\\Database\\Connection->Illuminate\\Database\\{closure}('alter table `iz...', Array)
#2 C:\\shuriza\\rekap\\rekap\\vendor\\laravel\\framework\\src\\Illuminate\\Database\\Connection.php(776): Illuminate\\Database\\Connection->runQueryCallback('alter table `iz...', Array, Object(Closure))
#3 C:\\shuriza\\rekap\\rekap\\vendor\\laravel\\framework\\src\\Illuminate\\Database\\Connection.php(557): Illuminate\\Database\\Connection->run('alter table `iz...', Array, Object(Closure))
#4 C:\\shuriza\\rekap\\rekap\\vendor\\laravel\\framework\\src\\Illuminate\\Database\\Schema\\Blueprint.php(119): Illuminate\\Database\\Connection->statement('alter table `iz...')
#5 C:\\shuriza\\rekap\\rekap\\vendor\\laravel\\framework\\src\\Illuminate\\Database\\Schema\\Builder.php(618): Illuminate\\Database\\Schema\\Blueprint->build()
#6 C:\\shuriza\\rekap\\rekap\\vendor\\laravel\\framework\\src\\Illuminate\\Database\\Schema\\Builder.php(472): Illuminate\\Database\\Schema\\Builder->build(Object(Illuminate\\Database\\Schema\\Blueprint))
#7 C:\\shuriza\\rekap\\rekap\\vendor\\laravel\\framework\\src\\Illuminate\\Support\\Facades\\Facade.php(361): Illuminate\\Database\\Schema\\Builder->create('izin_presensi', Object(Closure))
#8 C:\\shuriza\\rekap\\rekap\\database\\migrations\\2025_07_04_060603_create_izin_presensi_table.php(11): Illuminate\\Support\\Facades\\Facade::__callStatic('create', Array)
#9 C:\\shuriza\\rekap\\rekap\\vendor\\laravel\\framework\\src\\Illuminate\\Database\\Migrations\\Migrator.php(514): CreateIzinPresensiTable->up()
#10 C:\\shuriza\\rekap\\rekap\\vendor\\laravel\\framework\\src\\Illuminate\\Database\\Migrations\\Migrator.php(439): Illuminate\\Database\\Migrations\\Migrator->runMethod(Object(Illuminate\\Database\\MySqlConnection), Object(CreateIzinPresensiTable), 'up')
#11 C:\\shuriza\\rekap\\rekap\\vendor\\laravel\\framework\\src\\Illuminate\\Database\\Migrations\\Migrator.php(448): Illuminate\\Database\\Migrations\\Migrator->Illuminate\\Database\\Migrations\\{closure}()
#12 C:\\shuriza\\rekap\\rekap\\vendor\\laravel\\framework\\src\\Illuminate\\Database\\Migrations\\Migrator.php(250): Illuminate\\Database\\Migrations\\Migrator->runMigration(Object(CreateIzinPresensiTable), 'up')
#13 C:\\shuriza\\rekap\\rekap\\vendor\\laravel\\framework\\src\\Illuminate\\Console\\View\\Components\\Task.php(41): Illuminate\\Database\\Migrations\\Migrator->Illuminate\\Database\\Migrations\\{closure}()
#14 C:\\shuriza\\rekap\\rekap\\vendor\\laravel\\framework\\src\\Illuminate\\Database\\Migrations\\Migrator.php(805): Illuminate\\Console\\View\\Components\\Task->render('2025_07_04_0606...', Object(Closure))
#15 C:\\shuriza\\rekap\\rekap\\vendor\\laravel\\framework\\src\\Illuminate\\Database\\Migrations\\Migrator.php(250): Illuminate\\Database\\Migrations\\Migrator->write('Illuminate\\\\Cons...', '2025_07_04_0606...', Object(Closure))
#16 C:\\shuriza\\rekap\\rekap\\vendor\\laravel\\framework\\src\\Illuminate\\Database\\Migrations\\Migrator.php(210): Illuminate\\Database\\Migrations\\Migrator->runUp('C:\\\\shuriza\\\\reka...', 3, false)
#17 C:\\shuriza\\rekap\\rekap\\vendor\\laravel\\framework\\src\\Illuminate\\Database\\Migrations\\Migrator.php(137): Illuminate\\Database\\Migrations\\Migrator->runPending(Array, Array)
#18 C:\\shuriza\\rekap\\rekap\\vendor\\laravel\\framework\\src\\Illuminate\\Database\\Console\\Migrations\\MigrateCommand.php(116): Illuminate\\Database\\Migrations\\Migrator->run(Array, Array)
#19 C:\\shuriza\\rekap\\rekap\\vendor\\laravel\\framework\\src\\Illuminate\\Database\\Migrations\\Migrator.php(665): Illuminate\\Database\\Console\\Migrations\\MigrateCommand->Illuminate\\Database\\Console\\Migrations\\{closure}()
#20 C:\\shuriza\\rekap\\rekap\\vendor\\laravel\\framework\\src\\Illuminate\\Database\\Console\\Migrations\\MigrateCommand.php(109): Illuminate\\Database\\Migrations\\Migrator->usingConnection(NULL, Object(Closure))
#21 C:\\shuriza\\rekap\\rekap\\vendor\\laravel\\framework\\src\\Illuminate\\Database\\Console\\Migrations\\MigrateCommand.php(88): Illuminate\\Database\\Console\\Migrations\\MigrateCommand->runMigrations()
#22 C:\\shuriza\\rekap\\rekap\\vendor\\laravel\\framework\\src\\Illuminate\\Container\\BoundMethod.php(36): Illuminate\\Database\\Console\\Migrations\\MigrateCommand->handle()
#23 C:\\shuriza\\rekap\\rekap\\vendor\\laravel\\framework\\src\\Illuminate\\Container\\Util.php(43): Illuminate\\Container\\BoundMethod::Illuminate\\Container\\{closure}()
#24 C:\\shuriza\\rekap\\rekap\\vendor\\laravel\\framework\\src\\Illuminate\\Container\\BoundMethod.php(96): Illuminate\\Container\\Util::unwrapIfClosure(Object(Closure))
#25 C:\\shuriza\\rekap\\rekap\\vendor\\laravel\\framework\\src\\Illuminate\\Container\\BoundMethod.php(35): Illuminate\\Container\\BoundMethod::callBoundMethod(Object(Illuminate\\Foundation\\Application), Array, Object(Closure))
#26 C:\\shuriza\\rekap\\rekap\\vendor\\laravel\\framework\\src\\Illuminate\\Container\\Container.php(754): Illuminate\\Container\\BoundMethod::call(Object(Illuminate\\Foundation\\Application), Array, Array, NULL)
#27 C:\\shuriza\\rekap\\rekap\\vendor\\laravel\\framework\\src\\Illuminate\\Console\\Command.php(211): Illuminate\\Container\\Container->call(Array)
#28 C:\\shuriza\\rekap\\rekap\\vendor\\symfony\\console\\Command\\Command.php(279): Illuminate\\Console\\Command->execute(Object(Symfony\\Component\\Console\\Input\\ArgvInput), Object(Illuminate\\Console\\OutputStyle))
#29 C:\\shuriza\\rekap\\rekap\\vendor\\laravel\\framework\\src\\Illuminate\\Console\\Command.php(180): Symfony\\Component\\Console\\Command\\Command->run(Object(Symfony\\Component\\Console\\Input\\ArgvInput), Object(Illuminate\\Console\\OutputStyle))
#30 C:\\shuriza\\rekap\\rekap\\vendor\\symfony\\console\\Application.php(1094): Illuminate\\Console\\Command->run(Object(Symfony\\Component\\Console\\Input\\ArgvInput), Object(Symfony\\Component\\Console\\Output\\ConsoleOutput))
#31 C:\\shuriza\\rekap\\rekap\\vendor\\symfony\\console\\Application.php(342): Symfony\\Component\\Console\\Application->doRunCommand(Object(Illuminate\\Database\\Console\\Migrations\\MigrateCommand), Object(Symfony\\Component\\Console\\Input\\ArgvInput), Object(Symfony\\Component\\Console\\Output\\ConsoleOutput))
#32 C:\\shuriza\\rekap\\rekap\\vendor\\symfony\\console\\Application.php(193): Symfony\\Component\\Console\\Application->doRun(Object(Symfony\\Component\\Console\\Input\\ArgvInput), Object(Symfony\\Component\\Console\\Output\\ConsoleOutput))
#33 C:\\shuriza\\rekap\\rekap\\vendor\\laravel\\framework\\src\\Illuminate\\Foundation\\Console\\Kernel.php(197): Symfony\\Component\\Console\\Application->run(Object(Symfony\\Component\\Console\\Input\\ArgvInput), Object(Symfony\\Component\\Console\\Output\\ConsoleOutput))
#34 C:\\shuriza\\rekap\\rekap\\vendor\\laravel\\framework\\src\\Illuminate\\Foundation\\Application.php(1234): Illuminate\\Foundation\\Console\\Kernel->handle(Object(Symfony\\Component\\Console\\Input\\ArgvInput), Object(Symfony\\Component\\Console\\Output\\ConsoleOutput))
#35 C:\\shuriza\\rekap\\rekap\\artisan(16): Illuminate\\Foundation\\Application->handleCommand(Object(Symfony\\Component\\Console\\Input\\ArgvInput))
#36 {main}
"} 
[2025-07-04 06:17:57] local.ERROR: SQLSTATE[42S01]: Base table or view already exists: 1050 Table 'izin_presensi' already exists (Connection: mysql, SQL: create table `izin_presensi` (`id` bigint unsigned not null auto_increment primary key, `pegawai_id` bigint unsigned not null, `tipe_ijin` enum('Ijin Penuh', 'Ijin Setengah', 'Terlambat', 'Pulang Cepat') not null, `tanggal_awal` date not null, `tanggal_akhir` date null, `jenis_ijin` varchar(255) not null, `berkas` varchar(255) null, `keterangan` text null, `created_at` timestamp null, `updated_at` timestamp null) default character set utf8mb4 collate 'utf8mb4_unicode_ci') {"exception":"[object] (Illuminate\\Database\\QueryException(code: 42S01): SQLSTATE[42S01]: Base table or view already exists: 1050 Table 'izin_presensi' already exists (Connection: mysql, SQL: create table `izin_presensi` (`id` bigint unsigned not null auto_increment primary key, `pegawai_id` bigint unsigned not null, `tipe_ijin` enum('Ijin Penuh', 'Ijin Setengah', 'Terlambat', 'Pulang Cepat') not null, `tanggal_awal` date not null, `tanggal_akhir` date null, `jenis_ijin` varchar(255) not null, `berkas` varchar(255) null, `keterangan` text null, `created_at` timestamp null, `updated_at` timestamp null) default character set utf8mb4 collate 'utf8mb4_unicode_ci') at C:\\shuriza\\rekap\\rekap\\vendor\\laravel\\framework\\src\\Illuminate\\Database\\Connection.php:822)
[stacktrace]
#0 C:\\shuriza\\rekap\\rekap\\vendor\\laravel\\framework\\src\\Illuminate\\Database\\Connection.php(776): Illuminate\\Database\\Connection->runQueryCallback('create table `i...', Array, Object(Closure))
#1 C:\\shuriza\\rekap\\rekap\\vendor\\laravel\\framework\\src\\Illuminate\\Database\\Connection.php(557): Illuminate\\Database\\Connection->run('create table `i...', Array, Object(Closure))
#2 C:\\shuriza\\rekap\\rekap\\vendor\\laravel\\framework\\src\\Illuminate\\Database\\Schema\\Blueprint.php(119): Illuminate\\Database\\Connection->statement('create table `i...')
#3 C:\\shuriza\\rekap\\rekap\\vendor\\laravel\\framework\\src\\Illuminate\\Database\\Schema\\Builder.php(618): Illuminate\\Database\\Schema\\Blueprint->build()
#4 C:\\shuriza\\rekap\\rekap\\vendor\\laravel\\framework\\src\\Illuminate\\Database\\Schema\\Builder.php(472): Illuminate\\Database\\Schema\\Builder->build(Object(Illuminate\\Database\\Schema\\Blueprint))
#5 C:\\shuriza\\rekap\\rekap\\vendor\\laravel\\framework\\src\\Illuminate\\Support\\Facades\\Facade.php(361): Illuminate\\Database\\Schema\\Builder->create('izin_presensi', Object(Closure))
#6 C:\\shuriza\\rekap\\rekap\\database\\migrations\\2025_07_04_060603_create_izin_presensi_table.php(11): Illuminate\\Support\\Facades\\Facade::__callStatic('create', Array)
#7 C:\\shuriza\\rekap\\rekap\\vendor\\laravel\\framework\\src\\Illuminate\\Database\\Migrations\\Migrator.php(514): CreateIzinPresensiTable->up()
#8 C:\\shuriza\\rekap\\rekap\\vendor\\laravel\\framework\\src\\Illuminate\\Database\\Migrations\\Migrator.php(439): Illuminate\\Database\\Migrations\\Migrator->runMethod(Object(Illuminate\\Database\\MySqlConnection), Object(CreateIzinPresensiTable), 'up')
#9 C:\\shuriza\\rekap\\rekap\\vendor\\laravel\\framework\\src\\Illuminate\\Database\\Migrations\\Migrator.php(448): Illuminate\\Database\\Migrations\\Migrator->Illuminate\\Database\\Migrations\\{closure}()
#10 C:\\shuriza\\rekap\\rekap\\vendor\\laravel\\framework\\src\\Illuminate\\Database\\Migrations\\Migrator.php(250): Illuminate\\Database\\Migrations\\Migrator->runMigration(Object(CreateIzinPresensiTable), 'up')
#11 C:\\shuriza\\rekap\\rekap\\vendor\\laravel\\framework\\src\\Illuminate\\Console\\View\\Components\\Task.php(41): Illuminate\\Database\\Migrations\\Migrator->Illuminate\\Database\\Migrations\\{closure}()
#12 C:\\shuriza\\rekap\\rekap\\vendor\\laravel\\framework\\src\\Illuminate\\Database\\Migrations\\Migrator.php(805): Illuminate\\Console\\View\\Components\\Task->render('2025_07_04_0606...', Object(Closure))
#13 C:\\shuriza\\rekap\\rekap\\vendor\\laravel\\framework\\src\\Illuminate\\Database\\Migrations\\Migrator.php(250): Illuminate\\Database\\Migrations\\Migrator->write('Illuminate\\\\Cons...', '2025_07_04_0606...', Object(Closure))
#14 C:\\shuriza\\rekap\\rekap\\vendor\\laravel\\framework\\src\\Illuminate\\Database\\Migrations\\Migrator.php(210): Illuminate\\Database\\Migrations\\Migrator->runUp('C:\\\\shuriza\\\\reka...', 3, false)
#15 C:\\shuriza\\rekap\\rekap\\vendor\\laravel\\framework\\src\\Illuminate\\Database\\Migrations\\Migrator.php(137): Illuminate\\Database\\Migrations\\Migrator->runPending(Array, Array)
#16 C:\\shuriza\\rekap\\rekap\\vendor\\laravel\\framework\\src\\Illuminate\\Database\\Console\\Migrations\\MigrateCommand.php(116): Illuminate\\Database\\Migrations\\Migrator->run(Array, Array)
#17 C:\\shuriza\\rekap\\rekap\\vendor\\laravel\\framework\\src\\Illuminate\\Database\\Migrations\\Migrator.php(665): Illuminate\\Database\\Console\\Migrations\\MigrateCommand->Illuminate\\Database\\Console\\Migrations\\{closure}()
#18 C:\\shuriza\\rekap\\rekap\\vendor\\laravel\\framework\\src\\Illuminate\\Database\\Console\\Migrations\\MigrateCommand.php(109): Illuminate\\Database\\Migrations\\Migrator->usingConnection(NULL, Object(Closure))
#19 C:\\shuriza\\rekap\\rekap\\vendor\\laravel\\framework\\src\\Illuminate\\Database\\Console\\Migrations\\MigrateCommand.php(88): Illuminate\\Database\\Console\\Migrations\\MigrateCommand->runMigrations()
#20 C:\\shuriza\\rekap\\rekap\\vendor\\laravel\\framework\\src\\Illuminate\\Container\\BoundMethod.php(36): Illuminate\\Database\\Console\\Migrations\\MigrateCommand->handle()
#21 C:\\shuriza\\rekap\\rekap\\vendor\\laravel\\framework\\src\\Illuminate\\Container\\Util.php(43): Illuminate\\Container\\BoundMethod::Illuminate\\Container\\{closure}()
#22 C:\\shuriza\\rekap\\rekap\\vendor\\laravel\\framework\\src\\Illuminate\\Container\\BoundMethod.php(96): Illuminate\\Container\\Util::unwrapIfClosure(Object(Closure))
#23 C:\\shuriza\\rekap\\rekap\\vendor\\laravel\\framework\\src\\Illuminate\\Container\\BoundMethod.php(35): Illuminate\\Container\\BoundMethod::callBoundMethod(Object(Illuminate\\Foundation\\Application), Array, Object(Closure))
#24 C:\\shuriza\\rekap\\rekap\\vendor\\laravel\\framework\\src\\Illuminate\\Container\\Container.php(754): Illuminate\\Container\\BoundMethod::call(Object(Illuminate\\Foundation\\Application), Array, Array, NULL)
#25 C:\\shuriza\\rekap\\rekap\\vendor\\laravel\\framework\\src\\Illuminate\\Console\\Command.php(211): Illuminate\\Container\\Container->call(Array)
#26 C:\\shuriza\\rekap\\rekap\\vendor\\symfony\\console\\Command\\Command.php(279): Illuminate\\Console\\Command->execute(Object(Symfony\\Component\\Console\\Input\\ArgvInput), Object(Illuminate\\Console\\OutputStyle))
#27 C:\\shuriza\\rekap\\rekap\\vendor\\laravel\\framework\\src\\Illuminate\\Console\\Command.php(180): Symfony\\Component\\Console\\Command\\Command->run(Object(Symfony\\Component\\Console\\Input\\ArgvInput), Object(Illuminate\\Console\\OutputStyle))
#28 C:\\shuriza\\rekap\\rekap\\vendor\\symfony\\console\\Application.php(1094): Illuminate\\Console\\Command->run(Object(Symfony\\Component\\Console\\Input\\ArgvInput), Object(Symfony\\Component\\Console\\Output\\ConsoleOutput))
#29 C:\\shuriza\\rekap\\rekap\\vendor\\symfony\\console\\Application.php(342): Symfony\\Component\\Console\\Application->doRunCommand(Object(Illuminate\\Database\\Console\\Migrations\\MigrateCommand), Object(Symfony\\Component\\Console\\Input\\ArgvInput), Object(Symfony\\Component\\Console\\Output\\ConsoleOutput))
#30 C:\\shuriza\\rekap\\rekap\\vendor\\symfony\\console\\Application.php(193): Symfony\\Component\\Console\\Application->doRun(Object(Symfony\\Component\\Console\\Input\\ArgvInput), Object(Symfony\\Component\\Console\\Output\\ConsoleOutput))
#31 C:\\shuriza\\rekap\\rekap\\vendor\\laravel\\framework\\src\\Illuminate\\Foundation\\Console\\Kernel.php(197): Symfony\\Component\\Console\\Application->run(Object(Symfony\\Component\\Console\\Input\\ArgvInput), Object(Symfony\\Component\\Console\\Output\\ConsoleOutput))
#32 C:\\shuriza\\rekap\\rekap\\vendor\\laravel\\framework\\src\\Illuminate\\Foundation\\Application.php(1234): Illuminate\\Foundation\\Console\\Kernel->handle(Object(Symfony\\Component\\Console\\Input\\ArgvInput), Object(Symfony\\Component\\Console\\Output\\ConsoleOutput))
#33 C:\\shuriza\\rekap\\rekap\\artisan(16): Illuminate\\Foundation\\Application->handleCommand(Object(Symfony\\Component\\Console\\Input\\ArgvInput))
#34 {main}

[previous exception] [object] (PDOException(code: 42S01): SQLSTATE[42S01]: Base table or view already exists: 1050 Table 'izin_presensi' already exists at C:\\shuriza\\rekap\\rekap\\vendor\\laravel\\framework\\src\\Illuminate\\Database\\Connection.php:568)
[stacktrace]
#0 C:\\shuriza\\rekap\\rekap\\vendor\\laravel\\framework\\src\\Illuminate\\Database\\Connection.php(568): PDOStatement->execute()
#1 C:\\shuriza\\rekap\\rekap\\vendor\\laravel\\framework\\src\\Illuminate\\Database\\Connection.php(809): Illuminate\\Database\\Connection->Illuminate\\Database\\{closure}('create table `i...', Array)
#2 C:\\shuriza\\rekap\\rekap\\vendor\\laravel\\framework\\src\\Illuminate\\Database\\Connection.php(776): Illuminate\\Database\\Connection->runQueryCallback('create table `i...', Array, Object(Closure))
#3 C:\\shuriza\\rekap\\rekap\\vendor\\laravel\\framework\\src\\Illuminate\\Database\\Connection.php(557): Illuminate\\Database\\Connection->run('create table `i...', Array, Object(Closure))
#4 C:\\shuriza\\rekap\\rekap\\vendor\\laravel\\framework\\src\\Illuminate\\Database\\Schema\\Blueprint.php(119): Illuminate\\Database\\Connection->statement('create table `i...')
#5 C:\\shuriza\\rekap\\rekap\\vendor\\laravel\\framework\\src\\Illuminate\\Database\\Schema\\Builder.php(618): Illuminate\\Database\\Schema\\Blueprint->build()
#6 C:\\shuriza\\rekap\\rekap\\vendor\\laravel\\framework\\src\\Illuminate\\Database\\Schema\\Builder.php(472): Illuminate\\Database\\Schema\\Builder->build(Object(Illuminate\\Database\\Schema\\Blueprint))
#7 C:\\shuriza\\rekap\\rekap\\vendor\\laravel\\framework\\src\\Illuminate\\Support\\Facades\\Facade.php(361): Illuminate\\Database\\Schema\\Builder->create('izin_presensi', Object(Closure))
#8 C:\\shuriza\\rekap\\rekap\\database\\migrations\\2025_07_04_060603_create_izin_presensi_table.php(11): Illuminate\\Support\\Facades\\Facade::__callStatic('create', Array)
#9 C:\\shuriza\\rekap\\rekap\\vendor\\laravel\\framework\\src\\Illuminate\\Database\\Migrations\\Migrator.php(514): CreateIzinPresensiTable->up()
#10 C:\\shuriza\\rekap\\rekap\\vendor\\laravel\\framework\\src\\Illuminate\\Database\\Migrations\\Migrator.php(439): Illuminate\\Database\\Migrations\\Migrator->runMethod(Object(Illuminate\\Database\\MySqlConnection), Object(CreateIzinPresensiTable), 'up')
#11 C:\\shuriza\\rekap\\rekap\\vendor\\laravel\\framework\\src\\Illuminate\\Database\\Migrations\\Migrator.php(448): Illuminate\\Database\\Migrations\\Migrator->Illuminate\\Database\\Migrations\\{closure}()
#12 C:\\shuriza\\rekap\\rekap\\vendor\\laravel\\framework\\src\\Illuminate\\Database\\Migrations\\Migrator.php(250): Illuminate\\Database\\Migrations\\Migrator->runMigration(Object(CreateIzinPresensiTable), 'up')
#13 C:\\shuriza\\rekap\\rekap\\vendor\\laravel\\framework\\src\\Illuminate\\Console\\View\\Components\\Task.php(41): Illuminate\\Database\\Migrations\\Migrator->Illuminate\\Database\\Migrations\\{closure}()
#14 C:\\shuriza\\rekap\\rekap\\vendor\\laravel\\framework\\src\\Illuminate\\Database\\Migrations\\Migrator.php(805): Illuminate\\Console\\View\\Components\\Task->render('2025_07_04_0606...', Object(Closure))
#15 C:\\shuriza\\rekap\\rekap\\vendor\\laravel\\framework\\src\\Illuminate\\Database\\Migrations\\Migrator.php(250): Illuminate\\Database\\Migrations\\Migrator->write('Illuminate\\\\Cons...', '2025_07_04_0606...', Object(Closure))
#16 C:\\shuriza\\rekap\\rekap\\vendor\\laravel\\framework\\src\\Illuminate\\Database\\Migrations\\Migrator.php(210): Illuminate\\Database\\Migrations\\Migrator->runUp('C:\\\\shuriza\\\\reka...', 3, false)
#17 C:\\shuriza\\rekap\\rekap\\vendor\\laravel\\framework\\src\\Illuminate\\Database\\Migrations\\Migrator.php(137): Illuminate\\Database\\Migrations\\Migrator->runPending(Array, Array)
#18 C:\\shuriza\\rekap\\rekap\\vendor\\laravel\\framework\\src\\Illuminate\\Database\\Console\\Migrations\\MigrateCommand.php(116): Illuminate\\Database\\Migrations\\Migrator->run(Array, Array)
#19 C:\\shuriza\\rekap\\rekap\\vendor\\laravel\\framework\\src\\Illuminate\\Database\\Migrations\\Migrator.php(665): Illuminate\\Database\\Console\\Migrations\\MigrateCommand->Illuminate\\Database\\Console\\Migrations\\{closure}()
#20 C:\\shuriza\\rekap\\rekap\\vendor\\laravel\\framework\\src\\Illuminate\\Database\\Console\\Migrations\\MigrateCommand.php(109): Illuminate\\Database\\Migrations\\Migrator->usingConnection(NULL, Object(Closure))
#21 C:\\shuriza\\rekap\\rekap\\vendor\\laravel\\framework\\src\\Illuminate\\Database\\Console\\Migrations\\MigrateCommand.php(88): Illuminate\\Database\\Console\\Migrations\\MigrateCommand->runMigrations()
#22 C:\\shuriza\\rekap\\rekap\\vendor\\laravel\\framework\\src\\Illuminate\\Container\\BoundMethod.php(36): Illuminate\\Database\\Console\\Migrations\\MigrateCommand->handle()
#23 C:\\shuriza\\rekap\\rekap\\vendor\\laravel\\framework\\src\\Illuminate\\Container\\Util.php(43): Illuminate\\Container\\BoundMethod::Illuminate\\Container\\{closure}()
#24 C:\\shuriza\\rekap\\rekap\\vendor\\laravel\\framework\\src\\Illuminate\\Container\\BoundMethod.php(96): Illuminate\\Container\\Util::unwrapIfClosure(Object(Closure))
#25 C:\\shuriza\\rekap\\rekap\\vendor\\laravel\\framework\\src\\Illuminate\\Container\\BoundMethod.php(35): Illuminate\\Container\\BoundMethod::callBoundMethod(Object(Illuminate\\Foundation\\Application), Array, Object(Closure))
#26 C:\\shuriza\\rekap\\rekap\\vendor\\laravel\\framework\\src\\Illuminate\\Container\\Container.php(754): Illuminate\\Container\\BoundMethod::call(Object(Illuminate\\Foundation\\Application), Array, Array, NULL)
#27 C:\\shuriza\\rekap\\rekap\\vendor\\laravel\\framework\\src\\Illuminate\\Console\\Command.php(211): Illuminate\\Container\\Container->call(Array)
#28 C:\\shuriza\\rekap\\rekap\\vendor\\symfony\\console\\Command\\Command.php(279): Illuminate\\Console\\Command->execute(Object(Symfony\\Component\\Console\\Input\\ArgvInput), Object(Illuminate\\Console\\OutputStyle))
#29 C:\\shuriza\\rekap\\rekap\\vendor\\laravel\\framework\\src\\Illuminate\\Console\\Command.php(180): Symfony\\Component\\Console\\Command\\Command->run(Object(Symfony\\Component\\Console\\Input\\ArgvInput), Object(Illuminate\\Console\\OutputStyle))
#30 C:\\shuriza\\rekap\\rekap\\vendor\\symfony\\console\\Application.php(1094): Illuminate\\Console\\Command->run(Object(Symfony\\Component\\Console\\Input\\ArgvInput), Object(Symfony\\Component\\Console\\Output\\ConsoleOutput))
#31 C:\\shuriza\\rekap\\rekap\\vendor\\symfony\\console\\Application.php(342): Symfony\\Component\\Console\\Application->doRunCommand(Object(Illuminate\\Database\\Console\\Migrations\\MigrateCommand), Object(Symfony\\Component\\Console\\Input\\ArgvInput), Object(Symfony\\Component\\Console\\Output\\ConsoleOutput))
#32 C:\\shuriza\\rekap\\rekap\\vendor\\symfony\\console\\Application.php(193): Symfony\\Component\\Console\\Application->doRun(Object(Symfony\\Component\\Console\\Input\\ArgvInput), Object(Symfony\\Component\\Console\\Output\\ConsoleOutput))
#33 C:\\shuriza\\rekap\\rekap\\vendor\\laravel\\framework\\src\\Illuminate\\Foundation\\Console\\Kernel.php(197): Symfony\\Component\\Console\\Application->run(Object(Symfony\\Component\\Console\\Input\\ArgvInput), Object(Symfony\\Component\\Console\\Output\\ConsoleOutput))
#34 C:\\shuriza\\rekap\\rekap\\vendor\\laravel\\framework\\src\\Illuminate\\Foundation\\Application.php(1234): Illuminate\\Foundation\\Console\\Kernel->handle(Object(Symfony\\Component\\Console\\Input\\ArgvInput), Object(Symfony\\Component\\Console\\Output\\ConsoleOutput))
#35 C:\\shuriza\\rekap\\rekap\\artisan(16): Illuminate\\Foundation\\Application->handleCommand(Object(Symfony\\Component\\Console\\Input\\ArgvInput))
#36 {main}
"} 
[2025-07-04 06:22:01] local.ERROR: SQLSTATE[42S01]: Base table or view already exists: 1050 Table 'izin_presensi' already exists (Connection: mysql, SQL: create table `izin_presensi` (`id` bigint unsigned not null auto_increment primary key, `karyawan_id` bigint unsigned not null, `tipe_ijin` enum('Ijin Penuh', 'Ijin Setengah', 'Terlambat', 'Pulang Cepat') not null, `tanggal_awal` date not null, `tanggal_akhir` date null, `jenis_ijin` varchar(255) not null, `berkas` varchar(255) null, `keterangan` text null, `created_at` timestamp null, `updated_at` timestamp null) default character set utf8mb4 collate 'utf8mb4_unicode_ci') {"exception":"[object] (Illuminate\\Database\\QueryException(code: 42S01): SQLSTATE[42S01]: Base table or view already exists: 1050 Table 'izin_presensi' already exists (Connection: mysql, SQL: create table `izin_presensi` (`id` bigint unsigned not null auto_increment primary key, `karyawan_id` bigint unsigned not null, `tipe_ijin` enum('Ijin Penuh', 'Ijin Setengah', 'Terlambat', 'Pulang Cepat') not null, `tanggal_awal` date not null, `tanggal_akhir` date null, `jenis_ijin` varchar(255) not null, `berkas` varchar(255) null, `keterangan` text null, `created_at` timestamp null, `updated_at` timestamp null) default character set utf8mb4 collate 'utf8mb4_unicode_ci') at C:\\shuriza\\rekap\\rekap\\vendor\\laravel\\framework\\src\\Illuminate\\Database\\Connection.php:822)
[stacktrace]
#0 C:\\shuriza\\rekap\\rekap\\vendor\\laravel\\framework\\src\\Illuminate\\Database\\Connection.php(776): Illuminate\\Database\\Connection->runQueryCallback('create table `i...', Array, Object(Closure))
#1 C:\\shuriza\\rekap\\rekap\\vendor\\laravel\\framework\\src\\Illuminate\\Database\\Connection.php(557): Illuminate\\Database\\Connection->run('create table `i...', Array, Object(Closure))
#2 C:\\shuriza\\rekap\\rekap\\vendor\\laravel\\framework\\src\\Illuminate\\Database\\Schema\\Blueprint.php(119): Illuminate\\Database\\Connection->statement('create table `i...')
#3 C:\\shuriza\\rekap\\rekap\\vendor\\laravel\\framework\\src\\Illuminate\\Database\\Schema\\Builder.php(618): Illuminate\\Database\\Schema\\Blueprint->build()
#4 C:\\shuriza\\rekap\\rekap\\vendor\\laravel\\framework\\src\\Illuminate\\Database\\Schema\\Builder.php(472): Illuminate\\Database\\Schema\\Builder->build(Object(Illuminate\\Database\\Schema\\Blueprint))
#5 C:\\shuriza\\rekap\\rekap\\vendor\\laravel\\framework\\src\\Illuminate\\Support\\Facades\\Facade.php(361): Illuminate\\Database\\Schema\\Builder->create('izin_presensi', Object(Closure))
#6 C:\\shuriza\\rekap\\rekap\\database\\migrations\\2025_07_04_060603_create_izin_presensi_table.php(11): Illuminate\\Support\\Facades\\Facade::__callStatic('create', Array)
#7 C:\\shuriza\\rekap\\rekap\\vendor\\laravel\\framework\\src\\Illuminate\\Database\\Migrations\\Migrator.php(514): CreateIzinPresensiTable->up()
#8 C:\\shuriza\\rekap\\rekap\\vendor\\laravel\\framework\\src\\Illuminate\\Database\\Migrations\\Migrator.php(439): Illuminate\\Database\\Migrations\\Migrator->runMethod(Object(Illuminate\\Database\\MySqlConnection), Object(CreateIzinPresensiTable), 'up')
#9 C:\\shuriza\\rekap\\rekap\\vendor\\laravel\\framework\\src\\Illuminate\\Database\\Migrations\\Migrator.php(448): Illuminate\\Database\\Migrations\\Migrator->Illuminate\\Database\\Migrations\\{closure}()
#10 C:\\shuriza\\rekap\\rekap\\vendor\\laravel\\framework\\src\\Illuminate\\Database\\Migrations\\Migrator.php(250): Illuminate\\Database\\Migrations\\Migrator->runMigration(Object(CreateIzinPresensiTable), 'up')
#11 C:\\shuriza\\rekap\\rekap\\vendor\\laravel\\framework\\src\\Illuminate\\Console\\View\\Components\\Task.php(41): Illuminate\\Database\\Migrations\\Migrator->Illuminate\\Database\\Migrations\\{closure}()
#12 C:\\shuriza\\rekap\\rekap\\vendor\\laravel\\framework\\src\\Illuminate\\Database\\Migrations\\Migrator.php(805): Illuminate\\Console\\View\\Components\\Task->render('2025_07_04_0606...', Object(Closure))
#13 C:\\shuriza\\rekap\\rekap\\vendor\\laravel\\framework\\src\\Illuminate\\Database\\Migrations\\Migrator.php(250): Illuminate\\Database\\Migrations\\Migrator->write('Illuminate\\\\Cons...', '2025_07_04_0606...', Object(Closure))
#14 C:\\shuriza\\rekap\\rekap\\vendor\\laravel\\framework\\src\\Illuminate\\Database\\Migrations\\Migrator.php(210): Illuminate\\Database\\Migrations\\Migrator->runUp('C:\\\\shuriza\\\\reka...', 3, false)
#15 C:\\shuriza\\rekap\\rekap\\vendor\\laravel\\framework\\src\\Illuminate\\Database\\Migrations\\Migrator.php(137): Illuminate\\Database\\Migrations\\Migrator->runPending(Array, Array)
#16 C:\\shuriza\\rekap\\rekap\\vendor\\laravel\\framework\\src\\Illuminate\\Database\\Console\\Migrations\\MigrateCommand.php(116): Illuminate\\Database\\Migrations\\Migrator->run(Array, Array)
#17 C:\\shuriza\\rekap\\rekap\\vendor\\laravel\\framework\\src\\Illuminate\\Database\\Migrations\\Migrator.php(665): Illuminate\\Database\\Console\\Migrations\\MigrateCommand->Illuminate\\Database\\Console\\Migrations\\{closure}()
#18 C:\\shuriza\\rekap\\rekap\\vendor\\laravel\\framework\\src\\Illuminate\\Database\\Console\\Migrations\\MigrateCommand.php(109): Illuminate\\Database\\Migrations\\Migrator->usingConnection(NULL, Object(Closure))
#19 C:\\shuriza\\rekap\\rekap\\vendor\\laravel\\framework\\src\\Illuminate\\Database\\Console\\Migrations\\MigrateCommand.php(88): Illuminate\\Database\\Console\\Migrations\\MigrateCommand->runMigrations()
#20 C:\\shuriza\\rekap\\rekap\\vendor\\laravel\\framework\\src\\Illuminate\\Container\\BoundMethod.php(36): Illuminate\\Database\\Console\\Migrations\\MigrateCommand->handle()
#21 C:\\shuriza\\rekap\\rekap\\vendor\\laravel\\framework\\src\\Illuminate\\Container\\Util.php(43): Illuminate\\Container\\BoundMethod::Illuminate\\Container\\{closure}()
#22 C:\\shuriza\\rekap\\rekap\\vendor\\laravel\\framework\\src\\Illuminate\\Container\\BoundMethod.php(96): Illuminate\\Container\\Util::unwrapIfClosure(Object(Closure))
#23 C:\\shuriza\\rekap\\rekap\\vendor\\laravel\\framework\\src\\Illuminate\\Container\\BoundMethod.php(35): Illuminate\\Container\\BoundMethod::callBoundMethod(Object(Illuminate\\Foundation\\Application), Array, Object(Closure))
#24 C:\\shuriza\\rekap\\rekap\\vendor\\laravel\\framework\\src\\Illuminate\\Container\\Container.php(754): Illuminate\\Container\\BoundMethod::call(Object(Illuminate\\Foundation\\Application), Array, Array, NULL)
#25 C:\\shuriza\\rekap\\rekap\\vendor\\laravel\\framework\\src\\Illuminate\\Console\\Command.php(211): Illuminate\\Container\\Container->call(Array)
#26 C:\\shuriza\\rekap\\rekap\\vendor\\symfony\\console\\Command\\Command.php(279): Illuminate\\Console\\Command->execute(Object(Symfony\\Component\\Console\\Input\\ArgvInput), Object(Illuminate\\Console\\OutputStyle))
#27 C:\\shuriza\\rekap\\rekap\\vendor\\laravel\\framework\\src\\Illuminate\\Console\\Command.php(180): Symfony\\Component\\Console\\Command\\Command->run(Object(Symfony\\Component\\Console\\Input\\ArgvInput), Object(Illuminate\\Console\\OutputStyle))
#28 C:\\shuriza\\rekap\\rekap\\vendor\\symfony\\console\\Application.php(1094): Illuminate\\Console\\Command->run(Object(Symfony\\Component\\Console\\Input\\ArgvInput), Object(Symfony\\Component\\Console\\Output\\ConsoleOutput))
#29 C:\\shuriza\\rekap\\rekap\\vendor\\symfony\\console\\Application.php(342): Symfony\\Component\\Console\\Application->doRunCommand(Object(Illuminate\\Database\\Console\\Migrations\\MigrateCommand), Object(Symfony\\Component\\Console\\Input\\ArgvInput), Object(Symfony\\Component\\Console\\Output\\ConsoleOutput))
#30 C:\\shuriza\\rekap\\rekap\\vendor\\symfony\\console\\Application.php(193): Symfony\\Component\\Console\\Application->doRun(Object(Symfony\\Component\\Console\\Input\\ArgvInput), Object(Symfony\\Component\\Console\\Output\\ConsoleOutput))
#31 C:\\shuriza\\rekap\\rekap\\vendor\\laravel\\framework\\src\\Illuminate\\Foundation\\Console\\Kernel.php(197): Symfony\\Component\\Console\\Application->run(Object(Symfony\\Component\\Console\\Input\\ArgvInput), Object(Symfony\\Component\\Console\\Output\\ConsoleOutput))
#32 C:\\shuriza\\rekap\\rekap\\vendor\\laravel\\framework\\src\\Illuminate\\Foundation\\Application.php(1234): Illuminate\\Foundation\\Console\\Kernel->handle(Object(Symfony\\Component\\Console\\Input\\ArgvInput), Object(Symfony\\Component\\Console\\Output\\ConsoleOutput))
#33 C:\\shuriza\\rekap\\rekap\\artisan(16): Illuminate\\Foundation\\Application->handleCommand(Object(Symfony\\Component\\Console\\Input\\ArgvInput))
#34 {main}

[previous exception] [object] (PDOException(code: 42S01): SQLSTATE[42S01]: Base table or view already exists: 1050 Table 'izin_presensi' already exists at C:\\shuriza\\rekap\\rekap\\vendor\\laravel\\framework\\src\\Illuminate\\Database\\Connection.php:568)
[stacktrace]
#0 C:\\shuriza\\rekap\\rekap\\vendor\\laravel\\framework\\src\\Illuminate\\Database\\Connection.php(568): PDOStatement->execute()
#1 C:\\shuriza\\rekap\\rekap\\vendor\\laravel\\framework\\src\\Illuminate\\Database\\Connection.php(809): Illuminate\\Database\\Connection->Illuminate\\Database\\{closure}('create table `i...', Array)
#2 C:\\shuriza\\rekap\\rekap\\vendor\\laravel\\framework\\src\\Illuminate\\Database\\Connection.php(776): Illuminate\\Database\\Connection->runQueryCallback('create table `i...', Array, Object(Closure))
#3 C:\\shuriza\\rekap\\rekap\\vendor\\laravel\\framework\\src\\Illuminate\\Database\\Connection.php(557): Illuminate\\Database\\Connection->run('create table `i...', Array, Object(Closure))
#4 C:\\shuriza\\rekap\\rekap\\vendor\\laravel\\framework\\src\\Illuminate\\Database\\Schema\\Blueprint.php(119): Illuminate\\Database\\Connection->statement('create table `i...')
#5 C:\\shuriza\\rekap\\rekap\\vendor\\laravel\\framework\\src\\Illuminate\\Database\\Schema\\Builder.php(618): Illuminate\\Database\\Schema\\Blueprint->build()
#6 C:\\shuriza\\rekap\\rekap\\vendor\\laravel\\framework\\src\\Illuminate\\Database\\Schema\\Builder.php(472): Illuminate\\Database\\Schema\\Builder->build(Object(Illuminate\\Database\\Schema\\Blueprint))
#7 C:\\shuriza\\rekap\\rekap\\vendor\\laravel\\framework\\src\\Illuminate\\Support\\Facades\\Facade.php(361): Illuminate\\Database\\Schema\\Builder->create('izin_presensi', Object(Closure))
#8 C:\\shuriza\\rekap\\rekap\\database\\migrations\\2025_07_04_060603_create_izin_presensi_table.php(11): Illuminate\\Support\\Facades\\Facade::__callStatic('create', Array)
#9 C:\\shuriza\\rekap\\rekap\\vendor\\laravel\\framework\\src\\Illuminate\\Database\\Migrations\\Migrator.php(514): CreateIzinPresensiTable->up()
#10 C:\\shuriza\\rekap\\rekap\\vendor\\laravel\\framework\\src\\Illuminate\\Database\\Migrations\\Migrator.php(439): Illuminate\\Database\\Migrations\\Migrator->runMethod(Object(Illuminate\\Database\\MySqlConnection), Object(CreateIzinPresensiTable), 'up')
#11 C:\\shuriza\\rekap\\rekap\\vendor\\laravel\\framework\\src\\Illuminate\\Database\\Migrations\\Migrator.php(448): Illuminate\\Database\\Migrations\\Migrator->Illuminate\\Database\\Migrations\\{closure}()
#12 C:\\shuriza\\rekap\\rekap\\vendor\\laravel\\framework\\src\\Illuminate\\Database\\Migrations\\Migrator.php(250): Illuminate\\Database\\Migrations\\Migrator->runMigration(Object(CreateIzinPresensiTable), 'up')
#13 C:\\shuriza\\rekap\\rekap\\vendor\\laravel\\framework\\src\\Illuminate\\Console\\View\\Components\\Task.php(41): Illuminate\\Database\\Migrations\\Migrator->Illuminate\\Database\\Migrations\\{closure}()
#14 C:\\shuriza\\rekap\\rekap\\vendor\\laravel\\framework\\src\\Illuminate\\Database\\Migrations\\Migrator.php(805): Illuminate\\Console\\View\\Components\\Task->render('2025_07_04_0606...', Object(Closure))
#15 C:\\shuriza\\rekap\\rekap\\vendor\\laravel\\framework\\src\\Illuminate\\Database\\Migrations\\Migrator.php(250): Illuminate\\Database\\Migrations\\Migrator->write('Illuminate\\\\Cons...', '2025_07_04_0606...', Object(Closure))
#16 C:\\shuriza\\rekap\\rekap\\vendor\\laravel\\framework\\src\\Illuminate\\Database\\Migrations\\Migrator.php(210): Illuminate\\Database\\Migrations\\Migrator->runUp('C:\\\\shuriza\\\\reka...', 3, false)
#17 C:\\shuriza\\rekap\\rekap\\vendor\\laravel\\framework\\src\\Illuminate\\Database\\Migrations\\Migrator.php(137): Illuminate\\Database\\Migrations\\Migrator->runPending(Array, Array)
#18 C:\\shuriza\\rekap\\rekap\\vendor\\laravel\\framework\\src\\Illuminate\\Database\\Console\\Migrations\\MigrateCommand.php(116): Illuminate\\Database\\Migrations\\Migrator->run(Array, Array)
#19 C:\\shuriza\\rekap\\rekap\\vendor\\laravel\\framework\\src\\Illuminate\\Database\\Migrations\\Migrator.php(665): Illuminate\\Database\\Console\\Migrations\\MigrateCommand->Illuminate\\Database\\Console\\Migrations\\{closure}()
#20 C:\\shuriza\\rekap\\rekap\\vendor\\laravel\\framework\\src\\Illuminate\\Database\\Console\\Migrations\\MigrateCommand.php(109): Illuminate\\Database\\Migrations\\Migrator->usingConnection(NULL, Object(Closure))
#21 C:\\shuriza\\rekap\\rekap\\vendor\\laravel\\framework\\src\\Illuminate\\Database\\Console\\Migrations\\MigrateCommand.php(88): Illuminate\\Database\\Console\\Migrations\\MigrateCommand->runMigrations()
#22 C:\\shuriza\\rekap\\rekap\\vendor\\laravel\\framework\\src\\Illuminate\\Container\\BoundMethod.php(36): Illuminate\\Database\\Console\\Migrations\\MigrateCommand->handle()
#23 C:\\shuriza\\rekap\\rekap\\vendor\\laravel\\framework\\src\\Illuminate\\Container\\Util.php(43): Illuminate\\Container\\BoundMethod::Illuminate\\Container\\{closure}()
#24 C:\\shuriza\\rekap\\rekap\\vendor\\laravel\\framework\\src\\Illuminate\\Container\\BoundMethod.php(96): Illuminate\\Container\\Util::unwrapIfClosure(Object(Closure))
#25 C:\\shuriza\\rekap\\rekap\\vendor\\laravel\\framework\\src\\Illuminate\\Container\\BoundMethod.php(35): Illuminate\\Container\\BoundMethod::callBoundMethod(Object(Illuminate\\Foundation\\Application), Array, Object(Closure))
#26 C:\\shuriza\\rekap\\rekap\\vendor\\laravel\\framework\\src\\Illuminate\\Container\\Container.php(754): Illuminate\\Container\\BoundMethod::call(Object(Illuminate\\Foundation\\Application), Array, Array, NULL)
#27 C:\\shuriza\\rekap\\rekap\\vendor\\laravel\\framework\\src\\Illuminate\\Console\\Command.php(211): Illuminate\\Container\\Container->call(Array)
#28 C:\\shuriza\\rekap\\rekap\\vendor\\symfony\\console\\Command\\Command.php(279): Illuminate\\Console\\Command->execute(Object(Symfony\\Component\\Console\\Input\\ArgvInput), Object(Illuminate\\Console\\OutputStyle))
#29 C:\\shuriza\\rekap\\rekap\\vendor\\laravel\\framework\\src\\Illuminate\\Console\\Command.php(180): Symfony\\Component\\Console\\Command\\Command->run(Object(Symfony\\Component\\Console\\Input\\ArgvInput), Object(Illuminate\\Console\\OutputStyle))
#30 C:\\shuriza\\rekap\\rekap\\vendor\\symfony\\console\\Application.php(1094): Illuminate\\Console\\Command->run(Object(Symfony\\Component\\Console\\Input\\ArgvInput), Object(Symfony\\Component\\Console\\Output\\ConsoleOutput))
#31 C:\\shuriza\\rekap\\rekap\\vendor\\symfony\\console\\Application.php(342): Symfony\\Component\\Console\\Application->doRunCommand(Object(Illuminate\\Database\\Console\\Migrations\\MigrateCommand), Object(Symfony\\Component\\Console\\Input\\ArgvInput), Object(Symfony\\Component\\Console\\Output\\ConsoleOutput))
#32 C:\\shuriza\\rekap\\rekap\\vendor\\symfony\\console\\Application.php(193): Symfony\\Component\\Console\\Application->doRun(Object(Symfony\\Component\\Console\\Input\\ArgvInput), Object(Symfony\\Component\\Console\\Output\\ConsoleOutput))
#33 C:\\shuriza\\rekap\\rekap\\vendor\\laravel\\framework\\src\\Illuminate\\Foundation\\Console\\Kernel.php(197): Symfony\\Component\\Console\\Application->run(Object(Symfony\\Component\\Console\\Input\\ArgvInput), Object(Symfony\\Component\\Console\\Output\\ConsoleOutput))
#34 C:\\shuriza\\rekap\\rekap\\vendor\\laravel\\framework\\src\\Illuminate\\Foundation\\Application.php(1234): Illuminate\\Foundation\\Console\\Kernel->handle(Object(Symfony\\Component\\Console\\Input\\ArgvInput), Object(Symfony\\Component\\Console\\Output\\ConsoleOutput))
#35 C:\\shuriza\\rekap\\rekap\\artisan(16): Illuminate\\Foundation\\Application->handleCommand(Object(Symfony\\Component\\Console\\Input\\ArgvInput))
#36 {main}
"} 
[2025-07-04 06:35:11] local.ERROR: Call to undefined method App\Http\Controllers\IzinPresensiController::index() {"exception":"[object] (Error(code: 0): Call to undefined method App\\Http\\Controllers\\IzinPresensiController::index() at C:\\shuriza\\rekap\\rekap\\vendor\\laravel\\framework\\src\\Illuminate\\Routing\\ControllerDispatcher.php:46)
[stacktrace]
#0 C:\\shuriza\\rekap\\rekap\\vendor\\laravel\\framework\\src\\Illuminate\\Routing\\Route.php(265): Illuminate\\Routing\\ControllerDispatcher->dispatch(Object(Illuminate\\Routing\\Route), Object(App\\Http\\Controllers\\IzinPresensiController), 'index')
#1 C:\\shuriza\\rekap\\rekap\\vendor\\laravel\\framework\\src\\Illuminate\\Routing\\Route.php(211): Illuminate\\Routing\\Route->runController()
#2 C:\\shuriza\\rekap\\rekap\\vendor\\laravel\\framework\\src\\Illuminate\\Routing\\Router.php(808): Illuminate\\Routing\\Route->run()
#3 C:\\shuriza\\rekap\\rekap\\vendor\\laravel\\framework\\src\\Illuminate\\Pipeline\\Pipeline.php(169): Illuminate\\Routing\\Router->Illuminate\\Routing\\{closure}(Object(Illuminate\\Http\\Request))
#4 C:\\shuriza\\rekap\\rekap\\vendor\\laravel\\framework\\src\\Illuminate\\Routing\\Middleware\\SubstituteBindings.php(50): Illuminate\\Pipeline\\Pipeline->Illuminate\\Pipeline\\{closure}(Object(Illuminate\\Http\\Request))
#5 C:\\shuriza\\rekap\\rekap\\vendor\\laravel\\framework\\src\\Illuminate\\Pipeline\\Pipeline.php(208): Illuminate\\Routing\\Middleware\\SubstituteBindings->handle(Object(Illuminate\\Http\\Request), Object(Closure))
#6 C:\\shuriza\\rekap\\rekap\\vendor\\laravel\\framework\\src\\Illuminate\\Foundation\\Http\\Middleware\\VerifyCsrfToken.php(87): Illuminate\\Pipeline\\Pipeline->Illuminate\\Pipeline\\{closure}(Object(Illuminate\\Http\\Request))
#7 C:\\shuriza\\rekap\\rekap\\vendor\\laravel\\framework\\src\\Illuminate\\Pipeline\\Pipeline.php(208): Illuminate\\Foundation\\Http\\Middleware\\VerifyCsrfToken->handle(Object(Illuminate\\Http\\Request), Object(Closure))
#8 C:\\shuriza\\rekap\\rekap\\vendor\\laravel\\framework\\src\\Illuminate\\View\\Middleware\\ShareErrorsFromSession.php(48): Illuminate\\Pipeline\\Pipeline->Illuminate\\Pipeline\\{closure}(Object(Illuminate\\Http\\Request))
#9 C:\\shuriza\\rekap\\rekap\\vendor\\laravel\\framework\\src\\Illuminate\\Pipeline\\Pipeline.php(208): Illuminate\\View\\Middleware\\ShareErrorsFromSession->handle(Object(Illuminate\\Http\\Request), Object(Closure))
#10 C:\\shuriza\\rekap\\rekap\\vendor\\laravel\\framework\\src\\Illuminate\\Session\\Middleware\\StartSession.php(120): Illuminate\\Pipeline\\Pipeline->Illuminate\\Pipeline\\{closure}(Object(Illuminate\\Http\\Request))
#11 C:\\shuriza\\rekap\\rekap\\vendor\\laravel\\framework\\src\\Illuminate\\Session\\Middleware\\StartSession.php(63): Illuminate\\Session\\Middleware\\StartSession->handleStatefulRequest(Object(Illuminate\\Http\\Request), Object(Illuminate\\Session\\Store), Object(Closure))
#12 C:\\shuriza\\rekap\\rekap\\vendor\\laravel\\framework\\src\\Illuminate\\Pipeline\\Pipeline.php(208): Illuminate\\Session\\Middleware\\StartSession->handle(Object(Illuminate\\Http\\Request), Object(Closure))
#13 C:\\shuriza\\rekap\\rekap\\vendor\\laravel\\framework\\src\\Illuminate\\Cookie\\Middleware\\AddQueuedCookiesToResponse.php(36): Illuminate\\Pipeline\\Pipeline->Illuminate\\Pipeline\\{closure}(Object(Illuminate\\Http\\Request))
#14 C:\\shuriza\\rekap\\rekap\\vendor\\laravel\\framework\\src\\Illuminate\\Pipeline\\Pipeline.php(208): Illuminate\\Cookie\\Middleware\\AddQueuedCookiesToResponse->handle(Object(Illuminate\\Http\\Request), Object(Closure))
#15 C:\\shuriza\\rekap\\rekap\\vendor\\laravel\\framework\\src\\Illuminate\\Cookie\\Middleware\\EncryptCookies.php(74): Illuminate\\Pipeline\\Pipeline->Illuminate\\Pipeline\\{closure}(Object(Illuminate\\Http\\Request))
#16 C:\\shuriza\\rekap\\rekap\\vendor\\laravel\\framework\\src\\Illuminate\\Pipeline\\Pipeline.php(208): Illuminate\\Cookie\\Middleware\\EncryptCookies->handle(Object(Illuminate\\Http\\Request), Object(Closure))
#17 C:\\shuriza\\rekap\\rekap\\vendor\\laravel\\framework\\src\\Illuminate\\Pipeline\\Pipeline.php(126): Illuminate\\Pipeline\\Pipeline->Illuminate\\Pipeline\\{closure}(Object(Illuminate\\Http\\Request))
#18 C:\\shuriza\\rekap\\rekap\\vendor\\laravel\\framework\\src\\Illuminate\\Routing\\Router.php(807): Illuminate\\Pipeline\\Pipeline->then(Object(Closure))
#19 C:\\shuriza\\rekap\\rekap\\vendor\\laravel\\framework\\src\\Illuminate\\Routing\\Router.php(786): Illuminate\\Routing\\Router->runRouteWithinStack(Object(Illuminate\\Routing\\Route), Object(Illuminate\\Http\\Request))
#20 C:\\shuriza\\rekap\\rekap\\vendor\\laravel\\framework\\src\\Illuminate\\Routing\\Router.php(750): Illuminate\\Routing\\Router->runRoute(Object(Illuminate\\Http\\Request), Object(Illuminate\\Routing\\Route))
#21 C:\\shuriza\\rekap\\rekap\\vendor\\laravel\\framework\\src\\Illuminate\\Routing\\Router.php(739): Illuminate\\Routing\\Router->dispatchToRoute(Object(Illuminate\\Http\\Request))
#22 C:\\shuriza\\rekap\\rekap\\vendor\\laravel\\framework\\src\\Illuminate\\Foundation\\Http\\Kernel.php(200): Illuminate\\Routing\\Router->dispatch(Object(Illuminate\\Http\\Request))
#23 C:\\shuriza\\rekap\\rekap\\vendor\\laravel\\framework\\src\\Illuminate\\Pipeline\\Pipeline.php(169): Illuminate\\Foundation\\Http\\Kernel->Illuminate\\Foundation\\Http\\{closure}(Object(Illuminate\\Http\\Request))
#24 C:\\shuriza\\rekap\\rekap\\vendor\\laravel\\framework\\src\\Illuminate\\Foundation\\Http\\Middleware\\TransformsRequest.php(21): Illuminate\\Pipeline\\Pipeline->Illuminate\\Pipeline\\{closure}(Object(Illuminate\\Http\\Request))
#25 C:\\shuriza\\rekap\\rekap\\vendor\\laravel\\framework\\src\\Illuminate\\Foundation\\Http\\Middleware\\ConvertEmptyStringsToNull.php(31): Illuminate\\Foundation\\Http\\Middleware\\TransformsRequest->handle(Object(Illuminate\\Http\\Request), Object(Closure))
#26 C:\\shuriza\\rekap\\rekap\\vendor\\laravel\\framework\\src\\Illuminate\\Pipeline\\Pipeline.php(208): Illuminate\\Foundation\\Http\\Middleware\\ConvertEmptyStringsToNull->handle(Object(Illuminate\\Http\\Request), Object(Closure))
#27 C:\\shuriza\\rekap\\rekap\\vendor\\laravel\\framework\\src\\Illuminate\\Foundation\\Http\\Middleware\\TransformsRequest.php(21): Illuminate\\Pipeline\\Pipeline->Illuminate\\Pipeline\\{closure}(Object(Illuminate\\Http\\Request))
#28 C:\\shuriza\\rekap\\rekap\\vendor\\laravel\\framework\\src\\Illuminate\\Foundation\\Http\\Middleware\\TrimStrings.php(51): Illuminate\\Foundation\\Http\\Middleware\\TransformsRequest->handle(Object(Illuminate\\Http\\Request), Object(Closure))
#29 C:\\shuriza\\rekap\\rekap\\vendor\\laravel\\framework\\src\\Illuminate\\Pipeline\\Pipeline.php(208): Illuminate\\Foundation\\Http\\Middleware\\TrimStrings->handle(Object(Illuminate\\Http\\Request), Object(Closure))
#30 C:\\shuriza\\rekap\\rekap\\vendor\\laravel\\framework\\src\\Illuminate\\Http\\Middleware\\ValidatePostSize.php(27): Illuminate\\Pipeline\\Pipeline->Illuminate\\Pipeline\\{closure}(Object(Illuminate\\Http\\Request))
#31 C:\\shuriza\\rekap\\rekap\\vendor\\laravel\\framework\\src\\Illuminate\\Pipeline\\Pipeline.php(208): Illuminate\\Http\\Middleware\\ValidatePostSize->handle(Object(Illuminate\\Http\\Request), Object(Closure))
#32 C:\\shuriza\\rekap\\rekap\\vendor\\laravel\\framework\\src\\Illuminate\\Foundation\\Http\\Middleware\\PreventRequestsDuringMaintenance.php(109): Illuminate\\Pipeline\\Pipeline->Illuminate\\Pipeline\\{closure}(Object(Illuminate\\Http\\Request))
#33 C:\\shuriza\\rekap\\rekap\\vendor\\laravel\\framework\\src\\Illuminate\\Pipeline\\Pipeline.php(208): Illuminate\\Foundation\\Http\\Middleware\\PreventRequestsDuringMaintenance->handle(Object(Illuminate\\Http\\Request), Object(Closure))
#34 C:\\shuriza\\rekap\\rekap\\vendor\\laravel\\framework\\src\\Illuminate\\Http\\Middleware\\HandleCors.php(48): Illuminate\\Pipeline\\Pipeline->Illuminate\\Pipeline\\{closure}(Object(Illuminate\\Http\\Request))
#35 C:\\shuriza\\rekap\\rekap\\vendor\\laravel\\framework\\src\\Illuminate\\Pipeline\\Pipeline.php(208): Illuminate\\Http\\Middleware\\HandleCors->handle(Object(Illuminate\\Http\\Request), Object(Closure))
#36 C:\\shuriza\\rekap\\rekap\\vendor\\laravel\\framework\\src\\Illuminate\\Http\\Middleware\\TrustProxies.php(58): Illuminate\\Pipeline\\Pipeline->Illuminate\\Pipeline\\{closure}(Object(Illuminate\\Http\\Request))
#37 C:\\shuriza\\rekap\\rekap\\vendor\\laravel\\framework\\src\\Illuminate\\Pipeline\\Pipeline.php(208): Illuminate\\Http\\Middleware\\TrustProxies->handle(Object(Illuminate\\Http\\Request), Object(Closure))
#38 C:\\shuriza\\rekap\\rekap\\vendor\\laravel\\framework\\src\\Illuminate\\Foundation\\Http\\Middleware\\InvokeDeferredCallbacks.php(22): Illuminate\\Pipeline\\Pipeline->Illuminate\\Pipeline\\{closure}(Object(Illuminate\\Http\\Request))
#39 C:\\shuriza\\rekap\\rekap\\vendor\\laravel\\framework\\src\\Illuminate\\Pipeline\\Pipeline.php(208): Illuminate\\Foundation\\Http\\Middleware\\InvokeDeferredCallbacks->handle(Object(Illuminate\\Http\\Request), Object(Closure))
#40 C:\\shuriza\\rekap\\rekap\\vendor\\laravel\\framework\\src\\Illuminate\\Http\\Middleware\\ValidatePathEncoding.php(26): Illuminate\\Pipeline\\Pipeline->Illuminate\\Pipeline\\{closure}(Object(Illuminate\\Http\\Request))
#41 C:\\shuriza\\rekap\\rekap\\vendor\\laravel\\framework\\src\\Illuminate\\Pipeline\\Pipeline.php(208): Illuminate\\Http\\Middleware\\ValidatePathEncoding->handle(Object(Illuminate\\Http\\Request), Object(Closure))
#42 C:\\shuriza\\rekap\\rekap\\vendor\\laravel\\framework\\src\\Illuminate\\Pipeline\\Pipeline.php(126): Illuminate\\Pipeline\\Pipeline->Illuminate\\Pipeline\\{closure}(Object(Illuminate\\Http\\Request))
#43 C:\\shuriza\\rekap\\rekap\\vendor\\laravel\\framework\\src\\Illuminate\\Foundation\\Http\\Kernel.php(175): Illuminate\\Pipeline\\Pipeline->then(Object(Closure))
#44 C:\\shuriza\\rekap\\rekap\\vendor\\laravel\\framework\\src\\Illuminate\\Foundation\\Http\\Kernel.php(144): Illuminate\\Foundation\\Http\\Kernel->sendRequestThroughRouter(Object(Illuminate\\Http\\Request))
#45 C:\\shuriza\\rekap\\rekap\\vendor\\laravel\\framework\\src\\Illuminate\\Foundation\\Application.php(1219): Illuminate\\Foundation\\Http\\Kernel->handle(Object(Illuminate\\Http\\Request))
#46 C:\\shuriza\\rekap\\rekap\\public\\index.php(20): Illuminate\\Foundation\\Application->handleRequest(Object(Illuminate\\Http\\Request))
#47 C:\\shuriza\\rekap\\rekap\\vendor\\laravel\\framework\\src\\Illuminate\\Foundation\\resources\\server.php(23): require_once('C:\\\\shuriza\\\\reka...')
#48 {main}
"} 
[2025-07-04 06:37:11] local.ERROR: Call to undefined method App\Http\Controllers\AbsensiController::formUpload() {"exception":"[object] (Error(code: 0): Call to undefined method App\\Http\\Controllers\\AbsensiController::formUpload() at C:\\shuriza\\rekap\\rekap\\vendor\\laravel\\framework\\src\\Illuminate\\Routing\\ControllerDispatcher.php:46)
[stacktrace]
#0 C:\\shuriza\\rekap\\rekap\\vendor\\laravel\\framework\\src\\Illuminate\\Routing\\Route.php(265): Illuminate\\Routing\\ControllerDispatcher->dispatch(Object(Illuminate\\Routing\\Route), Object(App\\Http\\Controllers\\AbsensiController), 'formUpload')
#1 C:\\shuriza\\rekap\\rekap\\vendor\\laravel\\framework\\src\\Illuminate\\Routing\\Route.php(211): Illuminate\\Routing\\Route->runController()
#2 C:\\shuriza\\rekap\\rekap\\vendor\\laravel\\framework\\src\\Illuminate\\Routing\\Router.php(808): Illuminate\\Routing\\Route->run()
#3 C:\\shuriza\\rekap\\rekap\\vendor\\laravel\\framework\\src\\Illuminate\\Pipeline\\Pipeline.php(169): Illuminate\\Routing\\Router->Illuminate\\Routing\\{closure}(Object(Illuminate\\Http\\Request))
#4 C:\\shuriza\\rekap\\rekap\\vendor\\laravel\\framework\\src\\Illuminate\\Routing\\Middleware\\SubstituteBindings.php(50): Illuminate\\Pipeline\\Pipeline->Illuminate\\Pipeline\\{closure}(Object(Illuminate\\Http\\Request))
#5 C:\\shuriza\\rekap\\rekap\\vendor\\laravel\\framework\\src\\Illuminate\\Pipeline\\Pipeline.php(208): Illuminate\\Routing\\Middleware\\SubstituteBindings->handle(Object(Illuminate\\Http\\Request), Object(Closure))
#6 C:\\shuriza\\rekap\\rekap\\vendor\\laravel\\framework\\src\\Illuminate\\Foundation\\Http\\Middleware\\VerifyCsrfToken.php(87): Illuminate\\Pipeline\\Pipeline->Illuminate\\Pipeline\\{closure}(Object(Illuminate\\Http\\Request))
#7 C:\\shuriza\\rekap\\rekap\\vendor\\laravel\\framework\\src\\Illuminate\\Pipeline\\Pipeline.php(208): Illuminate\\Foundation\\Http\\Middleware\\VerifyCsrfToken->handle(Object(Illuminate\\Http\\Request), Object(Closure))
#8 C:\\shuriza\\rekap\\rekap\\vendor\\laravel\\framework\\src\\Illuminate\\View\\Middleware\\ShareErrorsFromSession.php(48): Illuminate\\Pipeline\\Pipeline->Illuminate\\Pipeline\\{closure}(Object(Illuminate\\Http\\Request))
#9 C:\\shuriza\\rekap\\rekap\\vendor\\laravel\\framework\\src\\Illuminate\\Pipeline\\Pipeline.php(208): Illuminate\\View\\Middleware\\ShareErrorsFromSession->handle(Object(Illuminate\\Http\\Request), Object(Closure))
#10 C:\\shuriza\\rekap\\rekap\\vendor\\laravel\\framework\\src\\Illuminate\\Session\\Middleware\\StartSession.php(120): Illuminate\\Pipeline\\Pipeline->Illuminate\\Pipeline\\{closure}(Object(Illuminate\\Http\\Request))
#11 C:\\shuriza\\rekap\\rekap\\vendor\\laravel\\framework\\src\\Illuminate\\Session\\Middleware\\StartSession.php(63): Illuminate\\Session\\Middleware\\StartSession->handleStatefulRequest(Object(Illuminate\\Http\\Request), Object(Illuminate\\Session\\Store), Object(Closure))
#12 C:\\shuriza\\rekap\\rekap\\vendor\\laravel\\framework\\src\\Illuminate\\Pipeline\\Pipeline.php(208): Illuminate\\Session\\Middleware\\StartSession->handle(Object(Illuminate\\Http\\Request), Object(Closure))
#13 C:\\shuriza\\rekap\\rekap\\vendor\\laravel\\framework\\src\\Illuminate\\Cookie\\Middleware\\AddQueuedCookiesToResponse.php(36): Illuminate\\Pipeline\\Pipeline->Illuminate\\Pipeline\\{closure}(Object(Illuminate\\Http\\Request))
#14 C:\\shuriza\\rekap\\rekap\\vendor\\laravel\\framework\\src\\Illuminate\\Pipeline\\Pipeline.php(208): Illuminate\\Cookie\\Middleware\\AddQueuedCookiesToResponse->handle(Object(Illuminate\\Http\\Request), Object(Closure))
#15 C:\\shuriza\\rekap\\rekap\\vendor\\laravel\\framework\\src\\Illuminate\\Cookie\\Middleware\\EncryptCookies.php(74): Illuminate\\Pipeline\\Pipeline->Illuminate\\Pipeline\\{closure}(Object(Illuminate\\Http\\Request))
#16 C:\\shuriza\\rekap\\rekap\\vendor\\laravel\\framework\\src\\Illuminate\\Pipeline\\Pipeline.php(208): Illuminate\\Cookie\\Middleware\\EncryptCookies->handle(Object(Illuminate\\Http\\Request), Object(Closure))
#17 C:\\shuriza\\rekap\\rekap\\vendor\\laravel\\framework\\src\\Illuminate\\Pipeline\\Pipeline.php(126): Illuminate\\Pipeline\\Pipeline->Illuminate\\Pipeline\\{closure}(Object(Illuminate\\Http\\Request))
#18 C:\\shuriza\\rekap\\rekap\\vendor\\laravel\\framework\\src\\Illuminate\\Routing\\Router.php(807): Illuminate\\Pipeline\\Pipeline->then(Object(Closure))
#19 C:\\shuriza\\rekap\\rekap\\vendor\\laravel\\framework\\src\\Illuminate\\Routing\\Router.php(786): Illuminate\\Routing\\Router->runRouteWithinStack(Object(Illuminate\\Routing\\Route), Object(Illuminate\\Http\\Request))
#20 C:\\shuriza\\rekap\\rekap\\vendor\\laravel\\framework\\src\\Illuminate\\Routing\\Router.php(750): Illuminate\\Routing\\Router->runRoute(Object(Illuminate\\Http\\Request), Object(Illuminate\\Routing\\Route))
#21 C:\\shuriza\\rekap\\rekap\\vendor\\laravel\\framework\\src\\Illuminate\\Routing\\Router.php(739): Illuminate\\Routing\\Router->dispatchToRoute(Object(Illuminate\\Http\\Request))
#22 C:\\shuriza\\rekap\\rekap\\vendor\\laravel\\framework\\src\\Illuminate\\Foundation\\Http\\Kernel.php(200): Illuminate\\Routing\\Router->dispatch(Object(Illuminate\\Http\\Request))
#23 C:\\shuriza\\rekap\\rekap\\vendor\\laravel\\framework\\src\\Illuminate\\Pipeline\\Pipeline.php(169): Illuminate\\Foundation\\Http\\Kernel->Illuminate\\Foundation\\Http\\{closure}(Object(Illuminate\\Http\\Request))
#24 C:\\shuriza\\rekap\\rekap\\vendor\\laravel\\framework\\src\\Illuminate\\Foundation\\Http\\Middleware\\TransformsRequest.php(21): Illuminate\\Pipeline\\Pipeline->Illuminate\\Pipeline\\{closure}(Object(Illuminate\\Http\\Request))
#25 C:\\shuriza\\rekap\\rekap\\vendor\\laravel\\framework\\src\\Illuminate\\Foundation\\Http\\Middleware\\ConvertEmptyStringsToNull.php(31): Illuminate\\Foundation\\Http\\Middleware\\TransformsRequest->handle(Object(Illuminate\\Http\\Request), Object(Closure))
#26 C:\\shuriza\\rekap\\rekap\\vendor\\laravel\\framework\\src\\Illuminate\\Pipeline\\Pipeline.php(208): Illuminate\\Foundation\\Http\\Middleware\\ConvertEmptyStringsToNull->handle(Object(Illuminate\\Http\\Request), Object(Closure))
#27 C:\\shuriza\\rekap\\rekap\\vendor\\laravel\\framework\\src\\Illuminate\\Foundation\\Http\\Middleware\\TransformsRequest.php(21): Illuminate\\Pipeline\\Pipeline->Illuminate\\Pipeline\\{closure}(Object(Illuminate\\Http\\Request))
#28 C:\\shuriza\\rekap\\rekap\\vendor\\laravel\\framework\\src\\Illuminate\\Foundation\\Http\\Middleware\\TrimStrings.php(51): Illuminate\\Foundation\\Http\\Middleware\\TransformsRequest->handle(Object(Illuminate\\Http\\Request), Object(Closure))
#29 C:\\shuriza\\rekap\\rekap\\vendor\\laravel\\framework\\src\\Illuminate\\Pipeline\\Pipeline.php(208): Illuminate\\Foundation\\Http\\Middleware\\TrimStrings->handle(Object(Illuminate\\Http\\Request), Object(Closure))
#30 C:\\shuriza\\rekap\\rekap\\vendor\\laravel\\framework\\src\\Illuminate\\Http\\Middleware\\ValidatePostSize.php(27): Illuminate\\Pipeline\\Pipeline->Illuminate\\Pipeline\\{closure}(Object(Illuminate\\Http\\Request))
#31 C:\\shuriza\\rekap\\rekap\\vendor\\laravel\\framework\\src\\Illuminate\\Pipeline\\Pipeline.php(208): Illuminate\\Http\\Middleware\\ValidatePostSize->handle(Object(Illuminate\\Http\\Request), Object(Closure))
#32 C:\\shuriza\\rekap\\rekap\\vendor\\laravel\\framework\\src\\Illuminate\\Foundation\\Http\\Middleware\\PreventRequestsDuringMaintenance.php(109): Illuminate\\Pipeline\\Pipeline->Illuminate\\Pipeline\\{closure}(Object(Illuminate\\Http\\Request))
#33 C:\\shuriza\\rekap\\rekap\\vendor\\laravel\\framework\\src\\Illuminate\\Pipeline\\Pipeline.php(208): Illuminate\\Foundation\\Http\\Middleware\\PreventRequestsDuringMaintenance->handle(Object(Illuminate\\Http\\Request), Object(Closure))
#34 C:\\shuriza\\rekap\\rekap\\vendor\\laravel\\framework\\src\\Illuminate\\Http\\Middleware\\HandleCors.php(48): Illuminate\\Pipeline\\Pipeline->Illuminate\\Pipeline\\{closure}(Object(Illuminate\\Http\\Request))
#35 C:\\shuriza\\rekap\\rekap\\vendor\\laravel\\framework\\src\\Illuminate\\Pipeline\\Pipeline.php(208): Illuminate\\Http\\Middleware\\HandleCors->handle(Object(Illuminate\\Http\\Request), Object(Closure))
#36 C:\\shuriza\\rekap\\rekap\\vendor\\laravel\\framework\\src\\Illuminate\\Http\\Middleware\\TrustProxies.php(58): Illuminate\\Pipeline\\Pipeline->Illuminate\\Pipeline\\{closure}(Object(Illuminate\\Http\\Request))
#37 C:\\shuriza\\rekap\\rekap\\vendor\\laravel\\framework\\src\\Illuminate\\Pipeline\\Pipeline.php(208): Illuminate\\Http\\Middleware\\TrustProxies->handle(Object(Illuminate\\Http\\Request), Object(Closure))
#38 C:\\shuriza\\rekap\\rekap\\vendor\\laravel\\framework\\src\\Illuminate\\Foundation\\Http\\Middleware\\InvokeDeferredCallbacks.php(22): Illuminate\\Pipeline\\Pipeline->Illuminate\\Pipeline\\{closure}(Object(Illuminate\\Http\\Request))
#39 C:\\shuriza\\rekap\\rekap\\vendor\\laravel\\framework\\src\\Illuminate\\Pipeline\\Pipeline.php(208): Illuminate\\Foundation\\Http\\Middleware\\InvokeDeferredCallbacks->handle(Object(Illuminate\\Http\\Request), Object(Closure))
#40 C:\\shuriza\\rekap\\rekap\\vendor\\laravel\\framework\\src\\Illuminate\\Http\\Middleware\\ValidatePathEncoding.php(26): Illuminate\\Pipeline\\Pipeline->Illuminate\\Pipeline\\{closure}(Object(Illuminate\\Http\\Request))
#41 C:\\shuriza\\rekap\\rekap\\vendor\\laravel\\framework\\src\\Illuminate\\Pipeline\\Pipeline.php(208): Illuminate\\Http\\Middleware\\ValidatePathEncoding->handle(Object(Illuminate\\Http\\Request), Object(Closure))
#42 C:\\shuriza\\rekap\\rekap\\vendor\\laravel\\framework\\src\\Illuminate\\Pipeline\\Pipeline.php(126): Illuminate\\Pipeline\\Pipeline->Illuminate\\Pipeline\\{closure}(Object(Illuminate\\Http\\Request))
#43 C:\\shuriza\\rekap\\rekap\\vendor\\laravel\\framework\\src\\Illuminate\\Foundation\\Http\\Kernel.php(175): Illuminate\\Pipeline\\Pipeline->then(Object(Closure))
#44 C:\\shuriza\\rekap\\rekap\\vendor\\laravel\\framework\\src\\Illuminate\\Foundation\\Http\\Kernel.php(144): Illuminate\\Foundation\\Http\\Kernel->sendRequestThroughRouter(Object(Illuminate\\Http\\Request))
#45 C:\\shuriza\\rekap\\rekap\\vendor\\laravel\\framework\\src\\Illuminate\\Foundation\\Application.php(1219): Illuminate\\Foundation\\Http\\Kernel->handle(Object(Illuminate\\Http\\Request))
#46 C:\\shuriza\\rekap\\rekap\\public\\index.php(20): Illuminate\\Foundation\\Application->handleRequest(Object(Illuminate\\Http\\Request))
#47 C:\\shuriza\\rekap\\rekap\\vendor\\laravel\\framework\\src\\Illuminate\\Foundation\\resources\\server.php(23): require_once('C:\\\\shuriza\\\\reka...')
#48 {main}
"} 
[2025-07-04 06:37:39] local.ERROR: Call to undefined method App\Http\Controllers\IzinPresensiController::index() {"exception":"[object] (Error(code: 0): Call to undefined method App\\Http\\Controllers\\IzinPresensiController::index() at C:\\shuriza\\rekap\\rekap\\vendor\\laravel\\framework\\src\\Illuminate\\Routing\\ControllerDispatcher.php:46)
[stacktrace]
#0 C:\\shuriza\\rekap\\rekap\\vendor\\laravel\\framework\\src\\Illuminate\\Routing\\Route.php(265): Illuminate\\Routing\\ControllerDispatcher->dispatch(Object(Illuminate\\Routing\\Route), Object(App\\Http\\Controllers\\IzinPresensiController), 'index')
#1 C:\\shuriza\\rekap\\rekap\\vendor\\laravel\\framework\\src\\Illuminate\\Routing\\Route.php(211): Illuminate\\Routing\\Route->runController()
#2 C:\\shuriza\\rekap\\rekap\\vendor\\laravel\\framework\\src\\Illuminate\\Routing\\Router.php(808): Illuminate\\Routing\\Route->run()
#3 C:\\shuriza\\rekap\\rekap\\vendor\\laravel\\framework\\src\\Illuminate\\Pipeline\\Pipeline.php(169): Illuminate\\Routing\\Router->Illuminate\\Routing\\{closure}(Object(Illuminate\\Http\\Request))
#4 C:\\shuriza\\rekap\\rekap\\vendor\\laravel\\framework\\src\\Illuminate\\Routing\\Middleware\\SubstituteBindings.php(50): Illuminate\\Pipeline\\Pipeline->Illuminate\\Pipeline\\{closure}(Object(Illuminate\\Http\\Request))
#5 C:\\shuriza\\rekap\\rekap\\vendor\\laravel\\framework\\src\\Illuminate\\Pipeline\\Pipeline.php(208): Illuminate\\Routing\\Middleware\\SubstituteBindings->handle(Object(Illuminate\\Http\\Request), Object(Closure))
#6 C:\\shuriza\\rekap\\rekap\\vendor\\laravel\\framework\\src\\Illuminate\\Foundation\\Http\\Middleware\\VerifyCsrfToken.php(87): Illuminate\\Pipeline\\Pipeline->Illuminate\\Pipeline\\{closure}(Object(Illuminate\\Http\\Request))
#7 C:\\shuriza\\rekap\\rekap\\vendor\\laravel\\framework\\src\\Illuminate\\Pipeline\\Pipeline.php(208): Illuminate\\Foundation\\Http\\Middleware\\VerifyCsrfToken->handle(Object(Illuminate\\Http\\Request), Object(Closure))
#8 C:\\shuriza\\rekap\\rekap\\vendor\\laravel\\framework\\src\\Illuminate\\View\\Middleware\\ShareErrorsFromSession.php(48): Illuminate\\Pipeline\\Pipeline->Illuminate\\Pipeline\\{closure}(Object(Illuminate\\Http\\Request))
#9 C:\\shuriza\\rekap\\rekap\\vendor\\laravel\\framework\\src\\Illuminate\\Pipeline\\Pipeline.php(208): Illuminate\\View\\Middleware\\ShareErrorsFromSession->handle(Object(Illuminate\\Http\\Request), Object(Closure))
#10 C:\\shuriza\\rekap\\rekap\\vendor\\laravel\\framework\\src\\Illuminate\\Session\\Middleware\\StartSession.php(120): Illuminate\\Pipeline\\Pipeline->Illuminate\\Pipeline\\{closure}(Object(Illuminate\\Http\\Request))
#11 C:\\shuriza\\rekap\\rekap\\vendor\\laravel\\framework\\src\\Illuminate\\Session\\Middleware\\StartSession.php(63): Illuminate\\Session\\Middleware\\StartSession->handleStatefulRequest(Object(Illuminate\\Http\\Request), Object(Illuminate\\Session\\Store), Object(Closure))
#12 C:\\shuriza\\rekap\\rekap\\vendor\\laravel\\framework\\src\\Illuminate\\Pipeline\\Pipeline.php(208): Illuminate\\Session\\Middleware\\StartSession->handle(Object(Illuminate\\Http\\Request), Object(Closure))
#13 C:\\shuriza\\rekap\\rekap\\vendor\\laravel\\framework\\src\\Illuminate\\Cookie\\Middleware\\AddQueuedCookiesToResponse.php(36): Illuminate\\Pipeline\\Pipeline->Illuminate\\Pipeline\\{closure}(Object(Illuminate\\Http\\Request))
#14 C:\\shuriza\\rekap\\rekap\\vendor\\laravel\\framework\\src\\Illuminate\\Pipeline\\Pipeline.php(208): Illuminate\\Cookie\\Middleware\\AddQueuedCookiesToResponse->handle(Object(Illuminate\\Http\\Request), Object(Closure))
#15 C:\\shuriza\\rekap\\rekap\\vendor\\laravel\\framework\\src\\Illuminate\\Cookie\\Middleware\\EncryptCookies.php(74): Illuminate\\Pipeline\\Pipeline->Illuminate\\Pipeline\\{closure}(Object(Illuminate\\Http\\Request))
#16 C:\\shuriza\\rekap\\rekap\\vendor\\laravel\\framework\\src\\Illuminate\\Pipeline\\Pipeline.php(208): Illuminate\\Cookie\\Middleware\\EncryptCookies->handle(Object(Illuminate\\Http\\Request), Object(Closure))
#17 C:\\shuriza\\rekap\\rekap\\vendor\\laravel\\framework\\src\\Illuminate\\Pipeline\\Pipeline.php(126): Illuminate\\Pipeline\\Pipeline->Illuminate\\Pipeline\\{closure}(Object(Illuminate\\Http\\Request))
#18 C:\\shuriza\\rekap\\rekap\\vendor\\laravel\\framework\\src\\Illuminate\\Routing\\Router.php(807): Illuminate\\Pipeline\\Pipeline->then(Object(Closure))
#19 C:\\shuriza\\rekap\\rekap\\vendor\\laravel\\framework\\src\\Illuminate\\Routing\\Router.php(786): Illuminate\\Routing\\Router->runRouteWithinStack(Object(Illuminate\\Routing\\Route), Object(Illuminate\\Http\\Request))
#20 C:\\shuriza\\rekap\\rekap\\vendor\\laravel\\framework\\src\\Illuminate\\Routing\\Router.php(750): Illuminate\\Routing\\Router->runRoute(Object(Illuminate\\Http\\Request), Object(Illuminate\\Routing\\Route))
#21 C:\\shuriza\\rekap\\rekap\\vendor\\laravel\\framework\\src\\Illuminate\\Routing\\Router.php(739): Illuminate\\Routing\\Router->dispatchToRoute(Object(Illuminate\\Http\\Request))
#22 C:\\shuriza\\rekap\\rekap\\vendor\\laravel\\framework\\src\\Illuminate\\Foundation\\Http\\Kernel.php(200): Illuminate\\Routing\\Router->dispatch(Object(Illuminate\\Http\\Request))
#23 C:\\shuriza\\rekap\\rekap\\vendor\\laravel\\framework\\src\\Illuminate\\Pipeline\\Pipeline.php(169): Illuminate\\Foundation\\Http\\Kernel->Illuminate\\Foundation\\Http\\{closure}(Object(Illuminate\\Http\\Request))
#24 C:\\shuriza\\rekap\\rekap\\vendor\\laravel\\framework\\src\\Illuminate\\Foundation\\Http\\Middleware\\TransformsRequest.php(21): Illuminate\\Pipeline\\Pipeline->Illuminate\\Pipeline\\{closure}(Object(Illuminate\\Http\\Request))
#25 C:\\shuriza\\rekap\\rekap\\vendor\\laravel\\framework\\src\\Illuminate\\Foundation\\Http\\Middleware\\ConvertEmptyStringsToNull.php(31): Illuminate\\Foundation\\Http\\Middleware\\TransformsRequest->handle(Object(Illuminate\\Http\\Request), Object(Closure))
#26 C:\\shuriza\\rekap\\rekap\\vendor\\laravel\\framework\\src\\Illuminate\\Pipeline\\Pipeline.php(208): Illuminate\\Foundation\\Http\\Middleware\\ConvertEmptyStringsToNull->handle(Object(Illuminate\\Http\\Request), Object(Closure))
#27 C:\\shuriza\\rekap\\rekap\\vendor\\laravel\\framework\\src\\Illuminate\\Foundation\\Http\\Middleware\\TransformsRequest.php(21): Illuminate\\Pipeline\\Pipeline->Illuminate\\Pipeline\\{closure}(Object(Illuminate\\Http\\Request))
#28 C:\\shuriza\\rekap\\rekap\\vendor\\laravel\\framework\\src\\Illuminate\\Foundation\\Http\\Middleware\\TrimStrings.php(51): Illuminate\\Foundation\\Http\\Middleware\\TransformsRequest->handle(Object(Illuminate\\Http\\Request), Object(Closure))
#29 C:\\shuriza\\rekap\\rekap\\vendor\\laravel\\framework\\src\\Illuminate\\Pipeline\\Pipeline.php(208): Illuminate\\Foundation\\Http\\Middleware\\TrimStrings->handle(Object(Illuminate\\Http\\Request), Object(Closure))
#30 C:\\shuriza\\rekap\\rekap\\vendor\\laravel\\framework\\src\\Illuminate\\Http\\Middleware\\ValidatePostSize.php(27): Illuminate\\Pipeline\\Pipeline->Illuminate\\Pipeline\\{closure}(Object(Illuminate\\Http\\Request))
#31 C:\\shuriza\\rekap\\rekap\\vendor\\laravel\\framework\\src\\Illuminate\\Pipeline\\Pipeline.php(208): Illuminate\\Http\\Middleware\\ValidatePostSize->handle(Object(Illuminate\\Http\\Request), Object(Closure))
#32 C:\\shuriza\\rekap\\rekap\\vendor\\laravel\\framework\\src\\Illuminate\\Foundation\\Http\\Middleware\\PreventRequestsDuringMaintenance.php(109): Illuminate\\Pipeline\\Pipeline->Illuminate\\Pipeline\\{closure}(Object(Illuminate\\Http\\Request))
#33 C:\\shuriza\\rekap\\rekap\\vendor\\laravel\\framework\\src\\Illuminate\\Pipeline\\Pipeline.php(208): Illuminate\\Foundation\\Http\\Middleware\\PreventRequestsDuringMaintenance->handle(Object(Illuminate\\Http\\Request), Object(Closure))
#34 C:\\shuriza\\rekap\\rekap\\vendor\\laravel\\framework\\src\\Illuminate\\Http\\Middleware\\HandleCors.php(48): Illuminate\\Pipeline\\Pipeline->Illuminate\\Pipeline\\{closure}(Object(Illuminate\\Http\\Request))
#35 C:\\shuriza\\rekap\\rekap\\vendor\\laravel\\framework\\src\\Illuminate\\Pipeline\\Pipeline.php(208): Illuminate\\Http\\Middleware\\HandleCors->handle(Object(Illuminate\\Http\\Request), Object(Closure))
#36 C:\\shuriza\\rekap\\rekap\\vendor\\laravel\\framework\\src\\Illuminate\\Http\\Middleware\\TrustProxies.php(58): Illuminate\\Pipeline\\Pipeline->Illuminate\\Pipeline\\{closure}(Object(Illuminate\\Http\\Request))
#37 C:\\shuriza\\rekap\\rekap\\vendor\\laravel\\framework\\src\\Illuminate\\Pipeline\\Pipeline.php(208): Illuminate\\Http\\Middleware\\TrustProxies->handle(Object(Illuminate\\Http\\Request), Object(Closure))
#38 C:\\shuriza\\rekap\\rekap\\vendor\\laravel\\framework\\src\\Illuminate\\Foundation\\Http\\Middleware\\InvokeDeferredCallbacks.php(22): Illuminate\\Pipeline\\Pipeline->Illuminate\\Pipeline\\{closure}(Object(Illuminate\\Http\\Request))
#39 C:\\shuriza\\rekap\\rekap\\vendor\\laravel\\framework\\src\\Illuminate\\Pipeline\\Pipeline.php(208): Illuminate\\Foundation\\Http\\Middleware\\InvokeDeferredCallbacks->handle(Object(Illuminate\\Http\\Request), Object(Closure))
#40 C:\\shuriza\\rekap\\rekap\\vendor\\laravel\\framework\\src\\Illuminate\\Http\\Middleware\\ValidatePathEncoding.php(26): Illuminate\\Pipeline\\Pipeline->Illuminate\\Pipeline\\{closure}(Object(Illuminate\\Http\\Request))
#41 C:\\shuriza\\rekap\\rekap\\vendor\\laravel\\framework\\src\\Illuminate\\Pipeline\\Pipeline.php(208): Illuminate\\Http\\Middleware\\ValidatePathEncoding->handle(Object(Illuminate\\Http\\Request), Object(Closure))
#42 C:\\shuriza\\rekap\\rekap\\vendor\\laravel\\framework\\src\\Illuminate\\Pipeline\\Pipeline.php(126): Illuminate\\Pipeline\\Pipeline->Illuminate\\Pipeline\\{closure}(Object(Illuminate\\Http\\Request))
#43 C:\\shuriza\\rekap\\rekap\\vendor\\laravel\\framework\\src\\Illuminate\\Foundation\\Http\\Kernel.php(175): Illuminate\\Pipeline\\Pipeline->then(Object(Closure))
#44 C:\\shuriza\\rekap\\rekap\\vendor\\laravel\\framework\\src\\Illuminate\\Foundation\\Http\\Kernel.php(144): Illuminate\\Foundation\\Http\\Kernel->sendRequestThroughRouter(Object(Illuminate\\Http\\Request))
#45 C:\\shuriza\\rekap\\rekap\\vendor\\laravel\\framework\\src\\Illuminate\\Foundation\\Application.php(1219): Illuminate\\Foundation\\Http\\Kernel->handle(Object(Illuminate\\Http\\Request))
#46 C:\\shuriza\\rekap\\rekap\\public\\index.php(20): Illuminate\\Foundation\\Application->handleRequest(Object(Illuminate\\Http\\Request))
#47 C:\\shuriza\\rekap\\rekap\\vendor\\laravel\\framework\\src\\Illuminate\\Foundation\\resources\\server.php(23): require_once('C:\\\\shuriza\\\\reka...')
#48 {main}
"} 
[2025-07-04 06:43:48] local.ERROR: Call to undefined method App\Http\Controllers\IzinPresensiController::index() {"exception":"[object] (Error(code: 0): Call to undefined method App\\Http\\Controllers\\IzinPresensiController::index() at C:\\shuriza\\rekap\\rekap\\vendor\\laravel\\framework\\src\\Illuminate\\Routing\\ControllerDispatcher.php:46)
[stacktrace]
#0 C:\\shuriza\\rekap\\rekap\\vendor\\laravel\\framework\\src\\Illuminate\\Routing\\Route.php(265): Illuminate\\Routing\\ControllerDispatcher->dispatch(Object(Illuminate\\Routing\\Route), Object(App\\Http\\Controllers\\IzinPresensiController), 'index')
#1 C:\\shuriza\\rekap\\rekap\\vendor\\laravel\\framework\\src\\Illuminate\\Routing\\Route.php(211): Illuminate\\Routing\\Route->runController()
#2 C:\\shuriza\\rekap\\rekap\\vendor\\laravel\\framework\\src\\Illuminate\\Routing\\Router.php(808): Illuminate\\Routing\\Route->run()
#3 C:\\shuriza\\rekap\\rekap\\vendor\\laravel\\framework\\src\\Illuminate\\Pipeline\\Pipeline.php(169): Illuminate\\Routing\\Router->Illuminate\\Routing\\{closure}(Object(Illuminate\\Http\\Request))
#4 C:\\shuriza\\rekap\\rekap\\vendor\\laravel\\framework\\src\\Illuminate\\Routing\\Middleware\\SubstituteBindings.php(50): Illuminate\\Pipeline\\Pipeline->Illuminate\\Pipeline\\{closure}(Object(Illuminate\\Http\\Request))
#5 C:\\shuriza\\rekap\\rekap\\vendor\\laravel\\framework\\src\\Illuminate\\Pipeline\\Pipeline.php(208): Illuminate\\Routing\\Middleware\\SubstituteBindings->handle(Object(Illuminate\\Http\\Request), Object(Closure))
#6 C:\\shuriza\\rekap\\rekap\\vendor\\laravel\\framework\\src\\Illuminate\\Foundation\\Http\\Middleware\\VerifyCsrfToken.php(87): Illuminate\\Pipeline\\Pipeline->Illuminate\\Pipeline\\{closure}(Object(Illuminate\\Http\\Request))
#7 C:\\shuriza\\rekap\\rekap\\vendor\\laravel\\framework\\src\\Illuminate\\Pipeline\\Pipeline.php(208): Illuminate\\Foundation\\Http\\Middleware\\VerifyCsrfToken->handle(Object(Illuminate\\Http\\Request), Object(Closure))
#8 C:\\shuriza\\rekap\\rekap\\vendor\\laravel\\framework\\src\\Illuminate\\View\\Middleware\\ShareErrorsFromSession.php(48): Illuminate\\Pipeline\\Pipeline->Illuminate\\Pipeline\\{closure}(Object(Illuminate\\Http\\Request))
#9 C:\\shuriza\\rekap\\rekap\\vendor\\laravel\\framework\\src\\Illuminate\\Pipeline\\Pipeline.php(208): Illuminate\\View\\Middleware\\ShareErrorsFromSession->handle(Object(Illuminate\\Http\\Request), Object(Closure))
#10 C:\\shuriza\\rekap\\rekap\\vendor\\laravel\\framework\\src\\Illuminate\\Session\\Middleware\\StartSession.php(120): Illuminate\\Pipeline\\Pipeline->Illuminate\\Pipeline\\{closure}(Object(Illuminate\\Http\\Request))
#11 C:\\shuriza\\rekap\\rekap\\vendor\\laravel\\framework\\src\\Illuminate\\Session\\Middleware\\StartSession.php(63): Illuminate\\Session\\Middleware\\StartSession->handleStatefulRequest(Object(Illuminate\\Http\\Request), Object(Illuminate\\Session\\Store), Object(Closure))
#12 C:\\shuriza\\rekap\\rekap\\vendor\\laravel\\framework\\src\\Illuminate\\Pipeline\\Pipeline.php(208): Illuminate\\Session\\Middleware\\StartSession->handle(Object(Illuminate\\Http\\Request), Object(Closure))
#13 C:\\shuriza\\rekap\\rekap\\vendor\\laravel\\framework\\src\\Illuminate\\Cookie\\Middleware\\AddQueuedCookiesToResponse.php(36): Illuminate\\Pipeline\\Pipeline->Illuminate\\Pipeline\\{closure}(Object(Illuminate\\Http\\Request))
#14 C:\\shuriza\\rekap\\rekap\\vendor\\laravel\\framework\\src\\Illuminate\\Pipeline\\Pipeline.php(208): Illuminate\\Cookie\\Middleware\\AddQueuedCookiesToResponse->handle(Object(Illuminate\\Http\\Request), Object(Closure))
#15 C:\\shuriza\\rekap\\rekap\\vendor\\laravel\\framework\\src\\Illuminate\\Cookie\\Middleware\\EncryptCookies.php(74): Illuminate\\Pipeline\\Pipeline->Illuminate\\Pipeline\\{closure}(Object(Illuminate\\Http\\Request))
#16 C:\\shuriza\\rekap\\rekap\\vendor\\laravel\\framework\\src\\Illuminate\\Pipeline\\Pipeline.php(208): Illuminate\\Cookie\\Middleware\\EncryptCookies->handle(Object(Illuminate\\Http\\Request), Object(Closure))
#17 C:\\shuriza\\rekap\\rekap\\vendor\\laravel\\framework\\src\\Illuminate\\Pipeline\\Pipeline.php(126): Illuminate\\Pipeline\\Pipeline->Illuminate\\Pipeline\\{closure}(Object(Illuminate\\Http\\Request))
#18 C:\\shuriza\\rekap\\rekap\\vendor\\laravel\\framework\\src\\Illuminate\\Routing\\Router.php(807): Illuminate\\Pipeline\\Pipeline->then(Object(Closure))
#19 C:\\shuriza\\rekap\\rekap\\vendor\\laravel\\framework\\src\\Illuminate\\Routing\\Router.php(786): Illuminate\\Routing\\Router->runRouteWithinStack(Object(Illuminate\\Routing\\Route), Object(Illuminate\\Http\\Request))
#20 C:\\shuriza\\rekap\\rekap\\vendor\\laravel\\framework\\src\\Illuminate\\Routing\\Router.php(750): Illuminate\\Routing\\Router->runRoute(Object(Illuminate\\Http\\Request), Object(Illuminate\\Routing\\Route))
#21 C:\\shuriza\\rekap\\rekap\\vendor\\laravel\\framework\\src\\Illuminate\\Routing\\Router.php(739): Illuminate\\Routing\\Router->dispatchToRoute(Object(Illuminate\\Http\\Request))
#22 C:\\shuriza\\rekap\\rekap\\vendor\\laravel\\framework\\src\\Illuminate\\Foundation\\Http\\Kernel.php(200): Illuminate\\Routing\\Router->dispatch(Object(Illuminate\\Http\\Request))
#23 C:\\shuriza\\rekap\\rekap\\vendor\\laravel\\framework\\src\\Illuminate\\Pipeline\\Pipeline.php(169): Illuminate\\Foundation\\Http\\Kernel->Illuminate\\Foundation\\Http\\{closure}(Object(Illuminate\\Http\\Request))
#24 C:\\shuriza\\rekap\\rekap\\vendor\\laravel\\framework\\src\\Illuminate\\Foundation\\Http\\Middleware\\TransformsRequest.php(21): Illuminate\\Pipeline\\Pipeline->Illuminate\\Pipeline\\{closure}(Object(Illuminate\\Http\\Request))
#25 C:\\shuriza\\rekap\\rekap\\vendor\\laravel\\framework\\src\\Illuminate\\Foundation\\Http\\Middleware\\ConvertEmptyStringsToNull.php(31): Illuminate\\Foundation\\Http\\Middleware\\TransformsRequest->handle(Object(Illuminate\\Http\\Request), Object(Closure))
#26 C:\\shuriza\\rekap\\rekap\\vendor\\laravel\\framework\\src\\Illuminate\\Pipeline\\Pipeline.php(208): Illuminate\\Foundation\\Http\\Middleware\\ConvertEmptyStringsToNull->handle(Object(Illuminate\\Http\\Request), Object(Closure))
#27 C:\\shuriza\\rekap\\rekap\\vendor\\laravel\\framework\\src\\Illuminate\\Foundation\\Http\\Middleware\\TransformsRequest.php(21): Illuminate\\Pipeline\\Pipeline->Illuminate\\Pipeline\\{closure}(Object(Illuminate\\Http\\Request))
#28 C:\\shuriza\\rekap\\rekap\\vendor\\laravel\\framework\\src\\Illuminate\\Foundation\\Http\\Middleware\\TrimStrings.php(51): Illuminate\\Foundation\\Http\\Middleware\\TransformsRequest->handle(Object(Illuminate\\Http\\Request), Object(Closure))
#29 C:\\shuriza\\rekap\\rekap\\vendor\\laravel\\framework\\src\\Illuminate\\Pipeline\\Pipeline.php(208): Illuminate\\Foundation\\Http\\Middleware\\TrimStrings->handle(Object(Illuminate\\Http\\Request), Object(Closure))
#30 C:\\shuriza\\rekap\\rekap\\vendor\\laravel\\framework\\src\\Illuminate\\Http\\Middleware\\ValidatePostSize.php(27): Illuminate\\Pipeline\\Pipeline->Illuminate\\Pipeline\\{closure}(Object(Illuminate\\Http\\Request))
#31 C:\\shuriza\\rekap\\rekap\\vendor\\laravel\\framework\\src\\Illuminate\\Pipeline\\Pipeline.php(208): Illuminate\\Http\\Middleware\\ValidatePostSize->handle(Object(Illuminate\\Http\\Request), Object(Closure))
#32 C:\\shuriza\\rekap\\rekap\\vendor\\laravel\\framework\\src\\Illuminate\\Foundation\\Http\\Middleware\\PreventRequestsDuringMaintenance.php(109): Illuminate\\Pipeline\\Pipeline->Illuminate\\Pipeline\\{closure}(Object(Illuminate\\Http\\Request))
#33 C:\\shuriza\\rekap\\rekap\\vendor\\laravel\\framework\\src\\Illuminate\\Pipeline\\Pipeline.php(208): Illuminate\\Foundation\\Http\\Middleware\\PreventRequestsDuringMaintenance->handle(Object(Illuminate\\Http\\Request), Object(Closure))
#34 C:\\shuriza\\rekap\\rekap\\vendor\\laravel\\framework\\src\\Illuminate\\Http\\Middleware\\HandleCors.php(48): Illuminate\\Pipeline\\Pipeline->Illuminate\\Pipeline\\{closure}(Object(Illuminate\\Http\\Request))
#35 C:\\shuriza\\rekap\\rekap\\vendor\\laravel\\framework\\src\\Illuminate\\Pipeline\\Pipeline.php(208): Illuminate\\Http\\Middleware\\HandleCors->handle(Object(Illuminate\\Http\\Request), Object(Closure))
#36 C:\\shuriza\\rekap\\rekap\\vendor\\laravel\\framework\\src\\Illuminate\\Http\\Middleware\\TrustProxies.php(58): Illuminate\\Pipeline\\Pipeline->Illuminate\\Pipeline\\{closure}(Object(Illuminate\\Http\\Request))
#37 C:\\shuriza\\rekap\\rekap\\vendor\\laravel\\framework\\src\\Illuminate\\Pipeline\\Pipeline.php(208): Illuminate\\Http\\Middleware\\TrustProxies->handle(Object(Illuminate\\Http\\Request), Object(Closure))
#38 C:\\shuriza\\rekap\\rekap\\vendor\\laravel\\framework\\src\\Illuminate\\Foundation\\Http\\Middleware\\InvokeDeferredCallbacks.php(22): Illuminate\\Pipeline\\Pipeline->Illuminate\\Pipeline\\{closure}(Object(Illuminate\\Http\\Request))
#39 C:\\shuriza\\rekap\\rekap\\vendor\\laravel\\framework\\src\\Illuminate\\Pipeline\\Pipeline.php(208): Illuminate\\Foundation\\Http\\Middleware\\InvokeDeferredCallbacks->handle(Object(Illuminate\\Http\\Request), Object(Closure))
#40 C:\\shuriza\\rekap\\rekap\\vendor\\laravel\\framework\\src\\Illuminate\\Http\\Middleware\\ValidatePathEncoding.php(26): Illuminate\\Pipeline\\Pipeline->Illuminate\\Pipeline\\{closure}(Object(Illuminate\\Http\\Request))
#41 C:\\shuriza\\rekap\\rekap\\vendor\\laravel\\framework\\src\\Illuminate\\Pipeline\\Pipeline.php(208): Illuminate\\Http\\Middleware\\ValidatePathEncoding->handle(Object(Illuminate\\Http\\Request), Object(Closure))
#42 C:\\shuriza\\rekap\\rekap\\vendor\\laravel\\framework\\src\\Illuminate\\Pipeline\\Pipeline.php(126): Illuminate\\Pipeline\\Pipeline->Illuminate\\Pipeline\\{closure}(Object(Illuminate\\Http\\Request))
#43 C:\\shuriza\\rekap\\rekap\\vendor\\laravel\\framework\\src\\Illuminate\\Foundation\\Http\\Kernel.php(175): Illuminate\\Pipeline\\Pipeline->then(Object(Closure))
#44 C:\\shuriza\\rekap\\rekap\\vendor\\laravel\\framework\\src\\Illuminate\\Foundation\\Http\\Kernel.php(144): Illuminate\\Foundation\\Http\\Kernel->sendRequestThroughRouter(Object(Illuminate\\Http\\Request))
#45 C:\\shuriza\\rekap\\rekap\\vendor\\laravel\\framework\\src\\Illuminate\\Foundation\\Application.php(1219): Illuminate\\Foundation\\Http\\Kernel->handle(Object(Illuminate\\Http\\Request))
#46 C:\\shuriza\\rekap\\rekap\\public\\index.php(20): Illuminate\\Foundation\\Application->handleRequest(Object(Illuminate\\Http\\Request))
#47 C:\\shuriza\\rekap\\rekap\\vendor\\laravel\\framework\\src\\Illuminate\\Foundation\\resources\\server.php(23): require_once('C:\\\\shuriza\\\\reka...')
#48 {main}
"} 
[2025-07-04 06:49:35] local.ERROR: SQLSTATE[42S02]: Base table or view not found: 1146 Table 'rekap.izin_presensis' doesn't exist (Connection: mysql, SQL: select count(*) as aggregate from `izin_presensis`) {"exception":"[object] (Illuminate\\Database\\QueryException(code: 42S02): SQLSTATE[42S02]: Base table or view not found: 1146 Table 'rekap.izin_presensis' doesn't exist (Connection: mysql, SQL: select count(*) as aggregate from `izin_presensis`) at C:\\shuriza\\rekap\\rekap\\vendor\\laravel\\framework\\src\\Illuminate\\Database\\Connection.php:822)
[stacktrace]
#0 C:\\shuriza\\rekap\\rekap\\vendor\\laravel\\framework\\src\\Illuminate\\Database\\Connection.php(776): Illuminate\\Database\\Connection->runQueryCallback('select count(*)...', Array, Object(Closure))
#1 C:\\shuriza\\rekap\\rekap\\vendor\\laravel\\framework\\src\\Illuminate\\Database\\Connection.php(395): Illuminate\\Database\\Connection->run('select count(*)...', Array, Object(Closure))
#2 C:\\shuriza\\rekap\\rekap\\vendor\\laravel\\framework\\src\\Illuminate\\Database\\Query\\Builder.php(3107): Illuminate\\Database\\Connection->select('select count(*)...', Array, true)
#3 C:\\shuriza\\rekap\\rekap\\vendor\\laravel\\framework\\src\\Illuminate\\Database\\Query\\Builder.php(3092): Illuminate\\Database\\Query\\Builder->runSelect()
#4 C:\\shuriza\\rekap\\rekap\\vendor\\laravel\\framework\\src\\Illuminate\\Database\\Query\\Builder.php(3679): Illuminate\\Database\\Query\\Builder->Illuminate\\Database\\Query\\{closure}()
#5 C:\\shuriza\\rekap\\rekap\\vendor\\laravel\\framework\\src\\Illuminate\\Database\\Query\\Builder.php(3091): Illuminate\\Database\\Query\\Builder->onceWithColumns(Array, Object(Closure))
#6 C:\\shuriza\\rekap\\rekap\\vendor\\laravel\\framework\\src\\Illuminate\\Database\\Query\\Builder.php(3286): Illuminate\\Database\\Query\\Builder->get()
#7 C:\\shuriza\\rekap\\rekap\\vendor\\laravel\\framework\\src\\Illuminate\\Database\\Query\\Builder.php(3245): Illuminate\\Database\\Query\\Builder->runPaginationCountQuery(Array)
#8 C:\\shuriza\\rekap\\rekap\\vendor\\laravel\\framework\\src\\Illuminate\\Database\\Eloquent\\Builder.php(1089): Illuminate\\Database\\Query\\Builder->getCountForPagination()
#9 C:\\shuriza\\rekap\\rekap\\app\\Http\\Controllers\\IzinPresensiController.php(20): Illuminate\\Database\\Eloquent\\Builder->paginate(10)
#10 C:\\shuriza\\rekap\\rekap\\vendor\\laravel\\framework\\src\\Illuminate\\Routing\\ControllerDispatcher.php(46): App\\Http\\Controllers\\IzinPresensiController->index()
#11 C:\\shuriza\\rekap\\rekap\\vendor\\laravel\\framework\\src\\Illuminate\\Routing\\Route.php(265): Illuminate\\Routing\\ControllerDispatcher->dispatch(Object(Illuminate\\Routing\\Route), Object(App\\Http\\Controllers\\IzinPresensiController), 'index')
#12 C:\\shuriza\\rekap\\rekap\\vendor\\laravel\\framework\\src\\Illuminate\\Routing\\Route.php(211): Illuminate\\Routing\\Route->runController()
#13 C:\\shuriza\\rekap\\rekap\\vendor\\laravel\\framework\\src\\Illuminate\\Routing\\Router.php(808): Illuminate\\Routing\\Route->run()
#14 C:\\shuriza\\rekap\\rekap\\vendor\\laravel\\framework\\src\\Illuminate\\Pipeline\\Pipeline.php(169): Illuminate\\Routing\\Router->Illuminate\\Routing\\{closure}(Object(Illuminate\\Http\\Request))
#15 C:\\shuriza\\rekap\\rekap\\vendor\\laravel\\framework\\src\\Illuminate\\Routing\\Middleware\\SubstituteBindings.php(50): Illuminate\\Pipeline\\Pipeline->Illuminate\\Pipeline\\{closure}(Object(Illuminate\\Http\\Request))
#16 C:\\shuriza\\rekap\\rekap\\vendor\\laravel\\framework\\src\\Illuminate\\Pipeline\\Pipeline.php(208): Illuminate\\Routing\\Middleware\\SubstituteBindings->handle(Object(Illuminate\\Http\\Request), Object(Closure))
#17 C:\\shuriza\\rekap\\rekap\\vendor\\laravel\\framework\\src\\Illuminate\\Foundation\\Http\\Middleware\\VerifyCsrfToken.php(87): Illuminate\\Pipeline\\Pipeline->Illuminate\\Pipeline\\{closure}(Object(Illuminate\\Http\\Request))
#18 C:\\shuriza\\rekap\\rekap\\vendor\\laravel\\framework\\src\\Illuminate\\Pipeline\\Pipeline.php(208): Illuminate\\Foundation\\Http\\Middleware\\VerifyCsrfToken->handle(Object(Illuminate\\Http\\Request), Object(Closure))
#19 C:\\shuriza\\rekap\\rekap\\vendor\\laravel\\framework\\src\\Illuminate\\View\\Middleware\\ShareErrorsFromSession.php(48): Illuminate\\Pipeline\\Pipeline->Illuminate\\Pipeline\\{closure}(Object(Illuminate\\Http\\Request))
#20 C:\\shuriza\\rekap\\rekap\\vendor\\laravel\\framework\\src\\Illuminate\\Pipeline\\Pipeline.php(208): Illuminate\\View\\Middleware\\ShareErrorsFromSession->handle(Object(Illuminate\\Http\\Request), Object(Closure))
#21 C:\\shuriza\\rekap\\rekap\\vendor\\laravel\\framework\\src\\Illuminate\\Session\\Middleware\\StartSession.php(120): Illuminate\\Pipeline\\Pipeline->Illuminate\\Pipeline\\{closure}(Object(Illuminate\\Http\\Request))
#22 C:\\shuriza\\rekap\\rekap\\vendor\\laravel\\framework\\src\\Illuminate\\Session\\Middleware\\StartSession.php(63): Illuminate\\Session\\Middleware\\StartSession->handleStatefulRequest(Object(Illuminate\\Http\\Request), Object(Illuminate\\Session\\Store), Object(Closure))
#23 C:\\shuriza\\rekap\\rekap\\vendor\\laravel\\framework\\src\\Illuminate\\Pipeline\\Pipeline.php(208): Illuminate\\Session\\Middleware\\StartSession->handle(Object(Illuminate\\Http\\Request), Object(Closure))
#24 C:\\shuriza\\rekap\\rekap\\vendor\\laravel\\framework\\src\\Illuminate\\Cookie\\Middleware\\AddQueuedCookiesToResponse.php(36): Illuminate\\Pipeline\\Pipeline->Illuminate\\Pipeline\\{closure}(Object(Illuminate\\Http\\Request))
#25 C:\\shuriza\\rekap\\rekap\\vendor\\laravel\\framework\\src\\Illuminate\\Pipeline\\Pipeline.php(208): Illuminate\\Cookie\\Middleware\\AddQueuedCookiesToResponse->handle(Object(Illuminate\\Http\\Request), Object(Closure))
#26 C:\\shuriza\\rekap\\rekap\\vendor\\laravel\\framework\\src\\Illuminate\\Cookie\\Middleware\\EncryptCookies.php(74): Illuminate\\Pipeline\\Pipeline->Illuminate\\Pipeline\\{closure}(Object(Illuminate\\Http\\Request))
#27 C:\\shuriza\\rekap\\rekap\\vendor\\laravel\\framework\\src\\Illuminate\\Pipeline\\Pipeline.php(208): Illuminate\\Cookie\\Middleware\\EncryptCookies->handle(Object(Illuminate\\Http\\Request), Object(Closure))
#28 C:\\shuriza\\rekap\\rekap\\vendor\\laravel\\framework\\src\\Illuminate\\Pipeline\\Pipeline.php(126): Illuminate\\Pipeline\\Pipeline->Illuminate\\Pipeline\\{closure}(Object(Illuminate\\Http\\Request))
#29 C:\\shuriza\\rekap\\rekap\\vendor\\laravel\\framework\\src\\Illuminate\\Routing\\Router.php(807): Illuminate\\Pipeline\\Pipeline->then(Object(Closure))
#30 C:\\shuriza\\rekap\\rekap\\vendor\\laravel\\framework\\src\\Illuminate\\Routing\\Router.php(786): Illuminate\\Routing\\Router->runRouteWithinStack(Object(Illuminate\\Routing\\Route), Object(Illuminate\\Http\\Request))
#31 C:\\shuriza\\rekap\\rekap\\vendor\\laravel\\framework\\src\\Illuminate\\Routing\\Router.php(750): Illuminate\\Routing\\Router->runRoute(Object(Illuminate\\Http\\Request), Object(Illuminate\\Routing\\Route))
#32 C:\\shuriza\\rekap\\rekap\\vendor\\laravel\\framework\\src\\Illuminate\\Routing\\Router.php(739): Illuminate\\Routing\\Router->dispatchToRoute(Object(Illuminate\\Http\\Request))
#33 C:\\shuriza\\rekap\\rekap\\vendor\\laravel\\framework\\src\\Illuminate\\Foundation\\Http\\Kernel.php(200): Illuminate\\Routing\\Router->dispatch(Object(Illuminate\\Http\\Request))
#34 C:\\shuriza\\rekap\\rekap\\vendor\\laravel\\framework\\src\\Illuminate\\Pipeline\\Pipeline.php(169): Illuminate\\Foundation\\Http\\Kernel->Illuminate\\Foundation\\Http\\{closure}(Object(Illuminate\\Http\\Request))
#35 C:\\shuriza\\rekap\\rekap\\vendor\\laravel\\framework\\src\\Illuminate\\Foundation\\Http\\Middleware\\TransformsRequest.php(21): Illuminate\\Pipeline\\Pipeline->Illuminate\\Pipeline\\{closure}(Object(Illuminate\\Http\\Request))
#36 C:\\shuriza\\rekap\\rekap\\vendor\\laravel\\framework\\src\\Illuminate\\Foundation\\Http\\Middleware\\ConvertEmptyStringsToNull.php(31): Illuminate\\Foundation\\Http\\Middleware\\TransformsRequest->handle(Object(Illuminate\\Http\\Request), Object(Closure))
#37 C:\\shuriza\\rekap\\rekap\\vendor\\laravel\\framework\\src\\Illuminate\\Pipeline\\Pipeline.php(208): Illuminate\\Foundation\\Http\\Middleware\\ConvertEmptyStringsToNull->handle(Object(Illuminate\\Http\\Request), Object(Closure))
#38 C:\\shuriza\\rekap\\rekap\\vendor\\laravel\\framework\\src\\Illuminate\\Foundation\\Http\\Middleware\\TransformsRequest.php(21): Illuminate\\Pipeline\\Pipeline->Illuminate\\Pipeline\\{closure}(Object(Illuminate\\Http\\Request))
#39 C:\\shuriza\\rekap\\rekap\\vendor\\laravel\\framework\\src\\Illuminate\\Foundation\\Http\\Middleware\\TrimStrings.php(51): Illuminate\\Foundation\\Http\\Middleware\\TransformsRequest->handle(Object(Illuminate\\Http\\Request), Object(Closure))
#40 C:\\shuriza\\rekap\\rekap\\vendor\\laravel\\framework\\src\\Illuminate\\Pipeline\\Pipeline.php(208): Illuminate\\Foundation\\Http\\Middleware\\TrimStrings->handle(Object(Illuminate\\Http\\Request), Object(Closure))
#41 C:\\shuriza\\rekap\\rekap\\vendor\\laravel\\framework\\src\\Illuminate\\Http\\Middleware\\ValidatePostSize.php(27): Illuminate\\Pipeline\\Pipeline->Illuminate\\Pipeline\\{closure}(Object(Illuminate\\Http\\Request))
#42 C:\\shuriza\\rekap\\rekap\\vendor\\laravel\\framework\\src\\Illuminate\\Pipeline\\Pipeline.php(208): Illuminate\\Http\\Middleware\\ValidatePostSize->handle(Object(Illuminate\\Http\\Request), Object(Closure))
#43 C:\\shuriza\\rekap\\rekap\\vendor\\laravel\\framework\\src\\Illuminate\\Foundation\\Http\\Middleware\\PreventRequestsDuringMaintenance.php(109): Illuminate\\Pipeline\\Pipeline->Illuminate\\Pipeline\\{closure}(Object(Illuminate\\Http\\Request))
#44 C:\\shuriza\\rekap\\rekap\\vendor\\laravel\\framework\\src\\Illuminate\\Pipeline\\Pipeline.php(208): Illuminate\\Foundation\\Http\\Middleware\\PreventRequestsDuringMaintenance->handle(Object(Illuminate\\Http\\Request), Object(Closure))
#45 C:\\shuriza\\rekap\\rekap\\vendor\\laravel\\framework\\src\\Illuminate\\Http\\Middleware\\HandleCors.php(48): Illuminate\\Pipeline\\Pipeline->Illuminate\\Pipeline\\{closure}(Object(Illuminate\\Http\\Request))
#46 C:\\shuriza\\rekap\\rekap\\vendor\\laravel\\framework\\src\\Illuminate\\Pipeline\\Pipeline.php(208): Illuminate\\Http\\Middleware\\HandleCors->handle(Object(Illuminate\\Http\\Request), Object(Closure))
#47 C:\\shuriza\\rekap\\rekap\\vendor\\laravel\\framework\\src\\Illuminate\\Http\\Middleware\\TrustProxies.php(58): Illuminate\\Pipeline\\Pipeline->Illuminate\\Pipeline\\{closure}(Object(Illuminate\\Http\\Request))
#48 C:\\shuriza\\rekap\\rekap\\vendor\\laravel\\framework\\src\\Illuminate\\Pipeline\\Pipeline.php(208): Illuminate\\Http\\Middleware\\TrustProxies->handle(Object(Illuminate\\Http\\Request), Object(Closure))
#49 C:\\shuriza\\rekap\\rekap\\vendor\\laravel\\framework\\src\\Illuminate\\Foundation\\Http\\Middleware\\InvokeDeferredCallbacks.php(22): Illuminate\\Pipeline\\Pipeline->Illuminate\\Pipeline\\{closure}(Object(Illuminate\\Http\\Request))
#50 C:\\shuriza\\rekap\\rekap\\vendor\\laravel\\framework\\src\\Illuminate\\Pipeline\\Pipeline.php(208): Illuminate\\Foundation\\Http\\Middleware\\InvokeDeferredCallbacks->handle(Object(Illuminate\\Http\\Request), Object(Closure))
#51 C:\\shuriza\\rekap\\rekap\\vendor\\laravel\\framework\\src\\Illuminate\\Http\\Middleware\\ValidatePathEncoding.php(26): Illuminate\\Pipeline\\Pipeline->Illuminate\\Pipeline\\{closure}(Object(Illuminate\\Http\\Request))
#52 C:\\shuriza\\rekap\\rekap\\vendor\\laravel\\framework\\src\\Illuminate\\Pipeline\\Pipeline.php(208): Illuminate\\Http\\Middleware\\ValidatePathEncoding->handle(Object(Illuminate\\Http\\Request), Object(Closure))
#53 C:\\shuriza\\rekap\\rekap\\vendor\\laravel\\framework\\src\\Illuminate\\Pipeline\\Pipeline.php(126): Illuminate\\Pipeline\\Pipeline->Illuminate\\Pipeline\\{closure}(Object(Illuminate\\Http\\Request))
#54 C:\\shuriza\\rekap\\rekap\\vendor\\laravel\\framework\\src\\Illuminate\\Foundation\\Http\\Kernel.php(175): Illuminate\\Pipeline\\Pipeline->then(Object(Closure))
#55 C:\\shuriza\\rekap\\rekap\\vendor\\laravel\\framework\\src\\Illuminate\\Foundation\\Http\\Kernel.php(144): Illuminate\\Foundation\\Http\\Kernel->sendRequestThroughRouter(Object(Illuminate\\Http\\Request))
#56 C:\\shuriza\\rekap\\rekap\\vendor\\laravel\\framework\\src\\Illuminate\\Foundation\\Application.php(1219): Illuminate\\Foundation\\Http\\Kernel->handle(Object(Illuminate\\Http\\Request))
#57 C:\\shuriza\\rekap\\rekap\\public\\index.php(20): Illuminate\\Foundation\\Application->handleRequest(Object(Illuminate\\Http\\Request))
#58 C:\\shuriza\\rekap\\rekap\\vendor\\laravel\\framework\\src\\Illuminate\\Foundation\\resources\\server.php(23): require_once('C:\\\\shuriza\\\\reka...')
#59 {main}

[previous exception] [object] (PDOException(code: 42S02): SQLSTATE[42S02]: Base table or view not found: 1146 Table 'rekap.izin_presensis' doesn't exist at C:\\shuriza\\rekap\\rekap\\vendor\\laravel\\framework\\src\\Illuminate\\Database\\Connection.php:404)
[stacktrace]
#0 C:\\shuriza\\rekap\\rekap\\vendor\\laravel\\framework\\src\\Illuminate\\Database\\Connection.php(404): PDO->prepare('select count(*)...')
#1 C:\\shuriza\\rekap\\rekap\\vendor\\laravel\\framework\\src\\Illuminate\\Database\\Connection.php(809): Illuminate\\Database\\Connection->Illuminate\\Database\\{closure}('select count(*)...', Array)
#2 C:\\shuriza\\rekap\\rekap\\vendor\\laravel\\framework\\src\\Illuminate\\Database\\Connection.php(776): Illuminate\\Database\\Connection->runQueryCallback('select count(*)...', Array, Object(Closure))
#3 C:\\shuriza\\rekap\\rekap\\vendor\\laravel\\framework\\src\\Illuminate\\Database\\Connection.php(395): Illuminate\\Database\\Connection->run('select count(*)...', Array, Object(Closure))
#4 C:\\shuriza\\rekap\\rekap\\vendor\\laravel\\framework\\src\\Illuminate\\Database\\Query\\Builder.php(3107): Illuminate\\Database\\Connection->select('select count(*)...', Array, true)
#5 C:\\shuriza\\rekap\\rekap\\vendor\\laravel\\framework\\src\\Illuminate\\Database\\Query\\Builder.php(3092): Illuminate\\Database\\Query\\Builder->runSelect()
#6 C:\\shuriza\\rekap\\rekap\\vendor\\laravel\\framework\\src\\Illuminate\\Database\\Query\\Builder.php(3679): Illuminate\\Database\\Query\\Builder->Illuminate\\Database\\Query\\{closure}()
#7 C:\\shuriza\\rekap\\rekap\\vendor\\laravel\\framework\\src\\Illuminate\\Database\\Query\\Builder.php(3091): Illuminate\\Database\\Query\\Builder->onceWithColumns(Array, Object(Closure))
#8 C:\\shuriza\\rekap\\rekap\\vendor\\laravel\\framework\\src\\Illuminate\\Database\\Query\\Builder.php(3286): Illuminate\\Database\\Query\\Builder->get()
#9 C:\\shuriza\\rekap\\rekap\\vendor\\laravel\\framework\\src\\Illuminate\\Database\\Query\\Builder.php(3245): Illuminate\\Database\\Query\\Builder->runPaginationCountQuery(Array)
#10 C:\\shuriza\\rekap\\rekap\\vendor\\laravel\\framework\\src\\Illuminate\\Database\\Eloquent\\Builder.php(1089): Illuminate\\Database\\Query\\Builder->getCountForPagination()
#11 C:\\shuriza\\rekap\\rekap\\app\\Http\\Controllers\\IzinPresensiController.php(20): Illuminate\\Database\\Eloquent\\Builder->paginate(10)
#12 C:\\shuriza\\rekap\\rekap\\vendor\\laravel\\framework\\src\\Illuminate\\Routing\\ControllerDispatcher.php(46): App\\Http\\Controllers\\IzinPresensiController->index()
#13 C:\\shuriza\\rekap\\rekap\\vendor\\laravel\\framework\\src\\Illuminate\\Routing\\Route.php(265): Illuminate\\Routing\\ControllerDispatcher->dispatch(Object(Illuminate\\Routing\\Route), Object(App\\Http\\Controllers\\IzinPresensiController), 'index')
#14 C:\\shuriza\\rekap\\rekap\\vendor\\laravel\\framework\\src\\Illuminate\\Routing\\Route.php(211): Illuminate\\Routing\\Route->runController()
#15 C:\\shuriza\\rekap\\rekap\\vendor\\laravel\\framework\\src\\Illuminate\\Routing\\Router.php(808): Illuminate\\Routing\\Route->run()
#16 C:\\shuriza\\rekap\\rekap\\vendor\\laravel\\framework\\src\\Illuminate\\Pipeline\\Pipeline.php(169): Illuminate\\Routing\\Router->Illuminate\\Routing\\{closure}(Object(Illuminate\\Http\\Request))
#17 C:\\shuriza\\rekap\\rekap\\vendor\\laravel\\framework\\src\\Illuminate\\Routing\\Middleware\\SubstituteBindings.php(50): Illuminate\\Pipeline\\Pipeline->Illuminate\\Pipeline\\{closure}(Object(Illuminate\\Http\\Request))
#18 C:\\shuriza\\rekap\\rekap\\vendor\\laravel\\framework\\src\\Illuminate\\Pipeline\\Pipeline.php(208): Illuminate\\Routing\\Middleware\\SubstituteBindings->handle(Object(Illuminate\\Http\\Request), Object(Closure))
#19 C:\\shuriza\\rekap\\rekap\\vendor\\laravel\\framework\\src\\Illuminate\\Foundation\\Http\\Middleware\\VerifyCsrfToken.php(87): Illuminate\\Pipeline\\Pipeline->Illuminate\\Pipeline\\{closure}(Object(Illuminate\\Http\\Request))
#20 C:\\shuriza\\rekap\\rekap\\vendor\\laravel\\framework\\src\\Illuminate\\Pipeline\\Pipeline.php(208): Illuminate\\Foundation\\Http\\Middleware\\VerifyCsrfToken->handle(Object(Illuminate\\Http\\Request), Object(Closure))
#21 C:\\shuriza\\rekap\\rekap\\vendor\\laravel\\framework\\src\\Illuminate\\View\\Middleware\\ShareErrorsFromSession.php(48): Illuminate\\Pipeline\\Pipeline->Illuminate\\Pipeline\\{closure}(Object(Illuminate\\Http\\Request))
#22 C:\\shuriza\\rekap\\rekap\\vendor\\laravel\\framework\\src\\Illuminate\\Pipeline\\Pipeline.php(208): Illuminate\\View\\Middleware\\ShareErrorsFromSession->handle(Object(Illuminate\\Http\\Request), Object(Closure))
#23 C:\\shuriza\\rekap\\rekap\\vendor\\laravel\\framework\\src\\Illuminate\\Session\\Middleware\\StartSession.php(120): Illuminate\\Pipeline\\Pipeline->Illuminate\\Pipeline\\{closure}(Object(Illuminate\\Http\\Request))
#24 C:\\shuriza\\rekap\\rekap\\vendor\\laravel\\framework\\src\\Illuminate\\Session\\Middleware\\StartSession.php(63): Illuminate\\Session\\Middleware\\StartSession->handleStatefulRequest(Object(Illuminate\\Http\\Request), Object(Illuminate\\Session\\Store), Object(Closure))
#25 C:\\shuriza\\rekap\\rekap\\vendor\\laravel\\framework\\src\\Illuminate\\Pipeline\\Pipeline.php(208): Illuminate\\Session\\Middleware\\StartSession->handle(Object(Illuminate\\Http\\Request), Object(Closure))
#26 C:\\shuriza\\rekap\\rekap\\vendor\\laravel\\framework\\src\\Illuminate\\Cookie\\Middleware\\AddQueuedCookiesToResponse.php(36): Illuminate\\Pipeline\\Pipeline->Illuminate\\Pipeline\\{closure}(Object(Illuminate\\Http\\Request))
#27 C:\\shuriza\\rekap\\rekap\\vendor\\laravel\\framework\\src\\Illuminate\\Pipeline\\Pipeline.php(208): Illuminate\\Cookie\\Middleware\\AddQueuedCookiesToResponse->handle(Object(Illuminate\\Http\\Request), Object(Closure))
#28 C:\\shuriza\\rekap\\rekap\\vendor\\laravel\\framework\\src\\Illuminate\\Cookie\\Middleware\\EncryptCookies.php(74): Illuminate\\Pipeline\\Pipeline->Illuminate\\Pipeline\\{closure}(Object(Illuminate\\Http\\Request))
#29 C:\\shuriza\\rekap\\rekap\\vendor\\laravel\\framework\\src\\Illuminate\\Pipeline\\Pipeline.php(208): Illuminate\\Cookie\\Middleware\\EncryptCookies->handle(Object(Illuminate\\Http\\Request), Object(Closure))
#30 C:\\shuriza\\rekap\\rekap\\vendor\\laravel\\framework\\src\\Illuminate\\Pipeline\\Pipeline.php(126): Illuminate\\Pipeline\\Pipeline->Illuminate\\Pipeline\\{closure}(Object(Illuminate\\Http\\Request))
#31 C:\\shuriza\\rekap\\rekap\\vendor\\laravel\\framework\\src\\Illuminate\\Routing\\Router.php(807): Illuminate\\Pipeline\\Pipeline->then(Object(Closure))
#32 C:\\shuriza\\rekap\\rekap\\vendor\\laravel\\framework\\src\\Illuminate\\Routing\\Router.php(786): Illuminate\\Routing\\Router->runRouteWithinStack(Object(Illuminate\\Routing\\Route), Object(Illuminate\\Http\\Request))
#33 C:\\shuriza\\rekap\\rekap\\vendor\\laravel\\framework\\src\\Illuminate\\Routing\\Router.php(750): Illuminate\\Routing\\Router->runRoute(Object(Illuminate\\Http\\Request), Object(Illuminate\\Routing\\Route))
#34 C:\\shuriza\\rekap\\rekap\\vendor\\laravel\\framework\\src\\Illuminate\\Routing\\Router.php(739): Illuminate\\Routing\\Router->dispatchToRoute(Object(Illuminate\\Http\\Request))
#35 C:\\shuriza\\rekap\\rekap\\vendor\\laravel\\framework\\src\\Illuminate\\Foundation\\Http\\Kernel.php(200): Illuminate\\Routing\\Router->dispatch(Object(Illuminate\\Http\\Request))
#36 C:\\shuriza\\rekap\\rekap\\vendor\\laravel\\framework\\src\\Illuminate\\Pipeline\\Pipeline.php(169): Illuminate\\Foundation\\Http\\Kernel->Illuminate\\Foundation\\Http\\{closure}(Object(Illuminate\\Http\\Request))
#37 C:\\shuriza\\rekap\\rekap\\vendor\\laravel\\framework\\src\\Illuminate\\Foundation\\Http\\Middleware\\TransformsRequest.php(21): Illuminate\\Pipeline\\Pipeline->Illuminate\\Pipeline\\{closure}(Object(Illuminate\\Http\\Request))
#38 C:\\shuriza\\rekap\\rekap\\vendor\\laravel\\framework\\src\\Illuminate\\Foundation\\Http\\Middleware\\ConvertEmptyStringsToNull.php(31): Illuminate\\Foundation\\Http\\Middleware\\TransformsRequest->handle(Object(Illuminate\\Http\\Request), Object(Closure))
#39 C:\\shuriza\\rekap\\rekap\\vendor\\laravel\\framework\\src\\Illuminate\\Pipeline\\Pipeline.php(208): Illuminate\\Foundation\\Http\\Middleware\\ConvertEmptyStringsToNull->handle(Object(Illuminate\\Http\\Request), Object(Closure))
#40 C:\\shuriza\\rekap\\rekap\\vendor\\laravel\\framework\\src\\Illuminate\\Foundation\\Http\\Middleware\\TransformsRequest.php(21): Illuminate\\Pipeline\\Pipeline->Illuminate\\Pipeline\\{closure}(Object(Illuminate\\Http\\Request))
#41 C:\\shuriza\\rekap\\rekap\\vendor\\laravel\\framework\\src\\Illuminate\\Foundation\\Http\\Middleware\\TrimStrings.php(51): Illuminate\\Foundation\\Http\\Middleware\\TransformsRequest->handle(Object(Illuminate\\Http\\Request), Object(Closure))
#42 C:\\shuriza\\rekap\\rekap\\vendor\\laravel\\framework\\src\\Illuminate\\Pipeline\\Pipeline.php(208): Illuminate\\Foundation\\Http\\Middleware\\TrimStrings->handle(Object(Illuminate\\Http\\Request), Object(Closure))
#43 C:\\shuriza\\rekap\\rekap\\vendor\\laravel\\framework\\src\\Illuminate\\Http\\Middleware\\ValidatePostSize.php(27): Illuminate\\Pipeline\\Pipeline->Illuminate\\Pipeline\\{closure}(Object(Illuminate\\Http\\Request))
#44 C:\\shuriza\\rekap\\rekap\\vendor\\laravel\\framework\\src\\Illuminate\\Pipeline\\Pipeline.php(208): Illuminate\\Http\\Middleware\\ValidatePostSize->handle(Object(Illuminate\\Http\\Request), Object(Closure))
#45 C:\\shuriza\\rekap\\rekap\\vendor\\laravel\\framework\\src\\Illuminate\\Foundation\\Http\\Middleware\\PreventRequestsDuringMaintenance.php(109): Illuminate\\Pipeline\\Pipeline->Illuminate\\Pipeline\\{closure}(Object(Illuminate\\Http\\Request))
#46 C:\\shuriza\\rekap\\rekap\\vendor\\laravel\\framework\\src\\Illuminate\\Pipeline\\Pipeline.php(208): Illuminate\\Foundation\\Http\\Middleware\\PreventRequestsDuringMaintenance->handle(Object(Illuminate\\Http\\Request), Object(Closure))
#47 C:\\shuriza\\rekap\\rekap\\vendor\\laravel\\framework\\src\\Illuminate\\Http\\Middleware\\HandleCors.php(48): Illuminate\\Pipeline\\Pipeline->Illuminate\\Pipeline\\{closure}(Object(Illuminate\\Http\\Request))
#48 C:\\shuriza\\rekap\\rekap\\vendor\\laravel\\framework\\src\\Illuminate\\Pipeline\\Pipeline.php(208): Illuminate\\Http\\Middleware\\HandleCors->handle(Object(Illuminate\\Http\\Request), Object(Closure))
#49 C:\\shuriza\\rekap\\rekap\\vendor\\laravel\\framework\\src\\Illuminate\\Http\\Middleware\\TrustProxies.php(58): Illuminate\\Pipeline\\Pipeline->Illuminate\\Pipeline\\{closure}(Object(Illuminate\\Http\\Request))
#50 C:\\shuriza\\rekap\\rekap\\vendor\\laravel\\framework\\src\\Illuminate\\Pipeline\\Pipeline.php(208): Illuminate\\Http\\Middleware\\TrustProxies->handle(Object(Illuminate\\Http\\Request), Object(Closure))
#51 C:\\shuriza\\rekap\\rekap\\vendor\\laravel\\framework\\src\\Illuminate\\Foundation\\Http\\Middleware\\InvokeDeferredCallbacks.php(22): Illuminate\\Pipeline\\Pipeline->Illuminate\\Pipeline\\{closure}(Object(Illuminate\\Http\\Request))
#52 C:\\shuriza\\rekap\\rekap\\vendor\\laravel\\framework\\src\\Illuminate\\Pipeline\\Pipeline.php(208): Illuminate\\Foundation\\Http\\Middleware\\InvokeDeferredCallbacks->handle(Object(Illuminate\\Http\\Request), Object(Closure))
#53 C:\\shuriza\\rekap\\rekap\\vendor\\laravel\\framework\\src\\Illuminate\\Http\\Middleware\\ValidatePathEncoding.php(26): Illuminate\\Pipeline\\Pipeline->Illuminate\\Pipeline\\{closure}(Object(Illuminate\\Http\\Request))
#54 C:\\shuriza\\rekap\\rekap\\vendor\\laravel\\framework\\src\\Illuminate\\Pipeline\\Pipeline.php(208): Illuminate\\Http\\Middleware\\ValidatePathEncoding->handle(Object(Illuminate\\Http\\Request), Object(Closure))
#55 C:\\shuriza\\rekap\\rekap\\vendor\\laravel\\framework\\src\\Illuminate\\Pipeline\\Pipeline.php(126): Illuminate\\Pipeline\\Pipeline->Illuminate\\Pipeline\\{closure}(Object(Illuminate\\Http\\Request))
#56 C:\\shuriza\\rekap\\rekap\\vendor\\laravel\\framework\\src\\Illuminate\\Foundation\\Http\\Kernel.php(175): Illuminate\\Pipeline\\Pipeline->then(Object(Closure))
#57 C:\\shuriza\\rekap\\rekap\\vendor\\laravel\\framework\\src\\Illuminate\\Foundation\\Http\\Kernel.php(144): Illuminate\\Foundation\\Http\\Kernel->sendRequestThroughRouter(Object(Illuminate\\Http\\Request))
#58 C:\\shuriza\\rekap\\rekap\\vendor\\laravel\\framework\\src\\Illuminate\\Foundation\\Application.php(1219): Illuminate\\Foundation\\Http\\Kernel->handle(Object(Illuminate\\Http\\Request))
#59 C:\\shuriza\\rekap\\rekap\\public\\index.php(20): Illuminate\\Foundation\\Application->handleRequest(Object(Illuminate\\Http\\Request))
#60 C:\\shuriza\\rekap\\rekap\\vendor\\laravel\\framework\\src\\Illuminate\\Foundation\\resources\\server.php(23): require_once('C:\\\\shuriza\\\\reka...')
#61 {main}
"} 
[2025-07-04 06:50:08] local.ERROR: SQLSTATE[42S02]: Base table or view not found: 1146 Table 'rekap.izin_presensis' doesn't exist (Connection: mysql, SQL: select count(*) as aggregate from `izin_presensis`) {"exception":"[object] (Illuminate\\Database\\QueryException(code: 42S02): SQLSTATE[42S02]: Base table or view not found: 1146 Table 'rekap.izin_presensis' doesn't exist (Connection: mysql, SQL: select count(*) as aggregate from `izin_presensis`) at C:\\shuriza\\rekap\\rekap\\vendor\\laravel\\framework\\src\\Illuminate\\Database\\Connection.php:822)
[stacktrace]
#0 C:\\shuriza\\rekap\\rekap\\vendor\\laravel\\framework\\src\\Illuminate\\Database\\Connection.php(776): Illuminate\\Database\\Connection->runQueryCallback('select count(*)...', Array, Object(Closure))
#1 C:\\shuriza\\rekap\\rekap\\vendor\\laravel\\framework\\src\\Illuminate\\Database\\Connection.php(395): Illuminate\\Database\\Connection->run('select count(*)...', Array, Object(Closure))
#2 C:\\shuriza\\rekap\\rekap\\vendor\\laravel\\framework\\src\\Illuminate\\Database\\Query\\Builder.php(3107): Illuminate\\Database\\Connection->select('select count(*)...', Array, true)
#3 C:\\shuriza\\rekap\\rekap\\vendor\\laravel\\framework\\src\\Illuminate\\Database\\Query\\Builder.php(3092): Illuminate\\Database\\Query\\Builder->runSelect()
#4 C:\\shuriza\\rekap\\rekap\\vendor\\laravel\\framework\\src\\Illuminate\\Database\\Query\\Builder.php(3679): Illuminate\\Database\\Query\\Builder->Illuminate\\Database\\Query\\{closure}()
#5 C:\\shuriza\\rekap\\rekap\\vendor\\laravel\\framework\\src\\Illuminate\\Database\\Query\\Builder.php(3091): Illuminate\\Database\\Query\\Builder->onceWithColumns(Array, Object(Closure))
#6 C:\\shuriza\\rekap\\rekap\\vendor\\laravel\\framework\\src\\Illuminate\\Database\\Query\\Builder.php(3286): Illuminate\\Database\\Query\\Builder->get()
#7 C:\\shuriza\\rekap\\rekap\\vendor\\laravel\\framework\\src\\Illuminate\\Database\\Query\\Builder.php(3245): Illuminate\\Database\\Query\\Builder->runPaginationCountQuery(Array)
#8 C:\\shuriza\\rekap\\rekap\\vendor\\laravel\\framework\\src\\Illuminate\\Database\\Eloquent\\Builder.php(1089): Illuminate\\Database\\Query\\Builder->getCountForPagination()
#9 C:\\shuriza\\rekap\\rekap\\app\\Http\\Controllers\\IzinPresensiController.php(20): Illuminate\\Database\\Eloquent\\Builder->paginate(10)
#10 C:\\shuriza\\rekap\\rekap\\vendor\\laravel\\framework\\src\\Illuminate\\Routing\\ControllerDispatcher.php(46): App\\Http\\Controllers\\IzinPresensiController->index()
#11 C:\\shuriza\\rekap\\rekap\\vendor\\laravel\\framework\\src\\Illuminate\\Routing\\Route.php(265): Illuminate\\Routing\\ControllerDispatcher->dispatch(Object(Illuminate\\Routing\\Route), Object(App\\Http\\Controllers\\IzinPresensiController), 'index')
#12 C:\\shuriza\\rekap\\rekap\\vendor\\laravel\\framework\\src\\Illuminate\\Routing\\Route.php(211): Illuminate\\Routing\\Route->runController()
#13 C:\\shuriza\\rekap\\rekap\\vendor\\laravel\\framework\\src\\Illuminate\\Routing\\Router.php(808): Illuminate\\Routing\\Route->run()
#14 C:\\shuriza\\rekap\\rekap\\vendor\\laravel\\framework\\src\\Illuminate\\Pipeline\\Pipeline.php(169): Illuminate\\Routing\\Router->Illuminate\\Routing\\{closure}(Object(Illuminate\\Http\\Request))
#15 C:\\shuriza\\rekap\\rekap\\vendor\\laravel\\framework\\src\\Illuminate\\Routing\\Middleware\\SubstituteBindings.php(50): Illuminate\\Pipeline\\Pipeline->Illuminate\\Pipeline\\{closure}(Object(Illuminate\\Http\\Request))
#16 C:\\shuriza\\rekap\\rekap\\vendor\\laravel\\framework\\src\\Illuminate\\Pipeline\\Pipeline.php(208): Illuminate\\Routing\\Middleware\\SubstituteBindings->handle(Object(Illuminate\\Http\\Request), Object(Closure))
#17 C:\\shuriza\\rekap\\rekap\\vendor\\laravel\\framework\\src\\Illuminate\\Foundation\\Http\\Middleware\\VerifyCsrfToken.php(87): Illuminate\\Pipeline\\Pipeline->Illuminate\\Pipeline\\{closure}(Object(Illuminate\\Http\\Request))
#18 C:\\shuriza\\rekap\\rekap\\vendor\\laravel\\framework\\src\\Illuminate\\Pipeline\\Pipeline.php(208): Illuminate\\Foundation\\Http\\Middleware\\VerifyCsrfToken->handle(Object(Illuminate\\Http\\Request), Object(Closure))
#19 C:\\shuriza\\rekap\\rekap\\vendor\\laravel\\framework\\src\\Illuminate\\View\\Middleware\\ShareErrorsFromSession.php(48): Illuminate\\Pipeline\\Pipeline->Illuminate\\Pipeline\\{closure}(Object(Illuminate\\Http\\Request))
#20 C:\\shuriza\\rekap\\rekap\\vendor\\laravel\\framework\\src\\Illuminate\\Pipeline\\Pipeline.php(208): Illuminate\\View\\Middleware\\ShareErrorsFromSession->handle(Object(Illuminate\\Http\\Request), Object(Closure))
#21 C:\\shuriza\\rekap\\rekap\\vendor\\laravel\\framework\\src\\Illuminate\\Session\\Middleware\\StartSession.php(120): Illuminate\\Pipeline\\Pipeline->Illuminate\\Pipeline\\{closure}(Object(Illuminate\\Http\\Request))
#22 C:\\shuriza\\rekap\\rekap\\vendor\\laravel\\framework\\src\\Illuminate\\Session\\Middleware\\StartSession.php(63): Illuminate\\Session\\Middleware\\StartSession->handleStatefulRequest(Object(Illuminate\\Http\\Request), Object(Illuminate\\Session\\Store), Object(Closure))
#23 C:\\shuriza\\rekap\\rekap\\vendor\\laravel\\framework\\src\\Illuminate\\Pipeline\\Pipeline.php(208): Illuminate\\Session\\Middleware\\StartSession->handle(Object(Illuminate\\Http\\Request), Object(Closure))
#24 C:\\shuriza\\rekap\\rekap\\vendor\\laravel\\framework\\src\\Illuminate\\Cookie\\Middleware\\AddQueuedCookiesToResponse.php(36): Illuminate\\Pipeline\\Pipeline->Illuminate\\Pipeline\\{closure}(Object(Illuminate\\Http\\Request))
#25 C:\\shuriza\\rekap\\rekap\\vendor\\laravel\\framework\\src\\Illuminate\\Pipeline\\Pipeline.php(208): Illuminate\\Cookie\\Middleware\\AddQueuedCookiesToResponse->handle(Object(Illuminate\\Http\\Request), Object(Closure))
#26 C:\\shuriza\\rekap\\rekap\\vendor\\laravel\\framework\\src\\Illuminate\\Cookie\\Middleware\\EncryptCookies.php(74): Illuminate\\Pipeline\\Pipeline->Illuminate\\Pipeline\\{closure}(Object(Illuminate\\Http\\Request))
#27 C:\\shuriza\\rekap\\rekap\\vendor\\laravel\\framework\\src\\Illuminate\\Pipeline\\Pipeline.php(208): Illuminate\\Cookie\\Middleware\\EncryptCookies->handle(Object(Illuminate\\Http\\Request), Object(Closure))
#28 C:\\shuriza\\rekap\\rekap\\vendor\\laravel\\framework\\src\\Illuminate\\Pipeline\\Pipeline.php(126): Illuminate\\Pipeline\\Pipeline->Illuminate\\Pipeline\\{closure}(Object(Illuminate\\Http\\Request))
#29 C:\\shuriza\\rekap\\rekap\\vendor\\laravel\\framework\\src\\Illuminate\\Routing\\Router.php(807): Illuminate\\Pipeline\\Pipeline->then(Object(Closure))
#30 C:\\shuriza\\rekap\\rekap\\vendor\\laravel\\framework\\src\\Illuminate\\Routing\\Router.php(786): Illuminate\\Routing\\Router->runRouteWithinStack(Object(Illuminate\\Routing\\Route), Object(Illuminate\\Http\\Request))
#31 C:\\shuriza\\rekap\\rekap\\vendor\\laravel\\framework\\src\\Illuminate\\Routing\\Router.php(750): Illuminate\\Routing\\Router->runRoute(Object(Illuminate\\Http\\Request), Object(Illuminate\\Routing\\Route))
#32 C:\\shuriza\\rekap\\rekap\\vendor\\laravel\\framework\\src\\Illuminate\\Routing\\Router.php(739): Illuminate\\Routing\\Router->dispatchToRoute(Object(Illuminate\\Http\\Request))
#33 C:\\shuriza\\rekap\\rekap\\vendor\\laravel\\framework\\src\\Illuminate\\Foundation\\Http\\Kernel.php(200): Illuminate\\Routing\\Router->dispatch(Object(Illuminate\\Http\\Request))
#34 C:\\shuriza\\rekap\\rekap\\vendor\\laravel\\framework\\src\\Illuminate\\Pipeline\\Pipeline.php(169): Illuminate\\Foundation\\Http\\Kernel->Illuminate\\Foundation\\Http\\{closure}(Object(Illuminate\\Http\\Request))
#35 C:\\shuriza\\rekap\\rekap\\vendor\\laravel\\framework\\src\\Illuminate\\Foundation\\Http\\Middleware\\TransformsRequest.php(21): Illuminate\\Pipeline\\Pipeline->Illuminate\\Pipeline\\{closure}(Object(Illuminate\\Http\\Request))
#36 C:\\shuriza\\rekap\\rekap\\vendor\\laravel\\framework\\src\\Illuminate\\Foundation\\Http\\Middleware\\ConvertEmptyStringsToNull.php(31): Illuminate\\Foundation\\Http\\Middleware\\TransformsRequest->handle(Object(Illuminate\\Http\\Request), Object(Closure))
#37 C:\\shuriza\\rekap\\rekap\\vendor\\laravel\\framework\\src\\Illuminate\\Pipeline\\Pipeline.php(208): Illuminate\\Foundation\\Http\\Middleware\\ConvertEmptyStringsToNull->handle(Object(Illuminate\\Http\\Request), Object(Closure))
#38 C:\\shuriza\\rekap\\rekap\\vendor\\laravel\\framework\\src\\Illuminate\\Foundation\\Http\\Middleware\\TransformsRequest.php(21): Illuminate\\Pipeline\\Pipeline->Illuminate\\Pipeline\\{closure}(Object(Illuminate\\Http\\Request))
#39 C:\\shuriza\\rekap\\rekap\\vendor\\laravel\\framework\\src\\Illuminate\\Foundation\\Http\\Middleware\\TrimStrings.php(51): Illuminate\\Foundation\\Http\\Middleware\\TransformsRequest->handle(Object(Illuminate\\Http\\Request), Object(Closure))
#40 C:\\shuriza\\rekap\\rekap\\vendor\\laravel\\framework\\src\\Illuminate\\Pipeline\\Pipeline.php(208): Illuminate\\Foundation\\Http\\Middleware\\TrimStrings->handle(Object(Illuminate\\Http\\Request), Object(Closure))
#41 C:\\shuriza\\rekap\\rekap\\vendor\\laravel\\framework\\src\\Illuminate\\Http\\Middleware\\ValidatePostSize.php(27): Illuminate\\Pipeline\\Pipeline->Illuminate\\Pipeline\\{closure}(Object(Illuminate\\Http\\Request))
#42 C:\\shuriza\\rekap\\rekap\\vendor\\laravel\\framework\\src\\Illuminate\\Pipeline\\Pipeline.php(208): Illuminate\\Http\\Middleware\\ValidatePostSize->handle(Object(Illuminate\\Http\\Request), Object(Closure))
#43 C:\\shuriza\\rekap\\rekap\\vendor\\laravel\\framework\\src\\Illuminate\\Foundation\\Http\\Middleware\\PreventRequestsDuringMaintenance.php(109): Illuminate\\Pipeline\\Pipeline->Illuminate\\Pipeline\\{closure}(Object(Illuminate\\Http\\Request))
#44 C:\\shuriza\\rekap\\rekap\\vendor\\laravel\\framework\\src\\Illuminate\\Pipeline\\Pipeline.php(208): Illuminate\\Foundation\\Http\\Middleware\\PreventRequestsDuringMaintenance->handle(Object(Illuminate\\Http\\Request), Object(Closure))
#45 C:\\shuriza\\rekap\\rekap\\vendor\\laravel\\framework\\src\\Illuminate\\Http\\Middleware\\HandleCors.php(48): Illuminate\\Pipeline\\Pipeline->Illuminate\\Pipeline\\{closure}(Object(Illuminate\\Http\\Request))
#46 C:\\shuriza\\rekap\\rekap\\vendor\\laravel\\framework\\src\\Illuminate\\Pipeline\\Pipeline.php(208): Illuminate\\Http\\Middleware\\HandleCors->handle(Object(Illuminate\\Http\\Request), Object(Closure))
#47 C:\\shuriza\\rekap\\rekap\\vendor\\laravel\\framework\\src\\Illuminate\\Http\\Middleware\\TrustProxies.php(58): Illuminate\\Pipeline\\Pipeline->Illuminate\\Pipeline\\{closure}(Object(Illuminate\\Http\\Request))
#48 C:\\shuriza\\rekap\\rekap\\vendor\\laravel\\framework\\src\\Illuminate\\Pipeline\\Pipeline.php(208): Illuminate\\Http\\Middleware\\TrustProxies->handle(Object(Illuminate\\Http\\Request), Object(Closure))
#49 C:\\shuriza\\rekap\\rekap\\vendor\\laravel\\framework\\src\\Illuminate\\Foundation\\Http\\Middleware\\InvokeDeferredCallbacks.php(22): Illuminate\\Pipeline\\Pipeline->Illuminate\\Pipeline\\{closure}(Object(Illuminate\\Http\\Request))
#50 C:\\shuriza\\rekap\\rekap\\vendor\\laravel\\framework\\src\\Illuminate\\Pipeline\\Pipeline.php(208): Illuminate\\Foundation\\Http\\Middleware\\InvokeDeferredCallbacks->handle(Object(Illuminate\\Http\\Request), Object(Closure))
#51 C:\\shuriza\\rekap\\rekap\\vendor\\laravel\\framework\\src\\Illuminate\\Http\\Middleware\\ValidatePathEncoding.php(26): Illuminate\\Pipeline\\Pipeline->Illuminate\\Pipeline\\{closure}(Object(Illuminate\\Http\\Request))
#52 C:\\shuriza\\rekap\\rekap\\vendor\\laravel\\framework\\src\\Illuminate\\Pipeline\\Pipeline.php(208): Illuminate\\Http\\Middleware\\ValidatePathEncoding->handle(Object(Illuminate\\Http\\Request), Object(Closure))
#53 C:\\shuriza\\rekap\\rekap\\vendor\\laravel\\framework\\src\\Illuminate\\Pipeline\\Pipeline.php(126): Illuminate\\Pipeline\\Pipeline->Illuminate\\Pipeline\\{closure}(Object(Illuminate\\Http\\Request))
#54 C:\\shuriza\\rekap\\rekap\\vendor\\laravel\\framework\\src\\Illuminate\\Foundation\\Http\\Kernel.php(175): Illuminate\\Pipeline\\Pipeline->then(Object(Closure))
#55 C:\\shuriza\\rekap\\rekap\\vendor\\laravel\\framework\\src\\Illuminate\\Foundation\\Http\\Kernel.php(144): Illuminate\\Foundation\\Http\\Kernel->sendRequestThroughRouter(Object(Illuminate\\Http\\Request))
#56 C:\\shuriza\\rekap\\rekap\\vendor\\laravel\\framework\\src\\Illuminate\\Foundation\\Application.php(1219): Illuminate\\Foundation\\Http\\Kernel->handle(Object(Illuminate\\Http\\Request))
#57 C:\\shuriza\\rekap\\rekap\\public\\index.php(20): Illuminate\\Foundation\\Application->handleRequest(Object(Illuminate\\Http\\Request))
#58 C:\\shuriza\\rekap\\rekap\\vendor\\laravel\\framework\\src\\Illuminate\\Foundation\\resources\\server.php(23): require_once('C:\\\\shuriza\\\\reka...')
#59 {main}

[previous exception] [object] (PDOException(code: 42S02): SQLSTATE[42S02]: Base table or view not found: 1146 Table 'rekap.izin_presensis' doesn't exist at C:\\shuriza\\rekap\\rekap\\vendor\\laravel\\framework\\src\\Illuminate\\Database\\Connection.php:404)
[stacktrace]
#0 C:\\shuriza\\rekap\\rekap\\vendor\\laravel\\framework\\src\\Illuminate\\Database\\Connection.php(404): PDO->prepare('select count(*)...')
#1 C:\\shuriza\\rekap\\rekap\\vendor\\laravel\\framework\\src\\Illuminate\\Database\\Connection.php(809): Illuminate\\Database\\Connection->Illuminate\\Database\\{closure}('select count(*)...', Array)
#2 C:\\shuriza\\rekap\\rekap\\vendor\\laravel\\framework\\src\\Illuminate\\Database\\Connection.php(776): Illuminate\\Database\\Connection->runQueryCallback('select count(*)...', Array, Object(Closure))
#3 C:\\shuriza\\rekap\\rekap\\vendor\\laravel\\framework\\src\\Illuminate\\Database\\Connection.php(395): Illuminate\\Database\\Connection->run('select count(*)...', Array, Object(Closure))
#4 C:\\shuriza\\rekap\\rekap\\vendor\\laravel\\framework\\src\\Illuminate\\Database\\Query\\Builder.php(3107): Illuminate\\Database\\Connection->select('select count(*)...', Array, true)
#5 C:\\shuriza\\rekap\\rekap\\vendor\\laravel\\framework\\src\\Illuminate\\Database\\Query\\Builder.php(3092): Illuminate\\Database\\Query\\Builder->runSelect()
#6 C:\\shuriza\\rekap\\rekap\\vendor\\laravel\\framework\\src\\Illuminate\\Database\\Query\\Builder.php(3679): Illuminate\\Database\\Query\\Builder->Illuminate\\Database\\Query\\{closure}()
#7 C:\\shuriza\\rekap\\rekap\\vendor\\laravel\\framework\\src\\Illuminate\\Database\\Query\\Builder.php(3091): Illuminate\\Database\\Query\\Builder->onceWithColumns(Array, Object(Closure))
#8 C:\\shuriza\\rekap\\rekap\\vendor\\laravel\\framework\\src\\Illuminate\\Database\\Query\\Builder.php(3286): Illuminate\\Database\\Query\\Builder->get()
#9 C:\\shuriza\\rekap\\rekap\\vendor\\laravel\\framework\\src\\Illuminate\\Database\\Query\\Builder.php(3245): Illuminate\\Database\\Query\\Builder->runPaginationCountQuery(Array)
#10 C:\\shuriza\\rekap\\rekap\\vendor\\laravel\\framework\\src\\Illuminate\\Database\\Eloquent\\Builder.php(1089): Illuminate\\Database\\Query\\Builder->getCountForPagination()
#11 C:\\shuriza\\rekap\\rekap\\app\\Http\\Controllers\\IzinPresensiController.php(20): Illuminate\\Database\\Eloquent\\Builder->paginate(10)
#12 C:\\shuriza\\rekap\\rekap\\vendor\\laravel\\framework\\src\\Illuminate\\Routing\\ControllerDispatcher.php(46): App\\Http\\Controllers\\IzinPresensiController->index()
#13 C:\\shuriza\\rekap\\rekap\\vendor\\laravel\\framework\\src\\Illuminate\\Routing\\Route.php(265): Illuminate\\Routing\\ControllerDispatcher->dispatch(Object(Illuminate\\Routing\\Route), Object(App\\Http\\Controllers\\IzinPresensiController), 'index')
#14 C:\\shuriza\\rekap\\rekap\\vendor\\laravel\\framework\\src\\Illuminate\\Routing\\Route.php(211): Illuminate\\Routing\\Route->runController()
#15 C:\\shuriza\\rekap\\rekap\\vendor\\laravel\\framework\\src\\Illuminate\\Routing\\Router.php(808): Illuminate\\Routing\\Route->run()
#16 C:\\shuriza\\rekap\\rekap\\vendor\\laravel\\framework\\src\\Illuminate\\Pipeline\\Pipeline.php(169): Illuminate\\Routing\\Router->Illuminate\\Routing\\{closure}(Object(Illuminate\\Http\\Request))
#17 C:\\shuriza\\rekap\\rekap\\vendor\\laravel\\framework\\src\\Illuminate\\Routing\\Middleware\\SubstituteBindings.php(50): Illuminate\\Pipeline\\Pipeline->Illuminate\\Pipeline\\{closure}(Object(Illuminate\\Http\\Request))
#18 C:\\shuriza\\rekap\\rekap\\vendor\\laravel\\framework\\src\\Illuminate\\Pipeline\\Pipeline.php(208): Illuminate\\Routing\\Middleware\\SubstituteBindings->handle(Object(Illuminate\\Http\\Request), Object(Closure))
#19 C:\\shuriza\\rekap\\rekap\\vendor\\laravel\\framework\\src\\Illuminate\\Foundation\\Http\\Middleware\\VerifyCsrfToken.php(87): Illuminate\\Pipeline\\Pipeline->Illuminate\\Pipeline\\{closure}(Object(Illuminate\\Http\\Request))
#20 C:\\shuriza\\rekap\\rekap\\vendor\\laravel\\framework\\src\\Illuminate\\Pipeline\\Pipeline.php(208): Illuminate\\Foundation\\Http\\Middleware\\VerifyCsrfToken->handle(Object(Illuminate\\Http\\Request), Object(Closure))
#21 C:\\shuriza\\rekap\\rekap\\vendor\\laravel\\framework\\src\\Illuminate\\View\\Middleware\\ShareErrorsFromSession.php(48): Illuminate\\Pipeline\\Pipeline->Illuminate\\Pipeline\\{closure}(Object(Illuminate\\Http\\Request))
#22 C:\\shuriza\\rekap\\rekap\\vendor\\laravel\\framework\\src\\Illuminate\\Pipeline\\Pipeline.php(208): Illuminate\\View\\Middleware\\ShareErrorsFromSession->handle(Object(Illuminate\\Http\\Request), Object(Closure))
#23 C:\\shuriza\\rekap\\rekap\\vendor\\laravel\\framework\\src\\Illuminate\\Session\\Middleware\\StartSession.php(120): Illuminate\\Pipeline\\Pipeline->Illuminate\\Pipeline\\{closure}(Object(Illuminate\\Http\\Request))
#24 C:\\shuriza\\rekap\\rekap\\vendor\\laravel\\framework\\src\\Illuminate\\Session\\Middleware\\StartSession.php(63): Illuminate\\Session\\Middleware\\StartSession->handleStatefulRequest(Object(Illuminate\\Http\\Request), Object(Illuminate\\Session\\Store), Object(Closure))
#25 C:\\shuriza\\rekap\\rekap\\vendor\\laravel\\framework\\src\\Illuminate\\Pipeline\\Pipeline.php(208): Illuminate\\Session\\Middleware\\StartSession->handle(Object(Illuminate\\Http\\Request), Object(Closure))
#26 C:\\shuriza\\rekap\\rekap\\vendor\\laravel\\framework\\src\\Illuminate\\Cookie\\Middleware\\AddQueuedCookiesToResponse.php(36): Illuminate\\Pipeline\\Pipeline->Illuminate\\Pipeline\\{closure}(Object(Illuminate\\Http\\Request))
#27 C:\\shuriza\\rekap\\rekap\\vendor\\laravel\\framework\\src\\Illuminate\\Pipeline\\Pipeline.php(208): Illuminate\\Cookie\\Middleware\\AddQueuedCookiesToResponse->handle(Object(Illuminate\\Http\\Request), Object(Closure))
#28 C:\\shuriza\\rekap\\rekap\\vendor\\laravel\\framework\\src\\Illuminate\\Cookie\\Middleware\\EncryptCookies.php(74): Illuminate\\Pipeline\\Pipeline->Illuminate\\Pipeline\\{closure}(Object(Illuminate\\Http\\Request))
#29 C:\\shuriza\\rekap\\rekap\\vendor\\laravel\\framework\\src\\Illuminate\\Pipeline\\Pipeline.php(208): Illuminate\\Cookie\\Middleware\\EncryptCookies->handle(Object(Illuminate\\Http\\Request), Object(Closure))
#30 C:\\shuriza\\rekap\\rekap\\vendor\\laravel\\framework\\src\\Illuminate\\Pipeline\\Pipeline.php(126): Illuminate\\Pipeline\\Pipeline->Illuminate\\Pipeline\\{closure}(Object(Illuminate\\Http\\Request))
#31 C:\\shuriza\\rekap\\rekap\\vendor\\laravel\\framework\\src\\Illuminate\\Routing\\Router.php(807): Illuminate\\Pipeline\\Pipeline->then(Object(Closure))
#32 C:\\shuriza\\rekap\\rekap\\vendor\\laravel\\framework\\src\\Illuminate\\Routing\\Router.php(786): Illuminate\\Routing\\Router->runRouteWithinStack(Object(Illuminate\\Routing\\Route), Object(Illuminate\\Http\\Request))
#33 C:\\shuriza\\rekap\\rekap\\vendor\\laravel\\framework\\src\\Illuminate\\Routing\\Router.php(750): Illuminate\\Routing\\Router->runRoute(Object(Illuminate\\Http\\Request), Object(Illuminate\\Routing\\Route))
#34 C:\\shuriza\\rekap\\rekap\\vendor\\laravel\\framework\\src\\Illuminate\\Routing\\Router.php(739): Illuminate\\Routing\\Router->dispatchToRoute(Object(Illuminate\\Http\\Request))
#35 C:\\shuriza\\rekap\\rekap\\vendor\\laravel\\framework\\src\\Illuminate\\Foundation\\Http\\Kernel.php(200): Illuminate\\Routing\\Router->dispatch(Object(Illuminate\\Http\\Request))
#36 C:\\shuriza\\rekap\\rekap\\vendor\\laravel\\framework\\src\\Illuminate\\Pipeline\\Pipeline.php(169): Illuminate\\Foundation\\Http\\Kernel->Illuminate\\Foundation\\Http\\{closure}(Object(Illuminate\\Http\\Request))
#37 C:\\shuriza\\rekap\\rekap\\vendor\\laravel\\framework\\src\\Illuminate\\Foundation\\Http\\Middleware\\TransformsRequest.php(21): Illuminate\\Pipeline\\Pipeline->Illuminate\\Pipeline\\{closure}(Object(Illuminate\\Http\\Request))
#38 C:\\shuriza\\rekap\\rekap\\vendor\\laravel\\framework\\src\\Illuminate\\Foundation\\Http\\Middleware\\ConvertEmptyStringsToNull.php(31): Illuminate\\Foundation\\Http\\Middleware\\TransformsRequest->handle(Object(Illuminate\\Http\\Request), Object(Closure))
#39 C:\\shuriza\\rekap\\rekap\\vendor\\laravel\\framework\\src\\Illuminate\\Pipeline\\Pipeline.php(208): Illuminate\\Foundation\\Http\\Middleware\\ConvertEmptyStringsToNull->handle(Object(Illuminate\\Http\\Request), Object(Closure))
#40 C:\\shuriza\\rekap\\rekap\\vendor\\laravel\\framework\\src\\Illuminate\\Foundation\\Http\\Middleware\\TransformsRequest.php(21): Illuminate\\Pipeline\\Pipeline->Illuminate\\Pipeline\\{closure}(Object(Illuminate\\Http\\Request))
#41 C:\\shuriza\\rekap\\rekap\\vendor\\laravel\\framework\\src\\Illuminate\\Foundation\\Http\\Middleware\\TrimStrings.php(51): Illuminate\\Foundation\\Http\\Middleware\\TransformsRequest->handle(Object(Illuminate\\Http\\Request), Object(Closure))
#42 C:\\shuriza\\rekap\\rekap\\vendor\\laravel\\framework\\src\\Illuminate\\Pipeline\\Pipeline.php(208): Illuminate\\Foundation\\Http\\Middleware\\TrimStrings->handle(Object(Illuminate\\Http\\Request), Object(Closure))
#43 C:\\shuriza\\rekap\\rekap\\vendor\\laravel\\framework\\src\\Illuminate\\Http\\Middleware\\ValidatePostSize.php(27): Illuminate\\Pipeline\\Pipeline->Illuminate\\Pipeline\\{closure}(Object(Illuminate\\Http\\Request))
#44 C:\\shuriza\\rekap\\rekap\\vendor\\laravel\\framework\\src\\Illuminate\\Pipeline\\Pipeline.php(208): Illuminate\\Http\\Middleware\\ValidatePostSize->handle(Object(Illuminate\\Http\\Request), Object(Closure))
#45 C:\\shuriza\\rekap\\rekap\\vendor\\laravel\\framework\\src\\Illuminate\\Foundation\\Http\\Middleware\\PreventRequestsDuringMaintenance.php(109): Illuminate\\Pipeline\\Pipeline->Illuminate\\Pipeline\\{closure}(Object(Illuminate\\Http\\Request))
#46 C:\\shuriza\\rekap\\rekap\\vendor\\laravel\\framework\\src\\Illuminate\\Pipeline\\Pipeline.php(208): Illuminate\\Foundation\\Http\\Middleware\\PreventRequestsDuringMaintenance->handle(Object(Illuminate\\Http\\Request), Object(Closure))
#47 C:\\shuriza\\rekap\\rekap\\vendor\\laravel\\framework\\src\\Illuminate\\Http\\Middleware\\HandleCors.php(48): Illuminate\\Pipeline\\Pipeline->Illuminate\\Pipeline\\{closure}(Object(Illuminate\\Http\\Request))
#48 C:\\shuriza\\rekap\\rekap\\vendor\\laravel\\framework\\src\\Illuminate\\Pipeline\\Pipeline.php(208): Illuminate\\Http\\Middleware\\HandleCors->handle(Object(Illuminate\\Http\\Request), Object(Closure))
#49 C:\\shuriza\\rekap\\rekap\\vendor\\laravel\\framework\\src\\Illuminate\\Http\\Middleware\\TrustProxies.php(58): Illuminate\\Pipeline\\Pipeline->Illuminate\\Pipeline\\{closure}(Object(Illuminate\\Http\\Request))
#50 C:\\shuriza\\rekap\\rekap\\vendor\\laravel\\framework\\src\\Illuminate\\Pipeline\\Pipeline.php(208): Illuminate\\Http\\Middleware\\TrustProxies->handle(Object(Illuminate\\Http\\Request), Object(Closure))
#51 C:\\shuriza\\rekap\\rekap\\vendor\\laravel\\framework\\src\\Illuminate\\Foundation\\Http\\Middleware\\InvokeDeferredCallbacks.php(22): Illuminate\\Pipeline\\Pipeline->Illuminate\\Pipeline\\{closure}(Object(Illuminate\\Http\\Request))
#52 C:\\shuriza\\rekap\\rekap\\vendor\\laravel\\framework\\src\\Illuminate\\Pipeline\\Pipeline.php(208): Illuminate\\Foundation\\Http\\Middleware\\InvokeDeferredCallbacks->handle(Object(Illuminate\\Http\\Request), Object(Closure))
#53 C:\\shuriza\\rekap\\rekap\\vendor\\laravel\\framework\\src\\Illuminate\\Http\\Middleware\\ValidatePathEncoding.php(26): Illuminate\\Pipeline\\Pipeline->Illuminate\\Pipeline\\{closure}(Object(Illuminate\\Http\\Request))
#54 C:\\shuriza\\rekap\\rekap\\vendor\\laravel\\framework\\src\\Illuminate\\Pipeline\\Pipeline.php(208): Illuminate\\Http\\Middleware\\ValidatePathEncoding->handle(Object(Illuminate\\Http\\Request), Object(Closure))
#55 C:\\shuriza\\rekap\\rekap\\vendor\\laravel\\framework\\src\\Illuminate\\Pipeline\\Pipeline.php(126): Illuminate\\Pipeline\\Pipeline->Illuminate\\Pipeline\\{closure}(Object(Illuminate\\Http\\Request))
#56 C:\\shuriza\\rekap\\rekap\\vendor\\laravel\\framework\\src\\Illuminate\\Foundation\\Http\\Kernel.php(175): Illuminate\\Pipeline\\Pipeline->then(Object(Closure))
#57 C:\\shuriza\\rekap\\rekap\\vendor\\laravel\\framework\\src\\Illuminate\\Foundation\\Http\\Kernel.php(144): Illuminate\\Foundation\\Http\\Kernel->sendRequestThroughRouter(Object(Illuminate\\Http\\Request))
#58 C:\\shuriza\\rekap\\rekap\\vendor\\laravel\\framework\\src\\Illuminate\\Foundation\\Application.php(1219): Illuminate\\Foundation\\Http\\Kernel->handle(Object(Illuminate\\Http\\Request))
#59 C:\\shuriza\\rekap\\rekap\\public\\index.php(20): Illuminate\\Foundation\\Application->handleRequest(Object(Illuminate\\Http\\Request))
#60 C:\\shuriza\\rekap\\rekap\\vendor\\laravel\\framework\\src\\Illuminate\\Foundation\\resources\\server.php(23): require_once('C:\\\\shuriza\\\\reka...')
#61 {main}
"} 
[2025-07-04 07:09:02] local.ERROR: Undefined variable $data (View: C:\shuriza\rekap\rekap\resources\views\izin_presensi\create.blade.php) {"exception":"[object] (Illuminate\\View\\ViewException(code: 0): Undefined variable $data (View: C:\\shuriza\\rekap\\rekap\\resources\\views\\izin_presensi\\create.blade.php) at C:\\shuriza\\rekap\\rekap\\storage\\framework\\views\\fadae4a46e9ec34429af53a9bc9e9738.php:33)
[stacktrace]
#0 C:\\shuriza\\rekap\\rekap\\vendor\\laravel\\framework\\src\\Illuminate\\View\\Engines\\PhpEngine.php(59): Illuminate\\View\\Engines\\CompilerEngine->handleViewException(Object(ErrorException), 1)
#1 C:\\shuriza\\rekap\\rekap\\vendor\\laravel\\framework\\src\\Illuminate\\View\\Engines\\CompilerEngine.php(74): Illuminate\\View\\Engines\\PhpEngine->evaluatePath('C:\\\\shuriza\\\\reka...', Array)
#2 C:\\shuriza\\rekap\\rekap\\vendor\\laravel\\framework\\src\\Illuminate\\View\\View.php(208): Illuminate\\View\\Engines\\CompilerEngine->get('C:\\\\shuriza\\\\reka...', Array)
#3 C:\\shuriza\\rekap\\rekap\\vendor\\laravel\\framework\\src\\Illuminate\\View\\View.php(191): Illuminate\\View\\View->getContents()
#4 C:\\shuriza\\rekap\\rekap\\vendor\\laravel\\framework\\src\\Illuminate\\View\\View.php(160): Illuminate\\View\\View->renderContents()
#5 C:\\shuriza\\rekap\\rekap\\vendor\\laravel\\framework\\src\\Illuminate\\Http\\Response.php(78): Illuminate\\View\\View->render()
#6 C:\\shuriza\\rekap\\rekap\\vendor\\laravel\\framework\\src\\Illuminate\\Http\\Response.php(34): Illuminate\\Http\\Response->setContent(Object(Illuminate\\View\\View))
#7 C:\\shuriza\\rekap\\rekap\\vendor\\laravel\\framework\\src\\Illuminate\\Routing\\Router.php(924): Illuminate\\Http\\Response->__construct(Object(Illuminate\\View\\View), 200, Array)
#8 C:\\shuriza\\rekap\\rekap\\vendor\\laravel\\framework\\src\\Illuminate\\Routing\\Router.php(891): Illuminate\\Routing\\Router::toResponse(Object(Illuminate\\Http\\Request), Object(Illuminate\\View\\View))
#9 C:\\shuriza\\rekap\\rekap\\vendor\\laravel\\framework\\src\\Illuminate\\Routing\\Router.php(807): Illuminate\\Routing\\Router->prepareResponse(Object(Illuminate\\Http\\Request), Object(Illuminate\\View\\View))
#10 C:\\shuriza\\rekap\\rekap\\vendor\\laravel\\framework\\src\\Illuminate\\Pipeline\\Pipeline.php(169): Illuminate\\Routing\\Router->Illuminate\\Routing\\{closure}(Object(Illuminate\\Http\\Request))
#11 C:\\shuriza\\rekap\\rekap\\vendor\\laravel\\framework\\src\\Illuminate\\Routing\\Middleware\\SubstituteBindings.php(50): Illuminate\\Pipeline\\Pipeline->Illuminate\\Pipeline\\{closure}(Object(Illuminate\\Http\\Request))
#12 C:\\shuriza\\rekap\\rekap\\vendor\\laravel\\framework\\src\\Illuminate\\Pipeline\\Pipeline.php(208): Illuminate\\Routing\\Middleware\\SubstituteBindings->handle(Object(Illuminate\\Http\\Request), Object(Closure))
#13 C:\\shuriza\\rekap\\rekap\\vendor\\laravel\\framework\\src\\Illuminate\\Foundation\\Http\\Middleware\\VerifyCsrfToken.php(87): Illuminate\\Pipeline\\Pipeline->Illuminate\\Pipeline\\{closure}(Object(Illuminate\\Http\\Request))
#14 C:\\shuriza\\rekap\\rekap\\vendor\\laravel\\framework\\src\\Illuminate\\Pipeline\\Pipeline.php(208): Illuminate\\Foundation\\Http\\Middleware\\VerifyCsrfToken->handle(Object(Illuminate\\Http\\Request), Object(Closure))
#15 C:\\shuriza\\rekap\\rekap\\vendor\\laravel\\framework\\src\\Illuminate\\View\\Middleware\\ShareErrorsFromSession.php(48): Illuminate\\Pipeline\\Pipeline->Illuminate\\Pipeline\\{closure}(Object(Illuminate\\Http\\Request))
#16 C:\\shuriza\\rekap\\rekap\\vendor\\laravel\\framework\\src\\Illuminate\\Pipeline\\Pipeline.php(208): Illuminate\\View\\Middleware\\ShareErrorsFromSession->handle(Object(Illuminate\\Http\\Request), Object(Closure))
#17 C:\\shuriza\\rekap\\rekap\\vendor\\laravel\\framework\\src\\Illuminate\\Session\\Middleware\\StartSession.php(120): Illuminate\\Pipeline\\Pipeline->Illuminate\\Pipeline\\{closure}(Object(Illuminate\\Http\\Request))
#18 C:\\shuriza\\rekap\\rekap\\vendor\\laravel\\framework\\src\\Illuminate\\Session\\Middleware\\StartSession.php(63): Illuminate\\Session\\Middleware\\StartSession->handleStatefulRequest(Object(Illuminate\\Http\\Request), Object(Illuminate\\Session\\Store), Object(Closure))
#19 C:\\shuriza\\rekap\\rekap\\vendor\\laravel\\framework\\src\\Illuminate\\Pipeline\\Pipeline.php(208): Illuminate\\Session\\Middleware\\StartSession->handle(Object(Illuminate\\Http\\Request), Object(Closure))
#20 C:\\shuriza\\rekap\\rekap\\vendor\\laravel\\framework\\src\\Illuminate\\Cookie\\Middleware\\AddQueuedCookiesToResponse.php(36): Illuminate\\Pipeline\\Pipeline->Illuminate\\Pipeline\\{closure}(Object(Illuminate\\Http\\Request))
#21 C:\\shuriza\\rekap\\rekap\\vendor\\laravel\\framework\\src\\Illuminate\\Pipeline\\Pipeline.php(208): Illuminate\\Cookie\\Middleware\\AddQueuedCookiesToResponse->handle(Object(Illuminate\\Http\\Request), Object(Closure))
#22 C:\\shuriza\\rekap\\rekap\\vendor\\laravel\\framework\\src\\Illuminate\\Cookie\\Middleware\\EncryptCookies.php(74): Illuminate\\Pipeline\\Pipeline->Illuminate\\Pipeline\\{closure}(Object(Illuminate\\Http\\Request))
#23 C:\\shuriza\\rekap\\rekap\\vendor\\laravel\\framework\\src\\Illuminate\\Pipeline\\Pipeline.php(208): Illuminate\\Cookie\\Middleware\\EncryptCookies->handle(Object(Illuminate\\Http\\Request), Object(Closure))
#24 C:\\shuriza\\rekap\\rekap\\vendor\\laravel\\framework\\src\\Illuminate\\Pipeline\\Pipeline.php(126): Illuminate\\Pipeline\\Pipeline->Illuminate\\Pipeline\\{closure}(Object(Illuminate\\Http\\Request))
#25 C:\\shuriza\\rekap\\rekap\\vendor\\laravel\\framework\\src\\Illuminate\\Routing\\Router.php(807): Illuminate\\Pipeline\\Pipeline->then(Object(Closure))
#26 C:\\shuriza\\rekap\\rekap\\vendor\\laravel\\framework\\src\\Illuminate\\Routing\\Router.php(786): Illuminate\\Routing\\Router->runRouteWithinStack(Object(Illuminate\\Routing\\Route), Object(Illuminate\\Http\\Request))
#27 C:\\shuriza\\rekap\\rekap\\vendor\\laravel\\framework\\src\\Illuminate\\Routing\\Router.php(750): Illuminate\\Routing\\Router->runRoute(Object(Illuminate\\Http\\Request), Object(Illuminate\\Routing\\Route))
#28 C:\\shuriza\\rekap\\rekap\\vendor\\laravel\\framework\\src\\Illuminate\\Routing\\Router.php(739): Illuminate\\Routing\\Router->dispatchToRoute(Object(Illuminate\\Http\\Request))
#29 C:\\shuriza\\rekap\\rekap\\vendor\\laravel\\framework\\src\\Illuminate\\Foundation\\Http\\Kernel.php(200): Illuminate\\Routing\\Router->dispatch(Object(Illuminate\\Http\\Request))
#30 C:\\shuriza\\rekap\\rekap\\vendor\\laravel\\framework\\src\\Illuminate\\Pipeline\\Pipeline.php(169): Illuminate\\Foundation\\Http\\Kernel->Illuminate\\Foundation\\Http\\{closure}(Object(Illuminate\\Http\\Request))
#31 C:\\shuriza\\rekap\\rekap\\vendor\\laravel\\framework\\src\\Illuminate\\Foundation\\Http\\Middleware\\TransformsRequest.php(21): Illuminate\\Pipeline\\Pipeline->Illuminate\\Pipeline\\{closure}(Object(Illuminate\\Http\\Request))
#32 C:\\shuriza\\rekap\\rekap\\vendor\\laravel\\framework\\src\\Illuminate\\Foundation\\Http\\Middleware\\ConvertEmptyStringsToNull.php(31): Illuminate\\Foundation\\Http\\Middleware\\TransformsRequest->handle(Object(Illuminate\\Http\\Request), Object(Closure))
#33 C:\\shuriza\\rekap\\rekap\\vendor\\laravel\\framework\\src\\Illuminate\\Pipeline\\Pipeline.php(208): Illuminate\\Foundation\\Http\\Middleware\\ConvertEmptyStringsToNull->handle(Object(Illuminate\\Http\\Request), Object(Closure))
#34 C:\\shuriza\\rekap\\rekap\\vendor\\laravel\\framework\\src\\Illuminate\\Foundation\\Http\\Middleware\\TransformsRequest.php(21): Illuminate\\Pipeline\\Pipeline->Illuminate\\Pipeline\\{closure}(Object(Illuminate\\Http\\Request))
#35 C:\\shuriza\\rekap\\rekap\\vendor\\laravel\\framework\\src\\Illuminate\\Foundation\\Http\\Middleware\\TrimStrings.php(51): Illuminate\\Foundation\\Http\\Middleware\\TransformsRequest->handle(Object(Illuminate\\Http\\Request), Object(Closure))
#36 C:\\shuriza\\rekap\\rekap\\vendor\\laravel\\framework\\src\\Illuminate\\Pipeline\\Pipeline.php(208): Illuminate\\Foundation\\Http\\Middleware\\TrimStrings->handle(Object(Illuminate\\Http\\Request), Object(Closure))
#37 C:\\shuriza\\rekap\\rekap\\vendor\\laravel\\framework\\src\\Illuminate\\Http\\Middleware\\ValidatePostSize.php(27): Illuminate\\Pipeline\\Pipeline->Illuminate\\Pipeline\\{closure}(Object(Illuminate\\Http\\Request))
#38 C:\\shuriza\\rekap\\rekap\\vendor\\laravel\\framework\\src\\Illuminate\\Pipeline\\Pipeline.php(208): Illuminate\\Http\\Middleware\\ValidatePostSize->handle(Object(Illuminate\\Http\\Request), Object(Closure))
#39 C:\\shuriza\\rekap\\rekap\\vendor\\laravel\\framework\\src\\Illuminate\\Foundation\\Http\\Middleware\\PreventRequestsDuringMaintenance.php(109): Illuminate\\Pipeline\\Pipeline->Illuminate\\Pipeline\\{closure}(Object(Illuminate\\Http\\Request))
#40 C:\\shuriza\\rekap\\rekap\\vendor\\laravel\\framework\\src\\Illuminate\\Pipeline\\Pipeline.php(208): Illuminate\\Foundation\\Http\\Middleware\\PreventRequestsDuringMaintenance->handle(Object(Illuminate\\Http\\Request), Object(Closure))
#41 C:\\shuriza\\rekap\\rekap\\vendor\\laravel\\framework\\src\\Illuminate\\Http\\Middleware\\HandleCors.php(48): Illuminate\\Pipeline\\Pipeline->Illuminate\\Pipeline\\{closure}(Object(Illuminate\\Http\\Request))
#42 C:\\shuriza\\rekap\\rekap\\vendor\\laravel\\framework\\src\\Illuminate\\Pipeline\\Pipeline.php(208): Illuminate\\Http\\Middleware\\HandleCors->handle(Object(Illuminate\\Http\\Request), Object(Closure))
#43 C:\\shuriza\\rekap\\rekap\\vendor\\laravel\\framework\\src\\Illuminate\\Http\\Middleware\\TrustProxies.php(58): Illuminate\\Pipeline\\Pipeline->Illuminate\\Pipeline\\{closure}(Object(Illuminate\\Http\\Request))
#44 C:\\shuriza\\rekap\\rekap\\vendor\\laravel\\framework\\src\\Illuminate\\Pipeline\\Pipeline.php(208): Illuminate\\Http\\Middleware\\TrustProxies->handle(Object(Illuminate\\Http\\Request), Object(Closure))
#45 C:\\shuriza\\rekap\\rekap\\vendor\\laravel\\framework\\src\\Illuminate\\Foundation\\Http\\Middleware\\InvokeDeferredCallbacks.php(22): Illuminate\\Pipeline\\Pipeline->Illuminate\\Pipeline\\{closure}(Object(Illuminate\\Http\\Request))
#46 C:\\shuriza\\rekap\\rekap\\vendor\\laravel\\framework\\src\\Illuminate\\Pipeline\\Pipeline.php(208): Illuminate\\Foundation\\Http\\Middleware\\InvokeDeferredCallbacks->handle(Object(Illuminate\\Http\\Request), Object(Closure))
#47 C:\\shuriza\\rekap\\rekap\\vendor\\laravel\\framework\\src\\Illuminate\\Http\\Middleware\\ValidatePathEncoding.php(26): Illuminate\\Pipeline\\Pipeline->Illuminate\\Pipeline\\{closure}(Object(Illuminate\\Http\\Request))
#48 C:\\shuriza\\rekap\\rekap\\vendor\\laravel\\framework\\src\\Illuminate\\Pipeline\\Pipeline.php(208): Illuminate\\Http\\Middleware\\ValidatePathEncoding->handle(Object(Illuminate\\Http\\Request), Object(Closure))
#49 C:\\shuriza\\rekap\\rekap\\vendor\\laravel\\framework\\src\\Illuminate\\Pipeline\\Pipeline.php(126): Illuminate\\Pipeline\\Pipeline->Illuminate\\Pipeline\\{closure}(Object(Illuminate\\Http\\Request))
#50 C:\\shuriza\\rekap\\rekap\\vendor\\laravel\\framework\\src\\Illuminate\\Foundation\\Http\\Kernel.php(175): Illuminate\\Pipeline\\Pipeline->then(Object(Closure))
#51 C:\\shuriza\\rekap\\rekap\\vendor\\laravel\\framework\\src\\Illuminate\\Foundation\\Http\\Kernel.php(144): Illuminate\\Foundation\\Http\\Kernel->sendRequestThroughRouter(Object(Illuminate\\Http\\Request))
#52 C:\\shuriza\\rekap\\rekap\\vendor\\laravel\\framework\\src\\Illuminate\\Foundation\\Application.php(1219): Illuminate\\Foundation\\Http\\Kernel->handle(Object(Illuminate\\Http\\Request))
#53 C:\\shuriza\\rekap\\rekap\\public\\index.php(20): Illuminate\\Foundation\\Application->handleRequest(Object(Illuminate\\Http\\Request))
#54 C:\\shuriza\\rekap\\rekap\\vendor\\laravel\\framework\\src\\Illuminate\\Foundation\\resources\\server.php(23): require_once('C:\\\\shuriza\\\\reka...')
#55 {main}

[previous exception] [object] (ErrorException(code: 0): Undefined variable $data at C:\\shuriza\\rekap\\rekap\\storage\\framework\\views\\fadae4a46e9ec34429af53a9bc9e9738.php:33)
[stacktrace]
#0 C:\\shuriza\\rekap\\rekap\\vendor\\laravel\\framework\\src\\Illuminate\\Foundation\\Bootstrap\\HandleExceptions.php(256): Illuminate\\Foundation\\Bootstrap\\HandleExceptions->handleError(2, 'Undefined varia...', 'C:\\\\shuriza\\\\reka...', 33)
#1 C:\\shuriza\\rekap\\rekap\\storage\\framework\\views\\fadae4a46e9ec34429af53a9bc9e9738.php(33): Illuminate\\Foundation\\Bootstrap\\HandleExceptions->Illuminate\\Foundation\\Bootstrap\\{closure}(2, 'Undefined varia...', 'C:\\\\shuriza\\\\reka...', 33)
#2 C:\\shuriza\\rekap\\rekap\\vendor\\laravel\\framework\\src\\Illuminate\\Filesystem\\Filesystem.php(123): require('C:\\\\shuriza\\\\reka...')
#3 C:\\shuriza\\rekap\\rekap\\vendor\\laravel\\framework\\src\\Illuminate\\Filesystem\\Filesystem.php(124): Illuminate\\Filesystem\\Filesystem::Illuminate\\Filesystem\\{closure}()
#4 C:\\shuriza\\rekap\\rekap\\vendor\\laravel\\framework\\src\\Illuminate\\View\\Engines\\PhpEngine.php(57): Illuminate\\Filesystem\\Filesystem->getRequire('C:\\\\shuriza\\\\reka...', Array)
#5 C:\\shuriza\\rekap\\rekap\\vendor\\laravel\\framework\\src\\Illuminate\\View\\Engines\\CompilerEngine.php(74): Illuminate\\View\\Engines\\PhpEngine->evaluatePath('C:\\\\shuriza\\\\reka...', Array)
#6 C:\\shuriza\\rekap\\rekap\\vendor\\laravel\\framework\\src\\Illuminate\\View\\View.php(208): Illuminate\\View\\Engines\\CompilerEngine->get('C:\\\\shuriza\\\\reka...', Array)
#7 C:\\shuriza\\rekap\\rekap\\vendor\\laravel\\framework\\src\\Illuminate\\View\\View.php(191): Illuminate\\View\\View->getContents()
#8 C:\\shuriza\\rekap\\rekap\\vendor\\laravel\\framework\\src\\Illuminate\\View\\View.php(160): Illuminate\\View\\View->renderContents()
#9 C:\\shuriza\\rekap\\rekap\\vendor\\laravel\\framework\\src\\Illuminate\\Http\\Response.php(78): Illuminate\\View\\View->render()
#10 C:\\shuriza\\rekap\\rekap\\vendor\\laravel\\framework\\src\\Illuminate\\Http\\Response.php(34): Illuminate\\Http\\Response->setContent(Object(Illuminate\\View\\View))
#11 C:\\shuriza\\rekap\\rekap\\vendor\\laravel\\framework\\src\\Illuminate\\Routing\\Router.php(924): Illuminate\\Http\\Response->__construct(Object(Illuminate\\View\\View), 200, Array)
#12 C:\\shuriza\\rekap\\rekap\\vendor\\laravel\\framework\\src\\Illuminate\\Routing\\Router.php(891): Illuminate\\Routing\\Router::toResponse(Object(Illuminate\\Http\\Request), Object(Illuminate\\View\\View))
#13 C:\\shuriza\\rekap\\rekap\\vendor\\laravel\\framework\\src\\Illuminate\\Routing\\Router.php(807): Illuminate\\Routing\\Router->prepareResponse(Object(Illuminate\\Http\\Request), Object(Illuminate\\View\\View))
#14 C:\\shuriza\\rekap\\rekap\\vendor\\laravel\\framework\\src\\Illuminate\\Pipeline\\Pipeline.php(169): Illuminate\\Routing\\Router->Illuminate\\Routing\\{closure}(Object(Illuminate\\Http\\Request))
#15 C:\\shuriza\\rekap\\rekap\\vendor\\laravel\\framework\\src\\Illuminate\\Routing\\Middleware\\SubstituteBindings.php(50): Illuminate\\Pipeline\\Pipeline->Illuminate\\Pipeline\\{closure}(Object(Illuminate\\Http\\Request))
#16 C:\\shuriza\\rekap\\rekap\\vendor\\laravel\\framework\\src\\Illuminate\\Pipeline\\Pipeline.php(208): Illuminate\\Routing\\Middleware\\SubstituteBindings->handle(Object(Illuminate\\Http\\Request), Object(Closure))
#17 C:\\shuriza\\rekap\\rekap\\vendor\\laravel\\framework\\src\\Illuminate\\Foundation\\Http\\Middleware\\VerifyCsrfToken.php(87): Illuminate\\Pipeline\\Pipeline->Illuminate\\Pipeline\\{closure}(Object(Illuminate\\Http\\Request))
#18 C:\\shuriza\\rekap\\rekap\\vendor\\laravel\\framework\\src\\Illuminate\\Pipeline\\Pipeline.php(208): Illuminate\\Foundation\\Http\\Middleware\\VerifyCsrfToken->handle(Object(Illuminate\\Http\\Request), Object(Closure))
#19 C:\\shuriza\\rekap\\rekap\\vendor\\laravel\\framework\\src\\Illuminate\\View\\Middleware\\ShareErrorsFromSession.php(48): Illuminate\\Pipeline\\Pipeline->Illuminate\\Pipeline\\{closure}(Object(Illuminate\\Http\\Request))
#20 C:\\shuriza\\rekap\\rekap\\vendor\\laravel\\framework\\src\\Illuminate\\Pipeline\\Pipeline.php(208): Illuminate\\View\\Middleware\\ShareErrorsFromSession->handle(Object(Illuminate\\Http\\Request), Object(Closure))
#21 C:\\shuriza\\rekap\\rekap\\vendor\\laravel\\framework\\src\\Illuminate\\Session\\Middleware\\StartSession.php(120): Illuminate\\Pipeline\\Pipeline->Illuminate\\Pipeline\\{closure}(Object(Illuminate\\Http\\Request))
#22 C:\\shuriza\\rekap\\rekap\\vendor\\laravel\\framework\\src\\Illuminate\\Session\\Middleware\\StartSession.php(63): Illuminate\\Session\\Middleware\\StartSession->handleStatefulRequest(Object(Illuminate\\Http\\Request), Object(Illuminate\\Session\\Store), Object(Closure))
#23 C:\\shuriza\\rekap\\rekap\\vendor\\laravel\\framework\\src\\Illuminate\\Pipeline\\Pipeline.php(208): Illuminate\\Session\\Middleware\\StartSession->handle(Object(Illuminate\\Http\\Request), Object(Closure))
#24 C:\\shuriza\\rekap\\rekap\\vendor\\laravel\\framework\\src\\Illuminate\\Cookie\\Middleware\\AddQueuedCookiesToResponse.php(36): Illuminate\\Pipeline\\Pipeline->Illuminate\\Pipeline\\{closure}(Object(Illuminate\\Http\\Request))
#25 C:\\shuriza\\rekap\\rekap\\vendor\\laravel\\framework\\src\\Illuminate\\Pipeline\\Pipeline.php(208): Illuminate\\Cookie\\Middleware\\AddQueuedCookiesToResponse->handle(Object(Illuminate\\Http\\Request), Object(Closure))
#26 C:\\shuriza\\rekap\\rekap\\vendor\\laravel\\framework\\src\\Illuminate\\Cookie\\Middleware\\EncryptCookies.php(74): Illuminate\\Pipeline\\Pipeline->Illuminate\\Pipeline\\{closure}(Object(Illuminate\\Http\\Request))
#27 C:\\shuriza\\rekap\\rekap\\vendor\\laravel\\framework\\src\\Illuminate\\Pipeline\\Pipeline.php(208): Illuminate\\Cookie\\Middleware\\EncryptCookies->handle(Object(Illuminate\\Http\\Request), Object(Closure))
#28 C:\\shuriza\\rekap\\rekap\\vendor\\laravel\\framework\\src\\Illuminate\\Pipeline\\Pipeline.php(126): Illuminate\\Pipeline\\Pipeline->Illuminate\\Pipeline\\{closure}(Object(Illuminate\\Http\\Request))
#29 C:\\shuriza\\rekap\\rekap\\vendor\\laravel\\framework\\src\\Illuminate\\Routing\\Router.php(807): Illuminate\\Pipeline\\Pipeline->then(Object(Closure))
#30 C:\\shuriza\\rekap\\rekap\\vendor\\laravel\\framework\\src\\Illuminate\\Routing\\Router.php(786): Illuminate\\Routing\\Router->runRouteWithinStack(Object(Illuminate\\Routing\\Route), Object(Illuminate\\Http\\Request))
#31 C:\\shuriza\\rekap\\rekap\\vendor\\laravel\\framework\\src\\Illuminate\\Routing\\Router.php(750): Illuminate\\Routing\\Router->runRoute(Object(Illuminate\\Http\\Request), Object(Illuminate\\Routing\\Route))
#32 C:\\shuriza\\rekap\\rekap\\vendor\\laravel\\framework\\src\\Illuminate\\Routing\\Router.php(739): Illuminate\\Routing\\Router->dispatchToRoute(Object(Illuminate\\Http\\Request))
#33 C:\\shuriza\\rekap\\rekap\\vendor\\laravel\\framework\\src\\Illuminate\\Foundation\\Http\\Kernel.php(200): Illuminate\\Routing\\Router->dispatch(Object(Illuminate\\Http\\Request))
#34 C:\\shuriza\\rekap\\rekap\\vendor\\laravel\\framework\\src\\Illuminate\\Pipeline\\Pipeline.php(169): Illuminate\\Foundation\\Http\\Kernel->Illuminate\\Foundation\\Http\\{closure}(Object(Illuminate\\Http\\Request))
#35 C:\\shuriza\\rekap\\rekap\\vendor\\laravel\\framework\\src\\Illuminate\\Foundation\\Http\\Middleware\\TransformsRequest.php(21): Illuminate\\Pipeline\\Pipeline->Illuminate\\Pipeline\\{closure}(Object(Illuminate\\Http\\Request))
#36 C:\\shuriza\\rekap\\rekap\\vendor\\laravel\\framework\\src\\Illuminate\\Foundation\\Http\\Middleware\\ConvertEmptyStringsToNull.php(31): Illuminate\\Foundation\\Http\\Middleware\\TransformsRequest->handle(Object(Illuminate\\Http\\Request), Object(Closure))
#37 C:\\shuriza\\rekap\\rekap\\vendor\\laravel\\framework\\src\\Illuminate\\Pipeline\\Pipeline.php(208): Illuminate\\Foundation\\Http\\Middleware\\ConvertEmptyStringsToNull->handle(Object(Illuminate\\Http\\Request), Object(Closure))
#38 C:\\shuriza\\rekap\\rekap\\vendor\\laravel\\framework\\src\\Illuminate\\Foundation\\Http\\Middleware\\TransformsRequest.php(21): Illuminate\\Pipeline\\Pipeline->Illuminate\\Pipeline\\{closure}(Object(Illuminate\\Http\\Request))
#39 C:\\shuriza\\rekap\\rekap\\vendor\\laravel\\framework\\src\\Illuminate\\Foundation\\Http\\Middleware\\TrimStrings.php(51): Illuminate\\Foundation\\Http\\Middleware\\TransformsRequest->handle(Object(Illuminate\\Http\\Request), Object(Closure))
#40 C:\\shuriza\\rekap\\rekap\\vendor\\laravel\\framework\\src\\Illuminate\\Pipeline\\Pipeline.php(208): Illuminate\\Foundation\\Http\\Middleware\\TrimStrings->handle(Object(Illuminate\\Http\\Request), Object(Closure))
#41 C:\\shuriza\\rekap\\rekap\\vendor\\laravel\\framework\\src\\Illuminate\\Http\\Middleware\\ValidatePostSize.php(27): Illuminate\\Pipeline\\Pipeline->Illuminate\\Pipeline\\{closure}(Object(Illuminate\\Http\\Request))
#42 C:\\shuriza\\rekap\\rekap\\vendor\\laravel\\framework\\src\\Illuminate\\Pipeline\\Pipeline.php(208): Illuminate\\Http\\Middleware\\ValidatePostSize->handle(Object(Illuminate\\Http\\Request), Object(Closure))
#43 C:\\shuriza\\rekap\\rekap\\vendor\\laravel\\framework\\src\\Illuminate\\Foundation\\Http\\Middleware\\PreventRequestsDuringMaintenance.php(109): Illuminate\\Pipeline\\Pipeline->Illuminate\\Pipeline\\{closure}(Object(Illuminate\\Http\\Request))
#44 C:\\shuriza\\rekap\\rekap\\vendor\\laravel\\framework\\src\\Illuminate\\Pipeline\\Pipeline.php(208): Illuminate\\Foundation\\Http\\Middleware\\PreventRequestsDuringMaintenance->handle(Object(Illuminate\\Http\\Request), Object(Closure))
#45 C:\\shuriza\\rekap\\rekap\\vendor\\laravel\\framework\\src\\Illuminate\\Http\\Middleware\\HandleCors.php(48): Illuminate\\Pipeline\\Pipeline->Illuminate\\Pipeline\\{closure}(Object(Illuminate\\Http\\Request))
#46 C:\\shuriza\\rekap\\rekap\\vendor\\laravel\\framework\\src\\Illuminate\\Pipeline\\Pipeline.php(208): Illuminate\\Http\\Middleware\\HandleCors->handle(Object(Illuminate\\Http\\Request), Object(Closure))
#47 C:\\shuriza\\rekap\\rekap\\vendor\\laravel\\framework\\src\\Illuminate\\Http\\Middleware\\TrustProxies.php(58): Illuminate\\Pipeline\\Pipeline->Illuminate\\Pipeline\\{closure}(Object(Illuminate\\Http\\Request))
#48 C:\\shuriza\\rekap\\rekap\\vendor\\laravel\\framework\\src\\Illuminate\\Pipeline\\Pipeline.php(208): Illuminate\\Http\\Middleware\\TrustProxies->handle(Object(Illuminate\\Http\\Request), Object(Closure))
#49 C:\\shuriza\\rekap\\rekap\\vendor\\laravel\\framework\\src\\Illuminate\\Foundation\\Http\\Middleware\\InvokeDeferredCallbacks.php(22): Illuminate\\Pipeline\\Pipeline->Illuminate\\Pipeline\\{closure}(Object(Illuminate\\Http\\Request))
#50 C:\\shuriza\\rekap\\rekap\\vendor\\laravel\\framework\\src\\Illuminate\\Pipeline\\Pipeline.php(208): Illuminate\\Foundation\\Http\\Middleware\\InvokeDeferredCallbacks->handle(Object(Illuminate\\Http\\Request), Object(Closure))
#51 C:\\shuriza\\rekap\\rekap\\vendor\\laravel\\framework\\src\\Illuminate\\Http\\Middleware\\ValidatePathEncoding.php(26): Illuminate\\Pipeline\\Pipeline->Illuminate\\Pipeline\\{closure}(Object(Illuminate\\Http\\Request))
#52 C:\\shuriza\\rekap\\rekap\\vendor\\laravel\\framework\\src\\Illuminate\\Pipeline\\Pipeline.php(208): Illuminate\\Http\\Middleware\\ValidatePathEncoding->handle(Object(Illuminate\\Http\\Request), Object(Closure))
#53 C:\\shuriza\\rekap\\rekap\\vendor\\laravel\\framework\\src\\Illuminate\\Pipeline\\Pipeline.php(126): Illuminate\\Pipeline\\Pipeline->Illuminate\\Pipeline\\{closure}(Object(Illuminate\\Http\\Request))
#54 C:\\shuriza\\rekap\\rekap\\vendor\\laravel\\framework\\src\\Illuminate\\Foundation\\Http\\Kernel.php(175): Illuminate\\Pipeline\\Pipeline->then(Object(Closure))
#55 C:\\shuriza\\rekap\\rekap\\vendor\\laravel\\framework\\src\\Illuminate\\Foundation\\Http\\Kernel.php(144): Illuminate\\Foundation\\Http\\Kernel->sendRequestThroughRouter(Object(Illuminate\\Http\\Request))
#56 C:\\shuriza\\rekap\\rekap\\vendor\\laravel\\framework\\src\\Illuminate\\Foundation\\Application.php(1219): Illuminate\\Foundation\\Http\\Kernel->handle(Object(Illuminate\\Http\\Request))
#57 C:\\shuriza\\rekap\\rekap\\public\\index.php(20): Illuminate\\Foundation\\Application->handleRequest(Object(Illuminate\\Http\\Request))
#58 C:\\shuriza\\rekap\\rekap\\vendor\\laravel\\framework\\src\\Illuminate\\Foundation\\resources\\server.php(23): require_once('C:\\\\shuriza\\\\reka...')
#59 {main}
"} 
[2025-07-04 07:31:01] local.ERROR: Call to undefined method App\Http\Controllers\AbsensiController::formUpload() {"exception":"[object] (Error(code: 0): Call to undefined method App\\Http\\Controllers\\AbsensiController::formUpload() at C:\\shuriza\\rekap\\rekap\\vendor\\laravel\\framework\\src\\Illuminate\\Routing\\ControllerDispatcher.php:46)
[stacktrace]
#0 C:\\shuriza\\rekap\\rekap\\vendor\\laravel\\framework\\src\\Illuminate\\Routing\\Route.php(265): Illuminate\\Routing\\ControllerDispatcher->dispatch(Object(Illuminate\\Routing\\Route), Object(App\\Http\\Controllers\\AbsensiController), 'formUpload')
#1 C:\\shuriza\\rekap\\rekap\\vendor\\laravel\\framework\\src\\Illuminate\\Routing\\Route.php(211): Illuminate\\Routing\\Route->runController()
#2 C:\\shuriza\\rekap\\rekap\\vendor\\laravel\\framework\\src\\Illuminate\\Routing\\Router.php(808): Illuminate\\Routing\\Route->run()
#3 C:\\shuriza\\rekap\\rekap\\vendor\\laravel\\framework\\src\\Illuminate\\Pipeline\\Pipeline.php(169): Illuminate\\Routing\\Router->Illuminate\\Routing\\{closure}(Object(Illuminate\\Http\\Request))
#4 C:\\shuriza\\rekap\\rekap\\vendor\\laravel\\framework\\src\\Illuminate\\Routing\\Middleware\\SubstituteBindings.php(50): Illuminate\\Pipeline\\Pipeline->Illuminate\\Pipeline\\{closure}(Object(Illuminate\\Http\\Request))
#5 C:\\shuriza\\rekap\\rekap\\vendor\\laravel\\framework\\src\\Illuminate\\Pipeline\\Pipeline.php(208): Illuminate\\Routing\\Middleware\\SubstituteBindings->handle(Object(Illuminate\\Http\\Request), Object(Closure))
#6 C:\\shuriza\\rekap\\rekap\\vendor\\laravel\\framework\\src\\Illuminate\\Foundation\\Http\\Middleware\\VerifyCsrfToken.php(87): Illuminate\\Pipeline\\Pipeline->Illuminate\\Pipeline\\{closure}(Object(Illuminate\\Http\\Request))
#7 C:\\shuriza\\rekap\\rekap\\vendor\\laravel\\framework\\src\\Illuminate\\Pipeline\\Pipeline.php(208): Illuminate\\Foundation\\Http\\Middleware\\VerifyCsrfToken->handle(Object(Illuminate\\Http\\Request), Object(Closure))
#8 C:\\shuriza\\rekap\\rekap\\vendor\\laravel\\framework\\src\\Illuminate\\View\\Middleware\\ShareErrorsFromSession.php(48): Illuminate\\Pipeline\\Pipeline->Illuminate\\Pipeline\\{closure}(Object(Illuminate\\Http\\Request))
#9 C:\\shuriza\\rekap\\rekap\\vendor\\laravel\\framework\\src\\Illuminate\\Pipeline\\Pipeline.php(208): Illuminate\\View\\Middleware\\ShareErrorsFromSession->handle(Object(Illuminate\\Http\\Request), Object(Closure))
#10 C:\\shuriza\\rekap\\rekap\\vendor\\laravel\\framework\\src\\Illuminate\\Session\\Middleware\\StartSession.php(120): Illuminate\\Pipeline\\Pipeline->Illuminate\\Pipeline\\{closure}(Object(Illuminate\\Http\\Request))
#11 C:\\shuriza\\rekap\\rekap\\vendor\\laravel\\framework\\src\\Illuminate\\Session\\Middleware\\StartSession.php(63): Illuminate\\Session\\Middleware\\StartSession->handleStatefulRequest(Object(Illuminate\\Http\\Request), Object(Illuminate\\Session\\Store), Object(Closure))
#12 C:\\shuriza\\rekap\\rekap\\vendor\\laravel\\framework\\src\\Illuminate\\Pipeline\\Pipeline.php(208): Illuminate\\Session\\Middleware\\StartSession->handle(Object(Illuminate\\Http\\Request), Object(Closure))
#13 C:\\shuriza\\rekap\\rekap\\vendor\\laravel\\framework\\src\\Illuminate\\Cookie\\Middleware\\AddQueuedCookiesToResponse.php(36): Illuminate\\Pipeline\\Pipeline->Illuminate\\Pipeline\\{closure}(Object(Illuminate\\Http\\Request))
#14 C:\\shuriza\\rekap\\rekap\\vendor\\laravel\\framework\\src\\Illuminate\\Pipeline\\Pipeline.php(208): Illuminate\\Cookie\\Middleware\\AddQueuedCookiesToResponse->handle(Object(Illuminate\\Http\\Request), Object(Closure))
#15 C:\\shuriza\\rekap\\rekap\\vendor\\laravel\\framework\\src\\Illuminate\\Cookie\\Middleware\\EncryptCookies.php(74): Illuminate\\Pipeline\\Pipeline->Illuminate\\Pipeline\\{closure}(Object(Illuminate\\Http\\Request))
#16 C:\\shuriza\\rekap\\rekap\\vendor\\laravel\\framework\\src\\Illuminate\\Pipeline\\Pipeline.php(208): Illuminate\\Cookie\\Middleware\\EncryptCookies->handle(Object(Illuminate\\Http\\Request), Object(Closure))
#17 C:\\shuriza\\rekap\\rekap\\vendor\\laravel\\framework\\src\\Illuminate\\Pipeline\\Pipeline.php(126): Illuminate\\Pipeline\\Pipeline->Illuminate\\Pipeline\\{closure}(Object(Illuminate\\Http\\Request))
#18 C:\\shuriza\\rekap\\rekap\\vendor\\laravel\\framework\\src\\Illuminate\\Routing\\Router.php(807): Illuminate\\Pipeline\\Pipeline->then(Object(Closure))
#19 C:\\shuriza\\rekap\\rekap\\vendor\\laravel\\framework\\src\\Illuminate\\Routing\\Router.php(786): Illuminate\\Routing\\Router->runRouteWithinStack(Object(Illuminate\\Routing\\Route), Object(Illuminate\\Http\\Request))
#20 C:\\shuriza\\rekap\\rekap\\vendor\\laravel\\framework\\src\\Illuminate\\Routing\\Router.php(750): Illuminate\\Routing\\Router->runRoute(Object(Illuminate\\Http\\Request), Object(Illuminate\\Routing\\Route))
#21 C:\\shuriza\\rekap\\rekap\\vendor\\laravel\\framework\\src\\Illuminate\\Routing\\Router.php(739): Illuminate\\Routing\\Router->dispatchToRoute(Object(Illuminate\\Http\\Request))
#22 C:\\shuriza\\rekap\\rekap\\vendor\\laravel\\framework\\src\\Illuminate\\Foundation\\Http\\Kernel.php(200): Illuminate\\Routing\\Router->dispatch(Object(Illuminate\\Http\\Request))
#23 C:\\shuriza\\rekap\\rekap\\vendor\\laravel\\framework\\src\\Illuminate\\Pipeline\\Pipeline.php(169): Illuminate\\Foundation\\Http\\Kernel->Illuminate\\Foundation\\Http\\{closure}(Object(Illuminate\\Http\\Request))
#24 C:\\shuriza\\rekap\\rekap\\vendor\\laravel\\framework\\src\\Illuminate\\Foundation\\Http\\Middleware\\TransformsRequest.php(21): Illuminate\\Pipeline\\Pipeline->Illuminate\\Pipeline\\{closure}(Object(Illuminate\\Http\\Request))
#25 C:\\shuriza\\rekap\\rekap\\vendor\\laravel\\framework\\src\\Illuminate\\Foundation\\Http\\Middleware\\ConvertEmptyStringsToNull.php(31): Illuminate\\Foundation\\Http\\Middleware\\TransformsRequest->handle(Object(Illuminate\\Http\\Request), Object(Closure))
#26 C:\\shuriza\\rekap\\rekap\\vendor\\laravel\\framework\\src\\Illuminate\\Pipeline\\Pipeline.php(208): Illuminate\\Foundation\\Http\\Middleware\\ConvertEmptyStringsToNull->handle(Object(Illuminate\\Http\\Request), Object(Closure))
#27 C:\\shuriza\\rekap\\rekap\\vendor\\laravel\\framework\\src\\Illuminate\\Foundation\\Http\\Middleware\\TransformsRequest.php(21): Illuminate\\Pipeline\\Pipeline->Illuminate\\Pipeline\\{closure}(Object(Illuminate\\Http\\Request))
#28 C:\\shuriza\\rekap\\rekap\\vendor\\laravel\\framework\\src\\Illuminate\\Foundation\\Http\\Middleware\\TrimStrings.php(51): Illuminate\\Foundation\\Http\\Middleware\\TransformsRequest->handle(Object(Illuminate\\Http\\Request), Object(Closure))
#29 C:\\shuriza\\rekap\\rekap\\vendor\\laravel\\framework\\src\\Illuminate\\Pipeline\\Pipeline.php(208): Illuminate\\Foundation\\Http\\Middleware\\TrimStrings->handle(Object(Illuminate\\Http\\Request), Object(Closure))
#30 C:\\shuriza\\rekap\\rekap\\vendor\\laravel\\framework\\src\\Illuminate\\Http\\Middleware\\ValidatePostSize.php(27): Illuminate\\Pipeline\\Pipeline->Illuminate\\Pipeline\\{closure}(Object(Illuminate\\Http\\Request))
#31 C:\\shuriza\\rekap\\rekap\\vendor\\laravel\\framework\\src\\Illuminate\\Pipeline\\Pipeline.php(208): Illuminate\\Http\\Middleware\\ValidatePostSize->handle(Object(Illuminate\\Http\\Request), Object(Closure))
#32 C:\\shuriza\\rekap\\rekap\\vendor\\laravel\\framework\\src\\Illuminate\\Foundation\\Http\\Middleware\\PreventRequestsDuringMaintenance.php(109): Illuminate\\Pipeline\\Pipeline->Illuminate\\Pipeline\\{closure}(Object(Illuminate\\Http\\Request))
#33 C:\\shuriza\\rekap\\rekap\\vendor\\laravel\\framework\\src\\Illuminate\\Pipeline\\Pipeline.php(208): Illuminate\\Foundation\\Http\\Middleware\\PreventRequestsDuringMaintenance->handle(Object(Illuminate\\Http\\Request), Object(Closure))
#34 C:\\shuriza\\rekap\\rekap\\vendor\\laravel\\framework\\src\\Illuminate\\Http\\Middleware\\HandleCors.php(48): Illuminate\\Pipeline\\Pipeline->Illuminate\\Pipeline\\{closure}(Object(Illuminate\\Http\\Request))
#35 C:\\shuriza\\rekap\\rekap\\vendor\\laravel\\framework\\src\\Illuminate\\Pipeline\\Pipeline.php(208): Illuminate\\Http\\Middleware\\HandleCors->handle(Object(Illuminate\\Http\\Request), Object(Closure))
#36 C:\\shuriza\\rekap\\rekap\\vendor\\laravel\\framework\\src\\Illuminate\\Http\\Middleware\\TrustProxies.php(58): Illuminate\\Pipeline\\Pipeline->Illuminate\\Pipeline\\{closure}(Object(Illuminate\\Http\\Request))
#37 C:\\shuriza\\rekap\\rekap\\vendor\\laravel\\framework\\src\\Illuminate\\Pipeline\\Pipeline.php(208): Illuminate\\Http\\Middleware\\TrustProxies->handle(Object(Illuminate\\Http\\Request), Object(Closure))
#38 C:\\shuriza\\rekap\\rekap\\vendor\\laravel\\framework\\src\\Illuminate\\Foundation\\Http\\Middleware\\InvokeDeferredCallbacks.php(22): Illuminate\\Pipeline\\Pipeline->Illuminate\\Pipeline\\{closure}(Object(Illuminate\\Http\\Request))
#39 C:\\shuriza\\rekap\\rekap\\vendor\\laravel\\framework\\src\\Illuminate\\Pipeline\\Pipeline.php(208): Illuminate\\Foundation\\Http\\Middleware\\InvokeDeferredCallbacks->handle(Object(Illuminate\\Http\\Request), Object(Closure))
#40 C:\\shuriza\\rekap\\rekap\\vendor\\laravel\\framework\\src\\Illuminate\\Http\\Middleware\\ValidatePathEncoding.php(26): Illuminate\\Pipeline\\Pipeline->Illuminate\\Pipeline\\{closure}(Object(Illuminate\\Http\\Request))
#41 C:\\shuriza\\rekap\\rekap\\vendor\\laravel\\framework\\src\\Illuminate\\Pipeline\\Pipeline.php(208): Illuminate\\Http\\Middleware\\ValidatePathEncoding->handle(Object(Illuminate\\Http\\Request), Object(Closure))
#42 C:\\shuriza\\rekap\\rekap\\vendor\\laravel\\framework\\src\\Illuminate\\Pipeline\\Pipeline.php(126): Illuminate\\Pipeline\\Pipeline->Illuminate\\Pipeline\\{closure}(Object(Illuminate\\Http\\Request))
#43 C:\\shuriza\\rekap\\rekap\\vendor\\laravel\\framework\\src\\Illuminate\\Foundation\\Http\\Kernel.php(175): Illuminate\\Pipeline\\Pipeline->then(Object(Closure))
#44 C:\\shuriza\\rekap\\rekap\\vendor\\laravel\\framework\\src\\Illuminate\\Foundation\\Http\\Kernel.php(144): Illuminate\\Foundation\\Http\\Kernel->sendRequestThroughRouter(Object(Illuminate\\Http\\Request))
#45 C:\\shuriza\\rekap\\rekap\\vendor\\laravel\\framework\\src\\Illuminate\\Foundation\\Application.php(1219): Illuminate\\Foundation\\Http\\Kernel->handle(Object(Illuminate\\Http\\Request))
#46 C:\\shuriza\\rekap\\rekap\\public\\index.php(20): Illuminate\\Foundation\\Application->handleRequest(Object(Illuminate\\Http\\Request))
#47 C:\\shuriza\\rekap\\rekap\\vendor\\laravel\\framework\\src\\Illuminate\\Foundation\\resources\\server.php(23): require_once('C:\\\\shuriza\\\\reka...')
#48 {main}
"} 
[2025-07-07 01:33:40] local.ERROR: SQLSTATE[42S22]: Column not found: 1054 Unknown column 'nip' in 'field list' (Connection: mysql, SQL: select `id`, `nip`, `nama` from `karyawans` where `nama` like %% or `nip` like %% limit 10) {"exception":"[object] (Illuminate\\Database\\QueryException(code: 42S22): SQLSTATE[42S22]: Column not found: 1054 Unknown column 'nip' in 'field list' (Connection: mysql, SQL: select `id`, `nip`, `nama` from `karyawans` where `nama` like %% or `nip` like %% limit 10) at C:\\shuriza\\rekap\\rekap\\vendor\\laravel\\framework\\src\\Illuminate\\Database\\Connection.php:822)
[stacktrace]
#0 C:\\shuriza\\rekap\\rekap\\vendor\\laravel\\framework\\src\\Illuminate\\Database\\Connection.php(776): Illuminate\\Database\\Connection->runQueryCallback('select `id`, `n...', Array, Object(Closure))
#1 C:\\shuriza\\rekap\\rekap\\vendor\\laravel\\framework\\src\\Illuminate\\Database\\Connection.php(395): Illuminate\\Database\\Connection->run('select `id`, `n...', Array, Object(Closure))
#2 C:\\shuriza\\rekap\\rekap\\vendor\\laravel\\framework\\src\\Illuminate\\Database\\Query\\Builder.php(3107): Illuminate\\Database\\Connection->select('select `id`, `n...', Array, true)
#3 C:\\shuriza\\rekap\\rekap\\vendor\\laravel\\framework\\src\\Illuminate\\Database\\Query\\Builder.php(3092): Illuminate\\Database\\Query\\Builder->runSelect()
#4 C:\\shuriza\\rekap\\rekap\\vendor\\laravel\\framework\\src\\Illuminate\\Database\\Query\\Builder.php(3679): Illuminate\\Database\\Query\\Builder->Illuminate\\Database\\Query\\{closure}()
#5 C:\\shuriza\\rekap\\rekap\\vendor\\laravel\\framework\\src\\Illuminate\\Database\\Query\\Builder.php(3091): Illuminate\\Database\\Query\\Builder->onceWithColumns(Array, Object(Closure))
#6 C:\\shuriza\\rekap\\rekap\\vendor\\laravel\\framework\\src\\Illuminate\\Database\\Eloquent\\Builder.php(871): Illuminate\\Database\\Query\\Builder->get(Array)
#7 C:\\shuriza\\rekap\\rekap\\vendor\\laravel\\framework\\src\\Illuminate\\Database\\Eloquent\\Builder.php(853): Illuminate\\Database\\Eloquent\\Builder->getModels(Array)
#8 C:\\shuriza\\rekap\\rekap\\app\\Http\\Controllers\\IzinPresensiController.php(69): Illuminate\\Database\\Eloquent\\Builder->get(Array)
#9 C:\\shuriza\\rekap\\rekap\\vendor\\laravel\\framework\\src\\Illuminate\\Routing\\ControllerDispatcher.php(46): App\\Http\\Controllers\\IzinPresensiController->searchKaryawan(Object(Illuminate\\Http\\Request))
#10 C:\\shuriza\\rekap\\rekap\\vendor\\laravel\\framework\\src\\Illuminate\\Routing\\Route.php(265): Illuminate\\Routing\\ControllerDispatcher->dispatch(Object(Illuminate\\Routing\\Route), Object(App\\Http\\Controllers\\IzinPresensiController), 'searchKaryawan')
#11 C:\\shuriza\\rekap\\rekap\\vendor\\laravel\\framework\\src\\Illuminate\\Routing\\Route.php(211): Illuminate\\Routing\\Route->runController()
#12 C:\\shuriza\\rekap\\rekap\\vendor\\laravel\\framework\\src\\Illuminate\\Routing\\Router.php(808): Illuminate\\Routing\\Route->run()
#13 C:\\shuriza\\rekap\\rekap\\vendor\\laravel\\framework\\src\\Illuminate\\Pipeline\\Pipeline.php(169): Illuminate\\Routing\\Router->Illuminate\\Routing\\{closure}(Object(Illuminate\\Http\\Request))
#14 C:\\shuriza\\rekap\\rekap\\vendor\\laravel\\framework\\src\\Illuminate\\Routing\\Middleware\\SubstituteBindings.php(50): Illuminate\\Pipeline\\Pipeline->Illuminate\\Pipeline\\{closure}(Object(Illuminate\\Http\\Request))
#15 C:\\shuriza\\rekap\\rekap\\vendor\\laravel\\framework\\src\\Illuminate\\Pipeline\\Pipeline.php(208): Illuminate\\Routing\\Middleware\\SubstituteBindings->handle(Object(Illuminate\\Http\\Request), Object(Closure))
#16 C:\\shuriza\\rekap\\rekap\\vendor\\laravel\\framework\\src\\Illuminate\\Foundation\\Http\\Middleware\\VerifyCsrfToken.php(87): Illuminate\\Pipeline\\Pipeline->Illuminate\\Pipeline\\{closure}(Object(Illuminate\\Http\\Request))
#17 C:\\shuriza\\rekap\\rekap\\vendor\\laravel\\framework\\src\\Illuminate\\Pipeline\\Pipeline.php(208): Illuminate\\Foundation\\Http\\Middleware\\VerifyCsrfToken->handle(Object(Illuminate\\Http\\Request), Object(Closure))
#18 C:\\shuriza\\rekap\\rekap\\vendor\\laravel\\framework\\src\\Illuminate\\View\\Middleware\\ShareErrorsFromSession.php(48): Illuminate\\Pipeline\\Pipeline->Illuminate\\Pipeline\\{closure}(Object(Illuminate\\Http\\Request))
#19 C:\\shuriza\\rekap\\rekap\\vendor\\laravel\\framework\\src\\Illuminate\\Pipeline\\Pipeline.php(208): Illuminate\\View\\Middleware\\ShareErrorsFromSession->handle(Object(Illuminate\\Http\\Request), Object(Closure))
#20 C:\\shuriza\\rekap\\rekap\\vendor\\laravel\\framework\\src\\Illuminate\\Session\\Middleware\\StartSession.php(120): Illuminate\\Pipeline\\Pipeline->Illuminate\\Pipeline\\{closure}(Object(Illuminate\\Http\\Request))
#21 C:\\shuriza\\rekap\\rekap\\vendor\\laravel\\framework\\src\\Illuminate\\Session\\Middleware\\StartSession.php(63): Illuminate\\Session\\Middleware\\StartSession->handleStatefulRequest(Object(Illuminate\\Http\\Request), Object(Illuminate\\Session\\Store), Object(Closure))
#22 C:\\shuriza\\rekap\\rekap\\vendor\\laravel\\framework\\src\\Illuminate\\Pipeline\\Pipeline.php(208): Illuminate\\Session\\Middleware\\StartSession->handle(Object(Illuminate\\Http\\Request), Object(Closure))
#23 C:\\shuriza\\rekap\\rekap\\vendor\\laravel\\framework\\src\\Illuminate\\Cookie\\Middleware\\AddQueuedCookiesToResponse.php(36): Illuminate\\Pipeline\\Pipeline->Illuminate\\Pipeline\\{closure}(Object(Illuminate\\Http\\Request))
#24 C:\\shuriza\\rekap\\rekap\\vendor\\laravel\\framework\\src\\Illuminate\\Pipeline\\Pipeline.php(208): Illuminate\\Cookie\\Middleware\\AddQueuedCookiesToResponse->handle(Object(Illuminate\\Http\\Request), Object(Closure))
#25 C:\\shuriza\\rekap\\rekap\\vendor\\laravel\\framework\\src\\Illuminate\\Cookie\\Middleware\\EncryptCookies.php(74): Illuminate\\Pipeline\\Pipeline->Illuminate\\Pipeline\\{closure}(Object(Illuminate\\Http\\Request))
#26 C:\\shuriza\\rekap\\rekap\\vendor\\laravel\\framework\\src\\Illuminate\\Pipeline\\Pipeline.php(208): Illuminate\\Cookie\\Middleware\\EncryptCookies->handle(Object(Illuminate\\Http\\Request), Object(Closure))
#27 C:\\shuriza\\rekap\\rekap\\vendor\\laravel\\framework\\src\\Illuminate\\Pipeline\\Pipeline.php(126): Illuminate\\Pipeline\\Pipeline->Illuminate\\Pipeline\\{closure}(Object(Illuminate\\Http\\Request))
#28 C:\\shuriza\\rekap\\rekap\\vendor\\laravel\\framework\\src\\Illuminate\\Routing\\Router.php(807): Illuminate\\Pipeline\\Pipeline->then(Object(Closure))
#29 C:\\shuriza\\rekap\\rekap\\vendor\\laravel\\framework\\src\\Illuminate\\Routing\\Router.php(786): Illuminate\\Routing\\Router->runRouteWithinStack(Object(Illuminate\\Routing\\Route), Object(Illuminate\\Http\\Request))
#30 C:\\shuriza\\rekap\\rekap\\vendor\\laravel\\framework\\src\\Illuminate\\Routing\\Router.php(750): Illuminate\\Routing\\Router->runRoute(Object(Illuminate\\Http\\Request), Object(Illuminate\\Routing\\Route))
#31 C:\\shuriza\\rekap\\rekap\\vendor\\laravel\\framework\\src\\Illuminate\\Routing\\Router.php(739): Illuminate\\Routing\\Router->dispatchToRoute(Object(Illuminate\\Http\\Request))
#32 C:\\shuriza\\rekap\\rekap\\vendor\\laravel\\framework\\src\\Illuminate\\Foundation\\Http\\Kernel.php(200): Illuminate\\Routing\\Router->dispatch(Object(Illuminate\\Http\\Request))
#33 C:\\shuriza\\rekap\\rekap\\vendor\\laravel\\framework\\src\\Illuminate\\Pipeline\\Pipeline.php(169): Illuminate\\Foundation\\Http\\Kernel->Illuminate\\Foundation\\Http\\{closure}(Object(Illuminate\\Http\\Request))
#34 C:\\shuriza\\rekap\\rekap\\vendor\\laravel\\framework\\src\\Illuminate\\Foundation\\Http\\Middleware\\TransformsRequest.php(21): Illuminate\\Pipeline\\Pipeline->Illuminate\\Pipeline\\{closure}(Object(Illuminate\\Http\\Request))
#35 C:\\shuriza\\rekap\\rekap\\vendor\\laravel\\framework\\src\\Illuminate\\Foundation\\Http\\Middleware\\ConvertEmptyStringsToNull.php(31): Illuminate\\Foundation\\Http\\Middleware\\TransformsRequest->handle(Object(Illuminate\\Http\\Request), Object(Closure))
#36 C:\\shuriza\\rekap\\rekap\\vendor\\laravel\\framework\\src\\Illuminate\\Pipeline\\Pipeline.php(208): Illuminate\\Foundation\\Http\\Middleware\\ConvertEmptyStringsToNull->handle(Object(Illuminate\\Http\\Request), Object(Closure))
#37 C:\\shuriza\\rekap\\rekap\\vendor\\laravel\\framework\\src\\Illuminate\\Foundation\\Http\\Middleware\\TransformsRequest.php(21): Illuminate\\Pipeline\\Pipeline->Illuminate\\Pipeline\\{closure}(Object(Illuminate\\Http\\Request))
#38 C:\\shuriza\\rekap\\rekap\\vendor\\laravel\\framework\\src\\Illuminate\\Foundation\\Http\\Middleware\\TrimStrings.php(51): Illuminate\\Foundation\\Http\\Middleware\\TransformsRequest->handle(Object(Illuminate\\Http\\Request), Object(Closure))
#39 C:\\shuriza\\rekap\\rekap\\vendor\\laravel\\framework\\src\\Illuminate\\Pipeline\\Pipeline.php(208): Illuminate\\Foundation\\Http\\Middleware\\TrimStrings->handle(Object(Illuminate\\Http\\Request), Object(Closure))
#40 C:\\shuriza\\rekap\\rekap\\vendor\\laravel\\framework\\src\\Illuminate\\Http\\Middleware\\ValidatePostSize.php(27): Illuminate\\Pipeline\\Pipeline->Illuminate\\Pipeline\\{closure}(Object(Illuminate\\Http\\Request))
#41 C:\\shuriza\\rekap\\rekap\\vendor\\laravel\\framework\\src\\Illuminate\\Pipeline\\Pipeline.php(208): Illuminate\\Http\\Middleware\\ValidatePostSize->handle(Object(Illuminate\\Http\\Request), Object(Closure))
#42 C:\\shuriza\\rekap\\rekap\\vendor\\laravel\\framework\\src\\Illuminate\\Foundation\\Http\\Middleware\\PreventRequestsDuringMaintenance.php(109): Illuminate\\Pipeline\\Pipeline->Illuminate\\Pipeline\\{closure}(Object(Illuminate\\Http\\Request))
#43 C:\\shuriza\\rekap\\rekap\\vendor\\laravel\\framework\\src\\Illuminate\\Pipeline\\Pipeline.php(208): Illuminate\\Foundation\\Http\\Middleware\\PreventRequestsDuringMaintenance->handle(Object(Illuminate\\Http\\Request), Object(Closure))
#44 C:\\shuriza\\rekap\\rekap\\vendor\\laravel\\framework\\src\\Illuminate\\Http\\Middleware\\HandleCors.php(48): Illuminate\\Pipeline\\Pipeline->Illuminate\\Pipeline\\{closure}(Object(Illuminate\\Http\\Request))
#45 C:\\shuriza\\rekap\\rekap\\vendor\\laravel\\framework\\src\\Illuminate\\Pipeline\\Pipeline.php(208): Illuminate\\Http\\Middleware\\HandleCors->handle(Object(Illuminate\\Http\\Request), Object(Closure))
#46 C:\\shuriza\\rekap\\rekap\\vendor\\laravel\\framework\\src\\Illuminate\\Http\\Middleware\\TrustProxies.php(58): Illuminate\\Pipeline\\Pipeline->Illuminate\\Pipeline\\{closure}(Object(Illuminate\\Http\\Request))
#47 C:\\shuriza\\rekap\\rekap\\vendor\\laravel\\framework\\src\\Illuminate\\Pipeline\\Pipeline.php(208): Illuminate\\Http\\Middleware\\TrustProxies->handle(Object(Illuminate\\Http\\Request), Object(Closure))
#48 C:\\shuriza\\rekap\\rekap\\vendor\\laravel\\framework\\src\\Illuminate\\Foundation\\Http\\Middleware\\InvokeDeferredCallbacks.php(22): Illuminate\\Pipeline\\Pipeline->Illuminate\\Pipeline\\{closure}(Object(Illuminate\\Http\\Request))
#49 C:\\shuriza\\rekap\\rekap\\vendor\\laravel\\framework\\src\\Illuminate\\Pipeline\\Pipeline.php(208): Illuminate\\Foundation\\Http\\Middleware\\InvokeDeferredCallbacks->handle(Object(Illuminate\\Http\\Request), Object(Closure))
#50 C:\\shuriza\\rekap\\rekap\\vendor\\laravel\\framework\\src\\Illuminate\\Http\\Middleware\\ValidatePathEncoding.php(26): Illuminate\\Pipeline\\Pipeline->Illuminate\\Pipeline\\{closure}(Object(Illuminate\\Http\\Request))
#51 C:\\shuriza\\rekap\\rekap\\vendor\\laravel\\framework\\src\\Illuminate\\Pipeline\\Pipeline.php(208): Illuminate\\Http\\Middleware\\ValidatePathEncoding->handle(Object(Illuminate\\Http\\Request), Object(Closure))
#52 C:\\shuriza\\rekap\\rekap\\vendor\\laravel\\framework\\src\\Illuminate\\Pipeline\\Pipeline.php(126): Illuminate\\Pipeline\\Pipeline->Illuminate\\Pipeline\\{closure}(Object(Illuminate\\Http\\Request))
#53 C:\\shuriza\\rekap\\rekap\\vendor\\laravel\\framework\\src\\Illuminate\\Foundation\\Http\\Kernel.php(175): Illuminate\\Pipeline\\Pipeline->then(Object(Closure))
#54 C:\\shuriza\\rekap\\rekap\\vendor\\laravel\\framework\\src\\Illuminate\\Foundation\\Http\\Kernel.php(144): Illuminate\\Foundation\\Http\\Kernel->sendRequestThroughRouter(Object(Illuminate\\Http\\Request))
#55 C:\\shuriza\\rekap\\rekap\\vendor\\laravel\\framework\\src\\Illuminate\\Foundation\\Application.php(1219): Illuminate\\Foundation\\Http\\Kernel->handle(Object(Illuminate\\Http\\Request))
#56 C:\\shuriza\\rekap\\rekap\\public\\index.php(20): Illuminate\\Foundation\\Application->handleRequest(Object(Illuminate\\Http\\Request))
#57 C:\\shuriza\\rekap\\rekap\\vendor\\laravel\\framework\\src\\Illuminate\\Foundation\\resources\\server.php(23): require_once('C:\\\\shuriza\\\\reka...')
#58 {main}

[previous exception] [object] (PDOException(code: 42S22): SQLSTATE[42S22]: Column not found: 1054 Unknown column 'nip' in 'field list' at C:\\shuriza\\rekap\\rekap\\vendor\\laravel\\framework\\src\\Illuminate\\Database\\Connection.php:404)
[stacktrace]
#0 C:\\shuriza\\rekap\\rekap\\vendor\\laravel\\framework\\src\\Illuminate\\Database\\Connection.php(404): PDO->prepare('select `id`, `n...')
#1 C:\\shuriza\\rekap\\rekap\\vendor\\laravel\\framework\\src\\Illuminate\\Database\\Connection.php(809): Illuminate\\Database\\Connection->Illuminate\\Database\\{closure}('select `id`, `n...', Array)
#2 C:\\shuriza\\rekap\\rekap\\vendor\\laravel\\framework\\src\\Illuminate\\Database\\Connection.php(776): Illuminate\\Database\\Connection->runQueryCallback('select `id`, `n...', Array, Object(Closure))
#3 C:\\shuriza\\rekap\\rekap\\vendor\\laravel\\framework\\src\\Illuminate\\Database\\Connection.php(395): Illuminate\\Database\\Connection->run('select `id`, `n...', Array, Object(Closure))
#4 C:\\shuriza\\rekap\\rekap\\vendor\\laravel\\framework\\src\\Illuminate\\Database\\Query\\Builder.php(3107): Illuminate\\Database\\Connection->select('select `id`, `n...', Array, true)
#5 C:\\shuriza\\rekap\\rekap\\vendor\\laravel\\framework\\src\\Illuminate\\Database\\Query\\Builder.php(3092): Illuminate\\Database\\Query\\Builder->runSelect()
#6 C:\\shuriza\\rekap\\rekap\\vendor\\laravel\\framework\\src\\Illuminate\\Database\\Query\\Builder.php(3679): Illuminate\\Database\\Query\\Builder->Illuminate\\Database\\Query\\{closure}()
#7 C:\\shuriza\\rekap\\rekap\\vendor\\laravel\\framework\\src\\Illuminate\\Database\\Query\\Builder.php(3091): Illuminate\\Database\\Query\\Builder->onceWithColumns(Array, Object(Closure))
#8 C:\\shuriza\\rekap\\rekap\\vendor\\laravel\\framework\\src\\Illuminate\\Database\\Eloquent\\Builder.php(871): Illuminate\\Database\\Query\\Builder->get(Array)
#9 C:\\shuriza\\rekap\\rekap\\vendor\\laravel\\framework\\src\\Illuminate\\Database\\Eloquent\\Builder.php(853): Illuminate\\Database\\Eloquent\\Builder->getModels(Array)
#10 C:\\shuriza\\rekap\\rekap\\app\\Http\\Controllers\\IzinPresensiController.php(69): Illuminate\\Database\\Eloquent\\Builder->get(Array)
#11 C:\\shuriza\\rekap\\rekap\\vendor\\laravel\\framework\\src\\Illuminate\\Routing\\ControllerDispatcher.php(46): App\\Http\\Controllers\\IzinPresensiController->searchKaryawan(Object(Illuminate\\Http\\Request))
#12 C:\\shuriza\\rekap\\rekap\\vendor\\laravel\\framework\\src\\Illuminate\\Routing\\Route.php(265): Illuminate\\Routing\\ControllerDispatcher->dispatch(Object(Illuminate\\Routing\\Route), Object(App\\Http\\Controllers\\IzinPresensiController), 'searchKaryawan')
#13 C:\\shuriza\\rekap\\rekap\\vendor\\laravel\\framework\\src\\Illuminate\\Routing\\Route.php(211): Illuminate\\Routing\\Route->runController()
#14 C:\\shuriza\\rekap\\rekap\\vendor\\laravel\\framework\\src\\Illuminate\\Routing\\Router.php(808): Illuminate\\Routing\\Route->run()
#15 C:\\shuriza\\rekap\\rekap\\vendor\\laravel\\framework\\src\\Illuminate\\Pipeline\\Pipeline.php(169): Illuminate\\Routing\\Router->Illuminate\\Routing\\{closure}(Object(Illuminate\\Http\\Request))
#16 C:\\shuriza\\rekap\\rekap\\vendor\\laravel\\framework\\src\\Illuminate\\Routing\\Middleware\\SubstituteBindings.php(50): Illuminate\\Pipeline\\Pipeline->Illuminate\\Pipeline\\{closure}(Object(Illuminate\\Http\\Request))
#17 C:\\shuriza\\rekap\\rekap\\vendor\\laravel\\framework\\src\\Illuminate\\Pipeline\\Pipeline.php(208): Illuminate\\Routing\\Middleware\\SubstituteBindings->handle(Object(Illuminate\\Http\\Request), Object(Closure))
#18 C:\\shuriza\\rekap\\rekap\\vendor\\laravel\\framework\\src\\Illuminate\\Foundation\\Http\\Middleware\\VerifyCsrfToken.php(87): Illuminate\\Pipeline\\Pipeline->Illuminate\\Pipeline\\{closure}(Object(Illuminate\\Http\\Request))
#19 C:\\shuriza\\rekap\\rekap\\vendor\\laravel\\framework\\src\\Illuminate\\Pipeline\\Pipeline.php(208): Illuminate\\Foundation\\Http\\Middleware\\VerifyCsrfToken->handle(Object(Illuminate\\Http\\Request), Object(Closure))
#20 C:\\shuriza\\rekap\\rekap\\vendor\\laravel\\framework\\src\\Illuminate\\View\\Middleware\\ShareErrorsFromSession.php(48): Illuminate\\Pipeline\\Pipeline->Illuminate\\Pipeline\\{closure}(Object(Illuminate\\Http\\Request))
#21 C:\\shuriza\\rekap\\rekap\\vendor\\laravel\\framework\\src\\Illuminate\\Pipeline\\Pipeline.php(208): Illuminate\\View\\Middleware\\ShareErrorsFromSession->handle(Object(Illuminate\\Http\\Request), Object(Closure))
#22 C:\\shuriza\\rekap\\rekap\\vendor\\laravel\\framework\\src\\Illuminate\\Session\\Middleware\\StartSession.php(120): Illuminate\\Pipeline\\Pipeline->Illuminate\\Pipeline\\{closure}(Object(Illuminate\\Http\\Request))
#23 C:\\shuriza\\rekap\\rekap\\vendor\\laravel\\framework\\src\\Illuminate\\Session\\Middleware\\StartSession.php(63): Illuminate\\Session\\Middleware\\StartSession->handleStatefulRequest(Object(Illuminate\\Http\\Request), Object(Illuminate\\Session\\Store), Object(Closure))
#24 C:\\shuriza\\rekap\\rekap\\vendor\\laravel\\framework\\src\\Illuminate\\Pipeline\\Pipeline.php(208): Illuminate\\Session\\Middleware\\StartSession->handle(Object(Illuminate\\Http\\Request), Object(Closure))
#25 C:\\shuriza\\rekap\\rekap\\vendor\\laravel\\framework\\src\\Illuminate\\Cookie\\Middleware\\AddQueuedCookiesToResponse.php(36): Illuminate\\Pipeline\\Pipeline->Illuminate\\Pipeline\\{closure}(Object(Illuminate\\Http\\Request))
#26 C:\\shuriza\\rekap\\rekap\\vendor\\laravel\\framework\\src\\Illuminate\\Pipeline\\Pipeline.php(208): Illuminate\\Cookie\\Middleware\\AddQueuedCookiesToResponse->handle(Object(Illuminate\\Http\\Request), Object(Closure))
#27 C:\\shuriza\\rekap\\rekap\\vendor\\laravel\\framework\\src\\Illuminate\\Cookie\\Middleware\\EncryptCookies.php(74): Illuminate\\Pipeline\\Pipeline->Illuminate\\Pipeline\\{closure}(Object(Illuminate\\Http\\Request))
#28 C:\\shuriza\\rekap\\rekap\\vendor\\laravel\\framework\\src\\Illuminate\\Pipeline\\Pipeline.php(208): Illuminate\\Cookie\\Middleware\\EncryptCookies->handle(Object(Illuminate\\Http\\Request), Object(Closure))
#29 C:\\shuriza\\rekap\\rekap\\vendor\\laravel\\framework\\src\\Illuminate\\Pipeline\\Pipeline.php(126): Illuminate\\Pipeline\\Pipeline->Illuminate\\Pipeline\\{closure}(Object(Illuminate\\Http\\Request))
#30 C:\\shuriza\\rekap\\rekap\\vendor\\laravel\\framework\\src\\Illuminate\\Routing\\Router.php(807): Illuminate\\Pipeline\\Pipeline->then(Object(Closure))
#31 C:\\shuriza\\rekap\\rekap\\vendor\\laravel\\framework\\src\\Illuminate\\Routing\\Router.php(786): Illuminate\\Routing\\Router->runRouteWithinStack(Object(Illuminate\\Routing\\Route), Object(Illuminate\\Http\\Request))
#32 C:\\shuriza\\rekap\\rekap\\vendor\\laravel\\framework\\src\\Illuminate\\Routing\\Router.php(750): Illuminate\\Routing\\Router->runRoute(Object(Illuminate\\Http\\Request), Object(Illuminate\\Routing\\Route))
#33 C:\\shuriza\\rekap\\rekap\\vendor\\laravel\\framework\\src\\Illuminate\\Routing\\Router.php(739): Illuminate\\Routing\\Router->dispatchToRoute(Object(Illuminate\\Http\\Request))
#34 C:\\shuriza\\rekap\\rekap\\vendor\\laravel\\framework\\src\\Illuminate\\Foundation\\Http\\Kernel.php(200): Illuminate\\Routing\\Router->dispatch(Object(Illuminate\\Http\\Request))
#35 C:\\shuriza\\rekap\\rekap\\vendor\\laravel\\framework\\src\\Illuminate\\Pipeline\\Pipeline.php(169): Illuminate\\Foundation\\Http\\Kernel->Illuminate\\Foundation\\Http\\{closure}(Object(Illuminate\\Http\\Request))
#36 C:\\shuriza\\rekap\\rekap\\vendor\\laravel\\framework\\src\\Illuminate\\Foundation\\Http\\Middleware\\TransformsRequest.php(21): Illuminate\\Pipeline\\Pipeline->Illuminate\\Pipeline\\{closure}(Object(Illuminate\\Http\\Request))
#37 C:\\shuriza\\rekap\\rekap\\vendor\\laravel\\framework\\src\\Illuminate\\Foundation\\Http\\Middleware\\ConvertEmptyStringsToNull.php(31): Illuminate\\Foundation\\Http\\Middleware\\TransformsRequest->handle(Object(Illuminate\\Http\\Request), Object(Closure))
#38 C:\\shuriza\\rekap\\rekap\\vendor\\laravel\\framework\\src\\Illuminate\\Pipeline\\Pipeline.php(208): Illuminate\\Foundation\\Http\\Middleware\\ConvertEmptyStringsToNull->handle(Object(Illuminate\\Http\\Request), Object(Closure))
#39 C:\\shuriza\\rekap\\rekap\\vendor\\laravel\\framework\\src\\Illuminate\\Foundation\\Http\\Middleware\\TransformsRequest.php(21): Illuminate\\Pipeline\\Pipeline->Illuminate\\Pipeline\\{closure}(Object(Illuminate\\Http\\Request))
#40 C:\\shuriza\\rekap\\rekap\\vendor\\laravel\\framework\\src\\Illuminate\\Foundation\\Http\\Middleware\\TrimStrings.php(51): Illuminate\\Foundation\\Http\\Middleware\\TransformsRequest->handle(Object(Illuminate\\Http\\Request), Object(Closure))
#41 C:\\shuriza\\rekap\\rekap\\vendor\\laravel\\framework\\src\\Illuminate\\Pipeline\\Pipeline.php(208): Illuminate\\Foundation\\Http\\Middleware\\TrimStrings->handle(Object(Illuminate\\Http\\Request), Object(Closure))
#42 C:\\shuriza\\rekap\\rekap\\vendor\\laravel\\framework\\src\\Illuminate\\Http\\Middleware\\ValidatePostSize.php(27): Illuminate\\Pipeline\\Pipeline->Illuminate\\Pipeline\\{closure}(Object(Illuminate\\Http\\Request))
#43 C:\\shuriza\\rekap\\rekap\\vendor\\laravel\\framework\\src\\Illuminate\\Pipeline\\Pipeline.php(208): Illuminate\\Http\\Middleware\\ValidatePostSize->handle(Object(Illuminate\\Http\\Request), Object(Closure))
#44 C:\\shuriza\\rekap\\rekap\\vendor\\laravel\\framework\\src\\Illuminate\\Foundation\\Http\\Middleware\\PreventRequestsDuringMaintenance.php(109): Illuminate\\Pipeline\\Pipeline->Illuminate\\Pipeline\\{closure}(Object(Illuminate\\Http\\Request))
#45 C:\\shuriza\\rekap\\rekap\\vendor\\laravel\\framework\\src\\Illuminate\\Pipeline\\Pipeline.php(208): Illuminate\\Foundation\\Http\\Middleware\\PreventRequestsDuringMaintenance->handle(Object(Illuminate\\Http\\Request), Object(Closure))
#46 C:\\shuriza\\rekap\\rekap\\vendor\\laravel\\framework\\src\\Illuminate\\Http\\Middleware\\HandleCors.php(48): Illuminate\\Pipeline\\Pipeline->Illuminate\\Pipeline\\{closure}(Object(Illuminate\\Http\\Request))
#47 C:\\shuriza\\rekap\\rekap\\vendor\\laravel\\framework\\src\\Illuminate\\Pipeline\\Pipeline.php(208): Illuminate\\Http\\Middleware\\HandleCors->handle(Object(Illuminate\\Http\\Request), Object(Closure))
#48 C:\\shuriza\\rekap\\rekap\\vendor\\laravel\\framework\\src\\Illuminate\\Http\\Middleware\\TrustProxies.php(58): Illuminate\\Pipeline\\Pipeline->Illuminate\\Pipeline\\{closure}(Object(Illuminate\\Http\\Request))
#49 C:\\shuriza\\rekap\\rekap\\vendor\\laravel\\framework\\src\\Illuminate\\Pipeline\\Pipeline.php(208): Illuminate\\Http\\Middleware\\TrustProxies->handle(Object(Illuminate\\Http\\Request), Object(Closure))
#50 C:\\shuriza\\rekap\\rekap\\vendor\\laravel\\framework\\src\\Illuminate\\Foundation\\Http\\Middleware\\InvokeDeferredCallbacks.php(22): Illuminate\\Pipeline\\Pipeline->Illuminate\\Pipeline\\{closure}(Object(Illuminate\\Http\\Request))
#51 C:\\shuriza\\rekap\\rekap\\vendor\\laravel\\framework\\src\\Illuminate\\Pipeline\\Pipeline.php(208): Illuminate\\Foundation\\Http\\Middleware\\InvokeDeferredCallbacks->handle(Object(Illuminate\\Http\\Request), Object(Closure))
#52 C:\\shuriza\\rekap\\rekap\\vendor\\laravel\\framework\\src\\Illuminate\\Http\\Middleware\\ValidatePathEncoding.php(26): Illuminate\\Pipeline\\Pipeline->Illuminate\\Pipeline\\{closure}(Object(Illuminate\\Http\\Request))
#53 C:\\shuriza\\rekap\\rekap\\vendor\\laravel\\framework\\src\\Illuminate\\Pipeline\\Pipeline.php(208): Illuminate\\Http\\Middleware\\ValidatePathEncoding->handle(Object(Illuminate\\Http\\Request), Object(Closure))
#54 C:\\shuriza\\rekap\\rekap\\vendor\\laravel\\framework\\src\\Illuminate\\Pipeline\\Pipeline.php(126): Illuminate\\Pipeline\\Pipeline->Illuminate\\Pipeline\\{closure}(Object(Illuminate\\Http\\Request))
#55 C:\\shuriza\\rekap\\rekap\\vendor\\laravel\\framework\\src\\Illuminate\\Foundation\\Http\\Kernel.php(175): Illuminate\\Pipeline\\Pipeline->then(Object(Closure))
#56 C:\\shuriza\\rekap\\rekap\\vendor\\laravel\\framework\\src\\Illuminate\\Foundation\\Http\\Kernel.php(144): Illuminate\\Foundation\\Http\\Kernel->sendRequestThroughRouter(Object(Illuminate\\Http\\Request))
#57 C:\\shuriza\\rekap\\rekap\\vendor\\laravel\\framework\\src\\Illuminate\\Foundation\\Application.php(1219): Illuminate\\Foundation\\Http\\Kernel->handle(Object(Illuminate\\Http\\Request))
#58 C:\\shuriza\\rekap\\rekap\\public\\index.php(20): Illuminate\\Foundation\\Application->handleRequest(Object(Illuminate\\Http\\Request))
#59 C:\\shuriza\\rekap\\rekap\\vendor\\laravel\\framework\\src\\Illuminate\\Foundation\\resources\\server.php(23): require_once('C:\\\\shuriza\\\\reka...')
#60 {main}
"} 
